0.052467,0.18776,-0.15845,0.19652,0.037783,0.10089,0.02083,0.096397,0.18958,-0.16617,-0.0063267,0.10275,-0.1176,-0.066369,-0.047502,-0.090355,-0.17201,-0.10218,-0.040442,-0.044799,-0.096513,-0.13873,0.049647,-0.016385,0.11665,-0.033287,0.097105,-0.10378,0.085765,0.01938,-0.015724,0.13708,0.048282,0.099234,-0.088925,0.053908,0.21219,0.17485,0.00020781,-0.017058,-0.19027,0.040886,-0.07255,-0.016074,0.047377,-0.015672,0.11539,0.15989,-0.22538,-0.20761,0.0080953,-0.18017,0.078052,0.15721,-0.17513,-0.045211,-0.1068,0.054015,-0.17766,0.1242,-0.25024,0.17433,0.013332,0.025918,-0.1507,-0.15856,0.10949,-0.057407,0.074728,-0.041192,0.057424,0.055543,0.053315,-0.085308,0.099335,-0.16409,0.29471,0.011763,0.025483,-0.079556,0.09219,-0.13986,0.080059,-0.20821,-0.23517,-0.13114,-0.056091,0.18412,-0.019789,0.037909,-0.042742,-0.090027,0.095233,-0.22218,-0.082437,-0.0096921,0.062424,-0.084527,-0.14299,-0.11164
-0.15193,-0.024508,-0.0089379,0.04941,0.062995,0.042444,-0.20684,0.099622,0.33886,-0.0051124,-0.0031892,-0.11784,0.028539,0.21006,0.29051,-0.1091,0.043934,-0.021928,-0.17538,0.051601,-0.017048,0.085055,0.077524,-0.036173,0.072378,0.15148,0.13582,-0.044566,0.037235,-0.15794,0.01795,-0.0090679,0.0671,0.10966,-0.034836,-0.040679,0.0286,0.089315,-0.039832,-0.15625,0.047815,0.13287,-0.27879,0.038455,0.014213,0.20975,-0.072496,0.19439,-0.062263,0.16431,0.12809,-0.053175,0.051076,0.34454,0.10083,0.042469,0.096697,0.016249,-0.19119,-0.0017288,-0.066843,0.1301,-0.015387,0.094954,0.1454,0.058964,0.015717,-0.069703,-0.049397,0.16899,0.011512,-0.0068332,0.11223,-0.049445,-0.21755,0.033393,-0.25561,0.0058296,-0.011737,-0.20451,0.18642,-0.050229,0.014814,0.11541,0.10096,0.13305,0.052848,0.048435,0.18691,-0.14241,-0.051999,0.023225,-0.032439,-0.23934,0.05359,0.14958,-0.019176,0.17855,0.034336,-0.056642
0.096297,0.095596,-0.16508,0.14551,-0.0041349,0.14586,0.078206,-9.3947e-06,0.053413,-0.15608,-0.022636,0.16864,-0.10045,-0.031869,-0.085261,-0.090423,-0.14117,0.015187,-0.085361,0.016913,-0.17598,-0.10555,-0.050627,0.10858,0.16716,-0.037746,0.1761,-0.07739,0.063292,-0.041515,-0.037897,0.16653,-0.053069,0.097995,-0.098704,0.17258,0.20206,0.21238,-0.072594,-0.031657,-0.23154,0.1026,-0.076209,0.0075434,-0.048326,0.025447,0.22709,0.059019,-0.34435,-0.16025,0.013788,-0.19397,0.084343,0.077182,-0.2364,0.024457,-0.12261,0.14639,-0.12411,-0.0050092,-0.1768,0.16544,-0.059224,0.016332,-0.046994,-0.1667,0.072292,-0.05823,0.073009,0.0073828,0.020999,-0.0072342,0.019604,-0.12995,0.024761,-0.13218,0.27568,0.024201,0.033781,-0.082905,0.18855,-0.16237,0.11712,-0.18776,-0.076081,-0.069982,0.018861,0.19212,0.1195,0.010887,-0.026573,-0.016079,0.037638,-0.27384,-0.058161,0.16181,0.039554,0.034986,-0.090861,-0.081223
-0.075175,-0.032811,-0.049058,0.16944,-0.17479,0.025104,-0.18153,0.15515,0.111,0.14364,-0.016548,0.12446,-0.15392,-0.12165,0.084021,-0.080372,0.1709,0.0096342,-0.033818,-0.11492,-0.14589,-0.1192,-0.038216,-0.073026,0.092142,0.1285,0.063048,0.27032,0.12796,-0.1034,0.0058025,0.19108,-0.14031,0.049246,-0.039219,-0.030705,0.25684,0.24478,-0.14551,-0.092991,-0.29113,0.16407,-0.042657,-0.14851,-0.046082,-0.0033552,0.15265,-0.02529,-0.25042,-0.074979,-0.092513,-0.19205,0.14155,0.037172,-0.12087,-0.044155,-0.028159,-0.018737,-0.13282,0.13189,0.043857,0.13785,0.048536,0.005419,-0.071164,-0.057788,0.098436,0.011242,0.11545,0.065064,-0.03248,-0.050646,0.072448,-0.11279,0.033287,0.00057167,0.17978,-0.011233,0.031059,-0.20379,0.10062,-0.19639,-0.066565,-0.074641,0.054883,0.030246,-0.12318,0.33439,0.097057,0.15948,-0.040302,0.085358,-0.086627,-0.09608,0.05104,0.12148,-0.097623,-0.012812,-0.13279,-0.05409
0.06641,0.12824,-0.13762,0.2006,-0.019244,0.11697,0.052839,0.079657,0.11318,-0.1238,0.036674,0.20789,-0.080081,-0.0033236,-0.11414,-0.097852,-0.078548,-0.054548,-0.083072,0.010892,-0.13961,-0.10526,-0.13167,0.1165,0.14535,-0.020217,0.11978,-0.084548,0.076172,0.02464,-0.037543,0.22088,-0.052011,0.08238,-0.069275,0.16397,0.18197,0.22376,-0.075185,-0.020973,-0.28862,0.069128,-0.085614,0.07171,0.010847,0.0097486,0.22098,0.09819,-0.32293,-0.18071,0.02701,-0.20218,0.03439,0.14285,-0.22147,0.029128,-0.13006,0.18141,-0.18014,0.090363,-0.27066,0.1738,-0.016335,-0.013794,-0.033649,-0.20651,0.094666,-0.019376,0.092793,-0.025525,-0.0064688,0.018699,0.053443,-0.10628,0.020006,-0.19643,0.28888,-0.00042421,0.056708,-0.069314,0.14964,-0.17119,0.084579,-0.21805,-0.11068,-0.072383,-0.022001,0.17953,0.06009,0.046793,-0.054681,-0.015371,-0.021842,-0.23963,-0.096767,0.1809,0.0060677,0.014456,-0.13246,-0.09487
0.037647,0.030845,0.12375,0.18719,0.025168,0.24583,0.0079799,0.065751,0.16844,-0.14494,-0.18116,0.087478,-0.080595,-0.032713,-0.088887,-0.051247,-0.21062,0.15553,0.11405,0.054072,0.017572,-0.04607,-0.020143,-0.13659,0.14377,0.014616,-0.13808,-0.2214,-0.0066827,-0.092115,-0.043387,0.083559,0.074012,0.019701,-0.09115,0.030989,0.1401,0.056212,-0.071107,-0.10972,-0.049364,0.11603,-0.009293,-0.14235,0.10129,0.12787,0.16248,-0.11936,-0.22344,0.015901,-0.0052018,-0.22163,-0.0016398,0.14858,-0.1382,-0.052894,0.068292,0.097017,0.021432,0.019788,-0.23537,0.09367,0.013694,0.11315,-0.16724,-0.16207,0.07827,-0.15965,0.13484,-0.045756,0.063759,-0.032567,-0.022709,-0.19209,0.0181,-0.082521,0.26196,-0.066338,0.16169,-0.04008,-0.0073651,-0.24826,0.10395,-0.10957,-0.095192,0.13863,0.03068,0.097421,0.081014,0.1345,-0.019136,-0.047899,0.0050167,-0.25166,0.022411,0.11385,0.11457,-0.12496,-0.22832,-0.097449
-0.061728,0.04257,-0.093698,-0.0020087,-0.067452,0.2098,0.017388,0.051517,0.11855,-0.035203,-0.065791,0.10668,-0.16508,-0.14241,-0.17805,-0.1062,-0.052144,-0.006811,0.08362,-0.020754,-0.096015,-0.028862,0.080354,-0.12272,0.11098,-0.038849,0.0024877,-0.093176,0.095005,-0.0068409,0.033018,0.26353,0.052252,0.10713,0.040135,-0.058712,0.19859,0.11907,0.038959,-0.081334,-0.20681,0.082407,-0.13661,-0.21173,-0.02339,-0.056136,0.27974,-0.018156,-0.19608,-0.047388,0.008831,-0.24539,0.091745,0.068423,-0.13385,-0.055811,-0.061735,-0.00060741,-0.090709,0.12734,-0.27136,0.097504,0.1042,0.079182,-0.12966,-0.11961,0.11886,-0.099149,0.15135,0.036248,0.0069325,-0.031836,0.17235,-0.19206,0.016169,-0.32737,0.23306,-0.026539,0.064533,0.04154,0.052637,-0.073089,0.039298,-0.3363,-0.16044,0.069238,-0.10624,-0.084532,0.043265,-0.009244,0.067534,0.028198,-0.052846,-0.29147,0.060041,0.0021503,0.0077412,-0.079027,-0.16908,-0.14905
-0.081146,0.12156,-0.22757,0.14119,0.068382,-0.031292,-0.070619,0.039977,0.19363,-0.18493,-0.020988,-0.01147,-0.18423,0.0013323,-0.024101,0.0051495,-0.20097,-0.14606,0.080761,0.14058,0.00015585,-0.18224,0.076758,0.010672,-0.17749,-0.018246,0.038342,0.12276,0.069458,0.14545,-0.019367,0.086017,0.021747,0.1735,-0.029079,0.13513,-0.088964,0.11182,-0.086044,-0.27739,-0.04391,0.19573,-0.14104,0.10307,-0.029847,0.12564,0.0019884,0.061926,-0.029631,-0.02893,0.027489,-0.11103,0.079537,0.076937,-0.091565,0.095096,-0.062518,-0.077134,-0.078038,0.073878,-0.15041,0.20738,0.1238,0.059186,-0.050377,0.1549,-0.11197,-0.14535,0.039346,0.15941,-0.069967,-0.10237,-0.00036175,0.032957,-0.16128,-0.16017,-0.014933,-0.29797,-0.01535,-0.11295,-0.0062928,-0.087253,-0.027468,0.14367,-0.03955,0.18487,-0.13732,0.068794,0.093298,-0.043827,0.11539,-0.065948,0.082759,-0.059763,0.0097563,-0.064724,0.17606,0.19213,0.26722,-0.053791
0.061586,0.14081,-0.17572,0.13661,0.013438,0.065883,-0.02445,0.096761,0.19104,-0.11851,-0.039098,0.18043,-0.10815,-0.016824,-0.027753,-0.084512,-0.15127,-0.1101,-0.027296,-0.089455,-0.10229,-0.18582,0.060058,0.019566,0.11584,0.029633,0.13938,-0.14751,0.046521,-0.035424,-0.044014,0.19878,0.013902,0.11523,-0.043587,0.032383,0.19854,0.14609,-0.030804,-0.014858,-0.2053,0.0016526,-0.11954,0.024858,0.047202,0.019538,0.12127,0.17971,-0.20571,-0.10336,0.049936,-0.20496,0.07579,0.15171,-0.11835,-0.10956,-0.1529,0.13866,-0.18966,0.16272,-0.25957,0.19373,0.029063,0.072444,-0.1846,-0.2098,0.15953,-0.083494,0.11445,-0.0054666,0.010189,0.016603,0.0635,-0.061863,0.067573,-0.061731,0.24417,0.081919,0.055613,-0.078375,0.079733,-0.14506,0.075148,-0.25254,-0.25526,-0.092767,-0.082304,0.21033,0.02724,0.070567,-0.045545,-0.11647,0.043839,-0.23103,-0.018357,-0.04923,-0.018153,-0.08414,-0.18861,-0.11002
-0.087064,-0.015606,0.082916,0.0047791,0.10809,-0.048073,-0.02806,-0.073508,0.036048,-0.061572,0.023363,0.13558,-0.25142,-0.123,-0.10387,-0.0050093,0.061734,0.14247,-0.035011,0.0084828,-0.0072851,-0.047293,-0.081321,-0.035869,0.10969,-0.089661,-0.0089627,0.13464,0.059225,-0.17559,0.063927,0.089407,-0.022742,0.10533,-0.17671,-0.092238,0.088715,-0.11516,-0.18689,0.036263,-0.076799,0.071122,0.013034,-0.12502,-0.092387,0.12355,0.14283,0.016861,-0.13832,-0.067149,0.0096957,-0.17356,0.090987,0.023835,0.012025,-0.19791,0.198,-0.0092811,0.11189,0.10686,-0.1468,0.00090031,0.049296,-0.12105,0.14909,-0.045077,0.14219,-0.010758,0.10953,-0.17232,-0.037347,0.11154,0.16768,-0.071975,-0.051746,-0.039684,0.15571,0.10149,-0.14226,0.037137,0.14102,-0.039935,-0.15547,-0.10401,-0.024886,0.066933,-0.14239,0.13444,0.11976,0.30954,-0.098107,-0.064954,-0.020647,-0.10699,0.053057,0.016704,0.015775,-0.061971,-0.071579,-0.1811
-0.12727,0.072905,-0.079866,0.16004,-0.10396,-0.033582,0.018209,0.014505,0.095449,0.0021111,-0.12078,0.14542,-0.11974,-0.07106,-0.18084,0.010823,0.077542,0.039207,0.090656,-0.10151,-0.018014,-0.02499,-0.033475,-0.1584,-0.10248,0.074176,-0.17584,0.033556,-0.078865,-0.1254,0.10866,0.10247,-0.024166,-0.024482,-0.044407,-0.018474,0.16083,0.012321,0.0065099,-0.016045,-0.18246,0.03048,-0.12807,-0.25094,0.17375,0.19466,0.13486,0.019323,-0.18159,-0.1216,-0.0023529,-0.29807,0.070647,-0.045298,-0.10595,-0.18261,-0.082635,-0.13621,-0.10538,0.066149,0.015849,-0.057388,0.074409,0.15867,-0.062414,-0.1418,0.050725,-0.0065459,0.17396,-0.034119,0.04286,-0.00015735,-0.024158,-0.13257,0.047301,-0.089179,0.22415,0.083755,0.0557,-0.12168,0.13193,-0.19856,0.17574,-0.054987,-0.061836,0.083746,-0.10828,0.078848,0.17645,0.055675,0.033973,0.1095,0.028909,-0.10121,0.15587,0.18218,0.0091012,-0.15983,-0.16768,0.070191
-0.14841,0.20516,-0.080837,0.18863,-0.035889,-0.027523,0.0071605,0.034085,0.2179,-0.046239,-0.19881,0.13487,-0.17609,-0.17162,-0.16672,0.042667,0.11047,-0.02406,-0.042235,0.01592,-0.25415,-0.19567,0.042726,-0.080941,-0.035072,0.11215,-0.11581,0.099833,-0.00025734,0.029505,-0.0049743,0.13808,-0.028551,-0.041659,-0.095341,0.063789,0.19023,0.0055685,0.031372,0.025092,-0.17493,-0.015235,-0.084298,-0.24085,0.057245,0.22281,0.13472,-0.028855,-0.29593,-0.053121,0.046608,-0.36991,0.014124,0.04941,-0.14702,-0.22512,0.058969,-0.093328,-0.021098,-0.066082,-0.0036242,-0.11281,0.018437,0.12073,-0.057747,-0.17645,-0.065175,-0.051241,0.052475,-0.035113,0.11206,0.0010907,-0.00084674,0.044353,-0.078168,0.02392,0.13935,-0.047468,0.081192,-0.050203,0.073525,-0.29169,-0.065113,-0.17462,-0.034364,-0.00454,-0.081611,0.16328,0.10009,-0.041461,0.10894,0.13422,0.11784,-0.20578,0.14373,0.065737,-0.072553,-0.17802,-0.056114,0.013478
0.038755,0.26935,0.022179,0.076766,0.28757,-0.14661,-0.11504,0.0076073,0.21922,0.055684,-0.11506,-0.014747,-0.2557,0.15575,0.11778,-0.11814,-0.036956,-0.17365,-0.27116,0.094786,0.076387,-0.14436,-0.029382,0.021709,-0.042077,0.057292,-0.092409,0.0048027,0.1776,-0.14499,0.16214,-0.056112,-0.045237,0.0097188,-0.1879,0.10839,-0.10101,0.021077,-0.15924,-0.19113,0.091512,0.094693,-0.18225,-0.0078864,-0.066795,0.095698,0.017892,0.097682,-0.059413,-0.046756,0.032294,-0.33652,0.07687,0.040049,0.11753,0.00036908,0.094579,0.05016,0.083508,-0.0064086,-0.105,-0.02207,0.037076,-0.020703,-0.15773,-0.017469,0.095447,-0.27656,-0.035629,-0.11695,0.064925,-0.099331,-0.038943,-0.057538,-0.30738,0.039287,-0.039361,-0.28481,-0.12352,0.044772,-0.066215,-0.21347,0.19151,0.095595,0.037111,0.32825,-0.030586,0.11187,0.11839,-0.052759,0.24736,-0.081227,-0.14881,-0.05995,0.080151,0.014426,0.12153,0.21803,0.0038687,0.059218
-0.11883,0.029803,-0.17999,-0.041033,0.039118,-0.12331,-0.073533,-0.14203,-0.13942,0.33782,0.073436,-0.054869,-0.16404,0.043245,0.20069,0.034766,0.1191,-0.23893,-0.15321,0.041223,0.28469,0.22907,-0.06655,-0.13541,-0.29712,0.1075,0.076792,0.23507,0.21114,-0.16266,-0.052761,0.073132,0.069934,0.060604,-0.06331,0.066872,-0.011806,-0.073776,-0.1712,0.096683,0.073941,0.11727,0.11348,-0.20298,0.10266,-0.086246,-0.13788,0.00069221,0.19811,-0.074618,0.046285,0.081624,-0.014616,-0.066003,0.23858,-0.043509,0.10437,-0.20381,-0.022583,0.18291,0.11995,-0.17703,-0.1386,0.15088,0.091308,0.15241,-0.014742,-0.033706,0.10956,-0.048475,0.095509,0.12321,-0.10128,0.03764,-0.13523,0.14958,-0.12942,0.061348,-0.033858,-0.095442,-0.083191,-0.093101,-0.045798,-0.035886,0.18486,0.05614,-0.019803,0.21419,0.013821,0.020743,-0.045089,-0.16797,0.1613,0.032001,0.12481,0.19146,0.05177,-0.059339,-0.14051,-0.011577
-0.022873,0.098213,-0.11588,0.31332,-0.10344,0.086774,-0.21931,-0.087725,0.14533,0.0028788,-0.058709,0.10158,-0.2374,-0.07169,0.018598,-0.051112,0.02214,0.11619,0.0076513,0.041471,-0.042094,-0.20757,-0.10795,-0.13815,0.021915,0.078673,-0.0018445,0.055722,0.15168,-0.033667,-0.12377,0.30977,-0.22914,0.077177,0.0011778,-0.043681,0.11804,0.074551,-0.047647,-0.042833,-0.24233,-0.064711,-0.07129,-0.032068,-0.048321,0.0072857,-0.038066,0.018582,-0.22238,0.0084315,-0.0053665,-0.20698,-0.013042,0.025013,-0.17927,-0.16306,-0.037679,0.090248,-0.0060186,-0.09656,-0.20779,0.12088,0.046276,0.10375,-0.11951,-0.083984,0.060729,-0.16754,0.12677,0.015604,-0.13533,-0.087947,0.031153,-0.20989,-0.097433,-0.16176,0.2683,-0.090851,0.094043,0.023195,0.10567,-0.086925,-0.069103,-0.029762,0.012085,0.090727,-0.17952,0.051503,0.021314,0.11053,-0.027781,-0.051333,-0.085145,-0.051336,0.011392,0.21698,-0.22193,0.0035489,-0.25776,-0.14915
0.006152,0.11611,0.019559,0.19261,0.1676,0.0056159,-0.011298,0.087447,0.20293,0.092595,-0.22788,0.028696,-0.089174,-0.038766,-0.21239,-0.14765,-0.15405,0.1181,0.11863,-0.22489,-0.0092764,-0.14043,-0.03196,-0.056287,0.13525,0.0054301,-0.080126,0.088364,0.050163,-0.17406,0.065277,0.15331,-0.055864,0.022531,-0.11582,0.034039,0.057706,0.1339,-0.00066219,0.019603,-0.098036,-0.043783,-0.042987,-0.24793,0.00416,-0.057765,0.15187,0.067885,-0.27001,0.032149,-0.10265,-0.23846,0.1343,0.10356,-0.055587,0.028612,0.055196,0.077887,-0.018946,0.085576,-0.17387,-0.011735,0.02172,0.0093773,0.15793,-0.010228,0.08576,-0.076838,0.15164,-0.20393,0.13942,-0.048489,0.0021765,-0.18281,-0.021788,-0.076077,0.22849,0.12449,0.13041,-0.098107,0.079381,-0.20023,-0.013325,-0.19965,-0.042406,0.19926,-0.11948,0.025213,0.028016,0.18049,0.047435,0.057224,0.066653,-0.057997,0.04038,0.0016195,0.021399,-0.14126,-0.051425,-0.021418
0.10718,0.14289,-0.11332,0.089578,-0.046423,0.20173,-0.10682,0.0012933,0.12193,-0.20955,-0.18156,0.0055196,-0.13597,-0.069675,-0.058111,-0.075301,-0.049215,0.066614,0.014619,-0.02665,-0.089668,-0.24015,0.12357,-0.19277,0.029007,0.029864,0.123,-0.12225,0.066777,-0.14434,-0.0059336,0.23944,-0.11392,0.17138,-0.11839,-0.037218,0.23262,0.1179,-0.066369,0.046336,-0.25195,-0.01402,0.010603,-0.18649,-0.035978,0.16481,0.062012,0.15089,-0.1598,-0.00064875,0.0066495,-0.21904,0.067366,0.080595,-0.19571,-0.061342,-0.068809,-0.0071442,-0.031705,0.077194,-0.21724,0.17654,-0.0075416,0.078733,-0.11113,-0.048856,0.054003,-0.071597,0.16435,0.049368,-0.043873,-0.09212,0.05792,-0.1454,0.015669,-0.30917,0.30379,0.011151,0.090937,-0.070291,0.19998,-0.14257,-0.17791,-0.11042,-0.14526,0.022551,-0.094198,0.11196,0.086596,0.063895,0.06739,0.032296,-0.054914,-0.14777,0.004251,-0.03563,0.036127,0.05372,-0.17853,-0.14158
-0.13429,0.043246,0.11316,-0.12118,-0.081172,0.12839,0.023127,0.33248,0.051778,-0.054219,-0.10923,0.16478,-0.17096,0.24659,-0.17025,-0.15062,-0.26924,0.11857,-0.02011,0.11161,0.015662,-0.11967,-0.0079657,-0.13108,-0.1862,-0.1345,-0.13233,-0.16861,-0.19387,-0.047537,0.1779,-0.1388,0.23866,-0.050014,-0.019514,0.1132,-0.16358,-0.036981,-0.05971,-0.094096,-0.074332,0.098387,-0.21106,-0.066119,-0.031083,0.14967,-0.019379,-0.23,-0.12367,0.06951,0.086615,-0.20452,-0.016087,0.076912,-0.0069881,-0.032551,-0.053247,0.088618,-0.14552,0.16776,-0.068515,0.26224,0.12438,0.016016,-0.04028,-0.086041,-0.084268,-0.14702,-0.035337,-0.05453,0.0013116,-0.1646,0.074301,0.14002,0.011841,-0.1005,-0.1103,-0.14368,0.085907,-0.26635,0.020503,-0.022621,-0.049689,-0.064342,-0.26373,0.04961,0.0038157,0.17678,0.070504,-0.09903,0.19199,-0.14088,-0.025824,-0.32238,-0.059648,0.1184,0.31173,0.21312,0.076181,-0.053283
-0.016024,-0.17716,-0.23138,0.076827,0.13759,0.013744,0.056753,-0.061415,0.1357,-0.076202,-0.031473,0.14172,-0.16054,-0.17053,-0.064403,-0.0067696,0.0033863,0.0046258,0.064368,-0.13916,0.030916,-0.0223,-0.017288,-0.067479,0.15038,0.04325,0.15741,0.06328,0.045982,-0.24097,0.037049,0.27194,-0.15329,0.060298,-0.10856,-0.089498,0.065353,0.034521,-0.15919,0.12908,-0.092829,0.040246,-0.070339,0.020285,0.014399,0.081279,0.086504,-0.031023,-0.23721,0.016976,0.0067199,-0.066375,0.1106,-0.087762,-0.15303,0.021884,0.10176,-0.069312,0.051568,0.1917,-0.10742,0.092798,0.049607,0.015958,0.16789,0.078848,0.24323,0.0479,0.039468,0.069848,-0.043237,0.030563,0.035914,-0.2264,-0.036987,-0.031454,0.12583,0.099804,-0.08161,-0.045542,0.1792,-0.18273,-0.074631,0.016054,0.038868,0.3051,-0.14027,0.27096,0.25797,0.30628,-0.15093,-0.095349,-0.013623,-0.10342,0.14156,0.1789,-0.0045337,-0.060163,-0.097321,-0.12827
-0.085775,-0.041024,-0.044397,0.10698,-0.0051261,0.070705,0.0074837,0.10636,0.088253,-0.12394,-0.18085,0.065546,-0.09038,0.03209,0.032601,-0.090409,-0.093178,-0.03235,-0.084339,0.014851,0.072738,-0.085796,0.13277,-0.19201,0.15661,-0.10653,0.15579,0.063473,-0.054392,-0.2169,-0.043462,0.020993,0.11044,0.025888,-0.06028,-0.056489,0.15801,0.013921,-0.10183,0.13452,-0.20922,0.068983,-0.11694,-0.029298,0.07418,-0.0078249,0.063194,0.13978,-0.10002,-0.02575,-0.0013631,-0.16986,0.36366,0.066664,-0.011867,-0.12618,-0.12003,-0.10811,0.010351,0.12698,-0.13858,0.0060273,0.016218,-0.038742,0.032678,-0.094448,0.075399,-0.16231,0.14313,-0.012637,0.01264,-0.026078,-0.048729,-0.10262,-0.022556,0.033418,0.19774,0.10725,0.14499,-0.0062235,-0.010325,-0.12096,-0.10982,-0.1335,-0.078588,0.059037,-0.10759,-0.018696,0.17556,0.17756,-0.0814,0.0007457,-0.024053,-0.15801,-0.081256,-0.024555,0.14783,-0.081523,-0.17081,-0.052208
-0.040348,0.022148,-0.082665,0.14881,0.054401,-0.040466,0.10374,-0.065959,0.17583,-0.055809,-0.0011347,0.20584,-0.1368,-0.052875,-0.084969,-0.078806,-0.13543,-0.14837,-0.070307,-0.067253,0.13224,0.030091,0.042209,0.017055,0.19506,0.0273,0.15185,-0.089293,0.13685,-0.12766,-0.077068,0.20177,0.038619,0.0056277,-0.1277,-0.062012,-0.034106,-0.020214,-0.015416,-0.057081,-0.1146,0.17373,-0.090875,0.034471,0.023632,0.0035693,0.05735,0.11007,-0.40042,-0.20496,0.030627,-0.075756,0.10821,-0.075695,-0.13523,-0.055534,-0.0010477,-0.053423,0.011058,0.16489,-0.12788,-0.048075,-0.0028945,0.098857,0.023993,-0.12428,0.13036,-0.081013,0.19238,0.063918,-0.069512,-0.032502,-0.041115,-0.21466,-0.028536,-0.059363,0.041664,0.047349,0.17727,-0.093096,0.15724,-0.27925,-0.076233,0.064373,-0.0076382,0.29361,-0.12751,-0.038897,0.31093,0.094604,-0.16977,-0.31538,-0.18285,-0.16546,0.033219,0.15889,0.0055363,-0.078944,-0.080568,-0.15186
-0.039585,0.095646,0.0029113,0.39534,-0.062084,0.058472,-0.074334,0.13098,0.1488,-0.043728,0.039345,0.066157,0.029683,0.00063824,-0.02075,-0.10781,0.015193,0.13905,0.052131,-0.017343,-0.11876,-0.059366,-0.030996,-0.075875,0.15396,-0.029953,-0.066717,-0.016682,0.14036,-0.10898,0.024826,0.15175,-0.004314,0.030367,-0.10675,0.084425,0.18059,0.095409,-0.10214,-0.16538,-0.19262,0.1456,-0.075696,-0.086205,0.12289,0.10516,-0.068641,0.020946,-0.22432,-0.028439,0.0232,-0.22169,0.056199,0.21076,-0.22296,-0.046011,0.058587,-0.068822,0.035701,0.19271,-0.058795,-0.046088,-0.012163,0.04374,-0.078195,-0.16634,0.099769,-0.017799,0.11777,0.059668,-0.10967,-0.05871,0.10462,-0.1786,0.047139,-0.024494,0.26739,-0.16517,0.13374,-0.053822,0.060688,-0.12894,0.059647,0.034922,-0.04328,0.22544,-0.041608,0.15197,0.093807,0.23037,-0.10819,-0.031315,-0.023829,-0.23612,0.044629,0.15021,-0.037827,0.012828,-0.27458,-0.041824
0.0011125,0.16832,-0.14636,-0.051498,0.24549,-0.05739,-0.025484,0.11519,0.043943,0.12601,0.10627,-0.071293,0.029805,-0.018836,0.11051,0.042914,-0.062947,-0.24452,-0.1387,-0.063137,0.0092985,-0.014983,0.0095051,-0.14256,-0.23903,-0.078913,0.16305,-0.36293,-0.02645,-0.064286,-0.011047,-0.098439,0.15221,-0.045366,-0.22763,0.094978,0.052993,0.20196,0.021553,-0.14603,-0.10424,-0.017333,-0.048432,-0.11233,0.035256,0.24408,0.12612,0.1457,0.2092,-0.064448,0.097884,0.064973,0.1044,0.3137,0.038571,-0.0056472,-0.063151,-0.17411,-0.084808,-0.0555,-0.12683,-0.10444,0.036145,0.038694,0.076386,-0.12795,-0.039206,-0.028011,0.096905,-0.1619,-0.11483,-0.18213,0.19647,0.051287,-0.015924,0.11786,-0.042473,0.15748,-0.15693,-0.17625,-0.10637,-0.08631,-0.079141,0.021231,-0.18938,-0.12792,0.086377,0.21015,0.15051,-0.022666,0.11568,-0.16722,0.10565,-0.12646,0.069016,0.078592,0.084451,0.059078,-0.061604,-0.056815
0.076672,-0.11525,0.03027,0.21275,-0.065067,0.10396,-0.075381,0.24717,0.076983,-0.1222,-0.12822,0.3976,-0.078206,0.22066,-0.11391,0.011275,0.043025,0.15656,-0.15901,-0.29069,-0.21351,0.019567,-0.14031,-0.18737,-0.017243,-0.25023,0.1052,-0.00048744,-0.049234,-0.10272,-0.015715,0.16235,0.054591,0.085032,-0.10461,-0.050965,0.19298,0.015818,-0.16187,-0.34948,-0.13414,0.06729,-0.27434,0.056495,0.025805,0.39858,0.009763,0.12698,-0.51982,-0.12899,0.11135,-0.17093,0.024618,0.13704,-0.48645,-0.25492,-0.02037,0.079164,-0.01946,-0.015479,-0.033766,0.14452,-0.054787,0.18667,0.069388,-0.13006,-0.016972,-0.20746,-0.070363,0.060345,-0.066638,-0.15973,0.18511,-0.18398,0.033409,0.087415,0.27984,0.061643,0.1207,-0.21701,0.076648,-0.19968,-0.010253,-0.083972,-0.053451,0.1739,-0.059056,0.31204,0.23799,0.076074,-0.054311,-0.14217,-0.055672,-0.32855,0.062087,0.083374,0.027066,0.1281,-0.19777,-0.25099
0.0077692,0.16438,-0.092828,0.21477,-0.060244,0.058756,0.023332,0.11281,0.13392,0.068017,-0.1018,0.063599,-0.047982,-0.10047,0.074911,0.022776,-0.12921,0.04689,0.0709,-0.13172,-0.062319,-0.11393,0.12812,-0.21895,0.036494,-0.042994,-0.0017788,-0.10066,0.11367,-0.159,0.0045434,0.26936,-0.090192,0.033511,0.0068282,-0.15694,0.24355,0.074243,0.037309,-0.050548,-0.099505,0.10534,0.029915,-0.11217,-0.045969,0.15401,0.16143,0.053352,-0.16605,0.0057976,0.046285,-0.095691,0.12042,-0.03132,-0.24642,-0.11983,0.024731,0.011421,-0.014236,0.13558,0.038686,0.10315,0.07781,0.22362,-0.10975,-0.055249,0.19262,-0.17899,0.010428,-0.023006,0.019737,-0.07176,0.070307,-0.23634,0.010727,-0.16141,0.11778,-0.029254,0.074463,-0.1275,0.095976,-0.29154,-0.12429,-0.18782,0.018658,0.031713,-0.060536,0.35962,0.039518,-0.020397,-0.091171,-0.054695,0.063971,-0.11625,0.20585,0.16829,-0.063707,-0.18379,-0.056008,-0.062164
-0.1106,0.19148,-0.12145,-0.049698,0.13017,0.055304,-0.17048,0.065562,0.17213,0.23371,-0.24664,0.12716,0.21856,0.079679,-0.051694,0.0075648,0.039911,-0.17848,0.059318,-0.030429,0.12599,0.092546,0.20335,-0.12548,-0.15734,0.061015,-0.066562,-0.19298,0.0174,-0.080389,-0.022707,-0.087911,0.28882,-0.13674,-0.17045,0.27964,0.17369,0.044294,0.093904,0.057872,-0.12768,-0.1023,-0.058095,-0.30066,-0.072172,0.2796,0.050614,-0.2381,-0.010207,-0.017259,-0.23326,-0.16729,-0.048559,-0.015918,0.09888,-0.20533,-0.13591,-0.045154,-0.13055,0.21143,0.13459,-0.11028,-0.10839,0.16861,0.12585,0.2598,0.15228,-0.16661,-0.015539,-0.013251,-0.15736,-0.12774,0.31592,0.18858,0.13017,-0.065206,0.016128,-0.0020807,0.17307,-0.051711,-0.06974,0.27125,0.31945,-0.046426,-0.16998,-0.15697,0.15666,0.2884,0.19179,-0.059705,0.16474,-0.34447,-0.0094169,-0.030003,-0.09619,0.16389,0.024025,-0.12536,0.025542,0.23092
-0.042521,0.045631,-0.11547,0.034131,-0.096204,0.037102,0.073281,0.12362,0.14913,-0.14608,-0.024041,0.24637,-0.19113,-0.15212,-0.046749,0.13569,-0.079958,0.035573,0.051398,-0.042488,2.1384e-05,-0.086588,0.080425,-0.11699,0.0030452,-0.080375,-0.051758,0.049173,0.094893,-0.067642,0.16459,0.057282,0.034891,0.12288,-0.31276,0.054327,0.15537,0.15399,0.046013,-0.099673,-0.18575,0.21023,-0.054133,-0.13719,0.021363,-0.037592,0.1417,0.061365,-0.26934,-0.28642,0.0072533,-0.11265,0.2268,0.02934,-0.21329,-0.091729,0.056841,0.13495,-0.1367,0.11881,-0.16524,0.20084,-0.11023,-0.092682,0.089071,-0.098859,0.0098405,0.023316,0.11899,-0.034534,-0.051072,-0.10165,0.0371,-0.046859,-0.0026299,-0.10426,0.25751,0.11451,0.084466,-0.20095,0.21126,-0.10049,0.0010475,0.035242,-0.12014,-0.16383,0.041973,0.10306,0.029283,0.043915,-0.16002,-0.047063,-0.047165,-0.19393,-0.057028,0.13869,0.12925,-0.15376,-0.025005,-0.11179
-0.011253,0.16625,-0.075407,0.15745,-0.023153,0.17851,-0.027875,0.026811,0.027562,-0.03108,-0.096148,0.16983,-0.30263,-0.013034,0.10453,0.0019075,0.057827,0.13829,-0.008062,0.064985,-0.093897,-0.18738,0.23361,-0.18494,0.061245,0.07791,0.018395,0.093587,0.15643,0.11709,-0.16981,0.26343,-0.1647,0.0079432,0.045992,-0.18255,0.10759,0.050608,0.014773,-0.21424,-0.080005,-0.10077,-0.089767,0.050208,-0.084242,0.038055,-0.21139,0.071722,0.036036,-0.13867,0.012642,-0.0079713,0.16443,0.10941,-0.10279,-0.044456,0.039462,-0.0010381,0.01743,-0.17757,-0.0048527,0.039103,0.069106,0.11646,-0.06951,-0.011373,0.015682,-0.18201,0.053099,-0.084655,-0.10262,-0.11987,0.06589,-0.14615,-0.14965,-0.12383,0.082084,-0.13847,0.040524,0.049801,0.056349,-0.15299,0.15766,0.06216,0.030092,0.12165,-0.21451,0.048573,-0.01527,0.09885,0.028123,-0.158,0.0078074,-0.03473,0.11512,0.18138,-0.18722,0.094316,-0.24311,-0.12755
-0.12889,-0.0031942,-0.051693,0.077137,0.30162,-0.020252,0.10036,0.12356,0.34431,-0.097939,-0.088448,-0.055457,0.030289,0.019341,-0.037687,0.14894,-0.057691,0.10105,-0.040792,0.014239,0.040321,-0.060471,-1.9009e-05,0.0092983,-0.40424,0.012257,0.09284,-0.2127,-0.22473,0.10898,-0.15006,0.042049,0.031202,-0.12047,-0.26628,0.09563,-0.019652,0.077682,0.0039884,-0.14454,-0.27107,0.10352,-0.040036,-0.051411,0.0092746,0.31528,0.098791,-0.13331,0.1647,0.01441,0.087723,-0.17321,-0.077511,0.13603,-0.031929,-0.096426,-0.22706,-0.11456,-0.024794,-0.1039,-0.001108,0.099562,0.0022502,0.25759,-0.10721,0.0013825,-0.13568,-0.036275,0.014373,0.0084439,0.0617,-0.11811,0.17164,-0.033806,0.074488,-0.0084873,0.01679,0.059874,-0.098307,-0.19204,-0.036644,-0.19828,0.15782,-0.099064,0.044551,-0.076579,-0.012488,0.16991,0.20085,-0.2693,0.16311,-0.042679,-0.022238,-0.13826,0.086042,0.091902,0.22685,-0.021599,0.098182,0.076826
-0.12937,0.23227,-0.10785,0.18054,-0.026411,0.044754,0.093689,-0.017762,-0.092412,0.025701,-0.019636,0.2237,-0.14179,-0.094146,-0.027168,0.078138,-0.17498,-0.20547,-0.23814,-0.024164,0.014269,-0.15997,-0.14498,-0.11478,0.20424,0.035706,0.18831,-0.028284,0.15775,-0.073405,0.0078752,0.19009,-0.10586,-0.052538,-0.095832,0.14823,0.14766,0.051115,-0.11724,0.0741,-0.15527,0.26747,-0.089737,-0.081401,-0.027465,0.16528,0.070579,0.014075,-0.072074,-0.16373,0.069316,-0.28067,0.15612,-0.0068561,-0.1383,-0.12297,-0.12539,-0.074491,-0.11798,-0.028558,0.053435,-0.0017018,-0.038749,0.09916,0.11734,-0.15277,0.047088,-0.001889,0.090538,0.092301,0.030855,0.071811,-0.064022,-0.17028,0.014387,-0.020149,0.1637,0.097446,-0.041095,-0.050253,-0.021198,-0.26467,-0.096906,-0.1547,0.010795,-0.01081,0.042526,0.37071,0.28534,0.037506,-0.11663,0.13762,0.017159,-0.025329,-0.0021597,0.3125,0.031304,-0.086244,-0.026682,-0.052518
-0.081349,0.16967,-0.07913,0.17589,0.17719,-0.037823,-0.064604,0.015916,0.22727,0.023019,-0.18334,-0.036392,-0.047684,0.17747,-0.05857,-0.021406,-0.16837,0.11797,-0.042413,0.054891,0.028478,0.0076138,0.094002,-0.18596,-0.26862,-0.092462,-0.097811,-0.074813,-0.10566,-0.061202,-0.06925,-0.01362,0.059489,-0.073403,-0.23071,0.1263,0.075675,-0.049332,0.029912,-0.15505,-0.12833,-0.0027576,-0.097556,-0.092953,0.019106,0.30512,-0.072247,-0.016322,0.047638,-0.14218,0.14101,-0.28325,0.0041943,0.12009,-0.0065158,-0.074516,-0.17016,0.020179,0.055555,0.10211,-0.12713,0.116,-0.097425,0.26678,-0.060085,-0.075691,-0.21068,-0.090584,-0.14755,0.077616,0.16669,-0.018203,0.13863,0.10916,-0.035127,-0.14594,0.012007,-0.16353,-0.074291,-0.04017,0.024236,-0.010025,0.1021,-0.20118,-0.062,0.028107,0.068681,-0.045544,0.1627,-0.19766,0.17334,-0.24507,-0.10465,-0.0082473,0.10136,0.18483,0.14202,0.19575,0.010264,0.089041
-0.29482,0.15042,-0.13581,-0.047328,0.11608,-0.042093,0.00020423,0.12098,0.071035,0.016454,-0.17273,-0.038417,0.12537,0.0050288,-0.005064,-0.059002,-0.057008,-0.0073355,0.14466,-0.009127,-0.12015,0.21605,0.27209,-0.082985,-0.31519,-0.02214,-0.08073,-0.0035916,-0.28567,0.053947,0.078257,0.090503,-0.16882,0.065735,-0.081683,0.0072217,-0.10925,0.14584,0.11847,-0.16114,0.22974,0.0053898,-0.0083384,0.025047,-0.080418,0.033491,-0.10426,-0.17523,-0.04865,0.19264,0.028113,-0.19492,-0.10388,0.053056,-0.13143,0.051359,-0.23135,-0.021159,-0.23711,-0.14249,-0.17375,-0.03269,-0.1767,0.11289,-0.087287,-0.020258,-0.13282,0.030392,-0.062317,-0.16024,0.059038,0.12443,0.13496,0.024011,0.07837,-0.17394,-0.23139,-0.1218,0.1339,6.3049e-05,0.13582,0.11569,-0.22524,-0.21109,0.06533,-0.079153,0.08636,0.091161,-0.020999,0.0543,0.2135,-0.11337,-0.02927,-0.023452,0.014286,0.14328,-0.028139,-0.050197,-0.23635,-0.15341
0.036216,0.098312,0.041349,0.061816,0.047072,0.13076,-0.11083,0.031742,0.1983,-0.10211,-0.17643,0.20305,-0.010806,-0.060331,0.11062,-0.062224,-0.016679,-0.056116,0.075968,-0.11216,-0.17127,-0.22494,0.081748,-0.20873,-0.17014,-0.20945,-0.087168,-0.0068775,-0.0099481,-0.028776,0.054967,0.13211,-0.16832,-0.050104,-0.14358,0.074415,0.0521,0.22464,0.12546,-0.11619,-0.12315,0.0090509,0.07659,0.030785,0.031087,0.13613,0.12573,0.18218,-0.12116,-0.017682,0.14019,-0.2185,0.08345,0.028764,-0.23585,-0.19669,-0.20861,0.053615,-0.016283,0.18619,-0.062682,-0.010659,-0.060065,0.21061,0.064031,-0.019114,0.22565,-0.055409,-0.20848,-0.11569,-0.059857,-0.044544,-0.0217,-0.16564,0.038709,-0.19726,0.16697,-0.12381,-0.087222,-0.025482,0.12045,-0.25359,-0.049814,-0.22926,-0.17582,0.062296,0.072085,0.016186,0.046265,0.077891,0.13719,0.12349,0.014543,0.011108,0.12126,-0.017172,-0.0079893,-0.23128,0.010933,-0.039819
-0.19624,0.044264,0.0046015,0.18826,-0.037215,0.15464,-0.12612,0.15087,0.22161,0.17529,-0.15739,0.13929,-0.21213,-0.1405,-0.075441,-0.12513,-0.17138,-0.058546,0.046526,-0.11262,-0.058205,0.071919,0.053942,-0.21121,0.17449,0.16649,0.067775,0.034693,0.076582,-0.14536,-0.12758,0.069501,-0.12378,-0.051993,0.17226,-0.036276,0.14401,0.11316,-0.082284,-0.11393,-0.10471,0.20049,-0.030351,-0.10304,0.1125,0.020065,0.016673,0.090793,-0.18576,-0.10701,0.051244,-0.064802,0.24134,0.16828,-0.20966,-0.045518,-0.049181,-0.035506,0.0098892,0.042692,-0.12442,-0.16845,0.028074,0.056977,-0.10613,-0.15751,-0.011831,-0.26046,0.094122,0.0914,0.036831,0.0256,0.082303,-0.29177,-0.0098529,-0.12412,0.24341,-0.0030092,0.17296,-0.049945,0.079321,-0.21901,0.058037,-0.20053,0.035413,0.11377,-0.12566,0.10962,0.071889,0.032477,-0.056518,0.036774,-0.11143,0.013372,0.036221,0.18083,0.073493,-0.11275,-0.034733,-0.059801
0.064821,0.12659,-0.16018,0.10313,0.10245,0.28252,-0.054388,0.13117,0.099552,0.19371,-0.013343,0.079282,-0.059666,0.17401,-0.016238,-0.041884,0.10699,-0.023974,-0.21564,0.1075,-0.07858,-0.11396,-0.10426,-0.093583,0.12475,0.086155,0.029745,-0.24782,-0.067912,-0.20359,0.16595,0.013481,-0.12583,0.07658,0.0067603,-0.17886,0.036192,0.064605,0.026245,-0.1985,-0.083996,0.10782,-0.19969,0.056519,0.08382,0.16773,-0.0088032,-0.12896,0.1473,-0.11659,0.029641,-0.13166,0.029898,0.019605,-0.029661,0.035859,0.016374,-0.082584,-0.14736,-0.11074,-0.096843,-0.32566,-0.016042,0.054374,0.1107,-0.24419,0.0081253,-0.039669,-0.17016,0.13864,0.16545,0.17744,0.088147,0.029072,0.0018524,0.10163,-0.3866,-0.2762,-0.0055196,-0.0082974,-0.032061,-0.038996,-0.09299,0.0057212,-0.027292,0.22951,-0.0099387,0.20585,0.048938,0.092688,-0.22947,-0.03516,0.10295,-0.047708,-0.020263,-0.011728,-0.019196,-0.15125,-0.11854,-0.012767
-0.075908,0.12176,-0.21586,0.010161,0.059158,0.015255,-0.2472,-0.07818,0.19794,0.095876,-0.10668,0.050929,-0.19234,0.023444,0.084115,0.059595,-0.19689,0.17906,-0.05129,0.024971,0.029054,-0.1592,0.23007,-0.037561,-0.22945,0.14856,0.11273,0.23314,-0.046427,-0.09384,-0.19906,0.1192,-0.12535,0.066056,-0.018075,0.039927,0.038297,0.12522,-0.077105,-0.17196,-0.1072,-0.14679,-0.085636,0.014192,-0.06786,0.10586,-0.1801,0.070542,0.12635,0.051473,-0.046988,-0.13442,0.084489,0.082539,-0.026886,0.064285,-0.072032,0.07935,0.065343,-0.0026444,-0.24566,0.18891,0.081343,0.14724,-0.19272,0.044263,-0.097336,0.018998,0.043258,0.049279,0.10972,-0.093861,0.090829,-0.01368,-0.016056,-0.1909,-0.025869,-0.30615,-0.0078483,-0.039808,0.036535,-0.033801,0.06106,-0.045115,-0.013248,0.11679,-0.091613,0.029437,0.042895,-0.085917,0.022287,-0.16017,0.012476,0.033021,0.067036,0.18926,0.046289,0.16874,0.010766,-0.13478
-0.086202,0.15002,0.022744,0.076001,-0.10772,0.010177,-0.0984,0.083835,0.11701,0.05319,-0.044311,0.15374,-0.067539,-0.064712,0.082145,0.13261,-0.030874,0.022823,0.046593,-0.082643,0.051516,0.017088,0.065106,-0.21891,0.01903,0.1049,-0.032403,-0.084563,0.086401,-0.1463,0.06093,0.12596,-0.0091134,0.02198,0.034265,-0.18189,0.1994,0.050596,-0.18809,0.066659,-0.19281,0.15118,-0.0012571,-0.098447,0.072383,0.10918,0.24376,-0.075945,-0.20301,-0.19358,-0.058283,-0.052015,0.17701,-0.10952,-0.23725,-0.17916,-0.037027,0.046919,-0.047149,0.19606,0.058719,0.0011063,0.12577,0.16013,-0.062248,-0.070921,0.21228,-0.092985,0.13201,-0.027806,-0.0926,-0.047922,0.088404,-0.29687,0.054165,-0.092785,0.13741,0.03895,0.093384,-0.1834,0.26241,-0.30079,-0.048062,-0.068464,-0.018622,0.018651,-0.074961,0.18545,0.21285,0.098761,-0.10071,-8.8743e-05,-0.080103,-0.16141,0.12712,0.23315,-0.088899,-0.13692,-0.23168,-0.015247
-0.076651,-0.023324,-0.075991,0.10714,-0.035687,0.18878,-0.097632,0.045572,0.070217,-0.19565,-0.15482,0.09368,-0.22473,-0.014487,-0.09946,-0.112,-0.10439,-0.11486,-0.08123,-0.017811,-0.0080763,-0.092454,0.12348,-0.23068,0.22568,0.050422,0.14446,-0.065349,0.017449,-0.0835,-0.037223,0.18716,0.030648,0.051436,0.030589,-0.021441,0.25543,0.035781,-0.13371,-0.16087,-0.025903,0.13384,-0.14703,-0.052734,0.14414,0.01878,0.073662,0.024379,-0.25245,-0.030231,0.14816,-0.3063,0.097702,0.091886,-0.2327,-0.15003,-0.066427,-0.024052,-0.049621,0.19279,-0.10182,0.13772,0.02453,0.092884,-0.010246,-0.058051,0.071047,-0.17629,0.0080522,0.086941,0.01633,0.025036,-0.12861,-0.26943,-0.017112,-0.07543,0.20242,0.0063515,0.13115,0.092348,0.077936,-0.15243,-0.054414,-0.15182,-0.10732,0.10617,0.0089164,0.17432,0.18712,0.044551,0.011959,0.023804,-0.049516,-0.064753,-0.065551,0.1331,0.065839,-0.022749,-0.14626,-0.13231
-0.060415,0.15284,-0.15953,-0.157,0.061231,0.10859,-0.14544,0.19615,0.16577,0.074966,-0.23731,0.3326,0.084167,-0.11956,0.036079,0.055808,-0.26426,-0.29868,0.032452,-0.21341,-0.012654,-0.13234,0.1339,-0.33208,0.12214,0.058425,0.013274,-0.018388,0.077147,-0.11674,0.0022684,0.25327,0.15799,-0.0744,-0.051956,0.18784,0.23821,0.18489,0.082223,0.08768,-0.18731,-0.043088,0.0064578,-0.25685,0.052536,0.045232,0.16849,0.067941,-0.12448,-0.22993,-0.18848,-0.22597,0.23571,-0.0982,-0.17305,-0.266,-0.15798,0.080919,-0.018204,0.17919,0.19132,-0.11505,-0.17563,0.10542,0.11017,-0.049582,0.27137,-0.034832,0.16986,-0.04236,0.15929,0.069344,0.030786,-0.090032,0.03407,-0.0051553,0.14863,0.010846,0.057749,-0.015539,0.078443,-0.15321,0.17948,-0.35411,-0.29943,-0.06984,-0.12228,0.1618,0.18023,0.052004,-0.17035,-0.13454,0.035495,0.079633,0.14403,0.40746,-0.070268,-0.29941,-0.0066673,0.070106
-0.063142,0.072202,-0.030053,0.097581,-0.069437,0.24153,0.090979,0.061297,0.071461,0.10278,0.14844,-0.027277,-0.01528,0.047514,0.0086728,-0.097765,-0.10774,-0.08619,-0.10956,0.21898,-0.14928,-0.071265,-0.081867,-0.23859,0.087842,-0.028694,-0.059252,-0.19358,-0.021488,-0.18223,-0.026279,0.054629,-0.028588,0.19514,-0.090687,-0.14776,0.1061,-0.0076565,0.014234,-0.048711,-0.13507,0.05175,-0.22297,0.012503,-0.018014,0.2421,-0.047945,0.065367,0.14935,-0.016982,0.20797,-0.093623,0.13477,0.092069,-0.086567,0.074265,0.10383,-0.040473,-0.12882,-0.16696,-0.22085,-0.068516,0.029676,0.017308,-0.003472,0.047847,0.070418,-0.12629,-0.047668,0.13381,-0.0023678,0.22786,0.021099,-0.11636,-0.1899,0.027205,-0.30335,-0.17128,-0.077316,0.037601,-0.066243,0.11704,-0.25965,0.024531,-0.019997,0.26994,-0.070212,0.14828,0.090548,0.073432,-0.069477,0.017844,0.12633,-0.041995,-0.091794,-0.063372,-0.024721,0.10085,0.13734,0.12966
0.012619,-0.04481,-0.064651,-0.028803,-0.11755,0.039238,0.011051,-0.18825,0.1725,0.02306,-0.15547,-0.04003,0.093176,0.11221,-0.055421,-0.15211,0.16509,0.16134,0.074552,-0.089402,-0.078544,-0.18811,0.083035,-0.23685,0.14195,-0.021976,-0.0082907,0.006168,0.043055,-0.15209,0.018596,0.091604,0.084087,-0.075658,0.0257,0.054254,0.25251,0.0549,-0.1159,0.045142,-0.23298,0.14836,0.050596,-0.11236,-0.049792,0.15168,0.22603,-0.068936,-0.1005,-0.17437,-0.0099863,-0.29636,-0.057489,0.02285,-0.12549,-0.16455,0.17699,-0.0038628,0.060164,0.18306,0.024001,0.069534,-0.038641,0.048707,-0.0897,-0.022872,0.092085,0.07263,0.2029,0.096628,0.03854,-0.062083,0.074099,0.028756,0.10689,-0.23789,0.12797,-0.095563,0.13127,-0.022859,0.088981,-0.18498,0.19766,-0.079136,-0.17672,0.13597,-0.072893,0.1268,0.24415,0.1312,-0.18785,-0.1429,-0.076394,-0.29366,0.17408,0.15014,-0.016157,-0.13137,-0.11424,0.058632
-0.014304,0.10822,-0.12937,0.01389,-0.017684,0.1027,0.055656,0.12871,0.067937,0.095271,-0.00061681,-0.017464,-0.030821,0.025565,0.056371,-0.017139,0.14061,-0.053501,-0.081612,-0.071885,-0.066702,-0.12361,-0.062287,-0.037632,0.006443,0.016318,0.064526,0.059101,0.01056,-0.16532,0.11426,-0.048375,-0.057891,-0.079512,-0.23551,-0.062855,-0.098803,-0.13721,-0.00011907,-0.060422,-0.23873,0.077235,0.019624,-0.091044,-0.1228,0.12145,-0.0079326,-0.058394,0.094105,-0.24212,0.11641,-0.15492,0.10216,-0.011548,0.056923,-0.042221,0.098059,-0.15865,0.038846,0.17836,-0.0028624,-0.20039,0.23336,-0.060668,0.16203,0.11732,0.17584,-0.061967,0.063956,0.065564,0.019896,0.17551,-0.015452,-0.11236,-0.113,0.14594,-0.32615,0.12353,0.012149,0.075662,0.092003,-0.08421,-0.13867,0.071067,-0.20468,0.12797,-0.082766,0.14126,0.13016,0.11494,-0.12601,-0.13961,-0.097894,-0.19157,-0.084671,-0.13474,-0.060606,0.0031387,0.084771,0.088173
-0.16278,0.04718,-0.30365,0.18897,-0.017082,0.33256,0.016193,0.19676,0.10279,-0.09621,-0.069777,0.15422,-0.11719,-0.11152,-0.080843,-0.070389,-0.18927,-0.092944,0.034525,-0.11127,-0.17358,0.076464,0.00017024,-0.069364,0.09885,-0.038563,0.092694,-0.04677,0.11741,-0.044793,-0.067418,0.25634,-0.020893,0.035444,0.024863,0.0034475,0.15787,0.14814,-0.014374,-0.14221,-0.30957,0.15799,-0.14801,-0.096423,-0.027769,0.098959,0.093211,0.025288,-0.15809,-0.023194,0.07572,-0.094467,0.29307,0.17889,-0.20358,-0.044684,-0.10221,-0.048678,-0.1488,0.065461,-0.12712,0.071913,-0.089312,0.1247,-0.066799,-0.13069,0.059767,0.0059869,0.098082,0.013005,-0.024801,-0.0035019,0.11076,-0.092444,-0.063238,-0.20689,0.21839,0.017375,0.16804,-0.20382,-0.033411,-0.15231,0.03373,-0.022773,-0.033024,0.14558,-0.12134,0.14045,0.021321,0.022515,-0.1193,0.027885,0.11838,-0.13358,0.038896,0.15576,0.022464,-0.11224,-0.082089,-0.13799
0.094734,-0.053633,-0.11742,0.089074,-0.11521,0.31328,-0.27513,0.06355,0.24044,0.2552,0.012493,0.017983,-0.17934,0.18902,0.12088,0.24382,0.022674,-0.28268,-0.12596,0.25158,-0.23148,-0.047042,0.013601,0.092014,0.038864,-0.077065,0.0033438,0.10328,0.1014,-0.06687,0.0075831,-0.16205,-0.212,0.13394,0.1304,-0.16163,0.079343,-0.052084,-0.17628,-0.16843,-0.089242,0.09802,-0.16628,-0.052264,-0.051716,0.13796,-0.025045,-0.070514,0.13048,0.052049,0.041094,-0.14416,-0.080427,0.12704,0.084458,-0.0071892,0.070572,-0.051921,-0.13819,-0.040615,-0.047845,-0.050322,-0.004945,-0.17162,-0.15159,0.15774,0.06584,-0.1683,-0.063963,-0.085193,-0.043873,0.094598,0.14452,0.033033,-0.12798,-0.12286,-0.099888,0.027931,-0.060206,-0.040863,-0.17801,0.013842,0.061937,0.13801,-0.075614,0.044902,-0.065547,0.0042433,-0.031867,0.0095802,0.044122,-0.26624,-0.04054,-0.10574,0.062505,-0.062856,-0.062332,-0.074196,-0.03199,0.069047
-0.049884,0.06814,-0.14854,0.1361,-0.17744,0.13201,0.065018,0.028733,0.066914,-0.076749,-0.14846,0.25781,-0.15583,-0.04831,-0.15157,0.044185,-0.047991,0.028593,0.070773,0.014394,-0.042716,-0.035657,0.033167,0.080643,0.21592,0.085905,0.10914,0.096147,0.025751,-0.074206,0.053059,0.22489,0.067281,0.23098,-0.060212,0.089092,0.17967,0.13738,-0.093109,-0.091835,-0.16124,0.20707,-0.11923,-0.083203,-0.091172,0.096952,0.12075,0.0012552,-0.32388,-0.06491,0.041577,-0.24575,0.12827,0.068891,-0.27489,0.00010977,-0.035637,-0.12406,0.061858,-0.086582,-0.090671,0.28856,0.02816,0.0039273,-0.081436,-0.12317,0.047292,-0.10823,0.098015,0.11908,-0.023041,-0.067334,0.01348,-0.060214,-0.020699,-0.073535,0.26098,-0.025882,0.031545,-0.077616,-0.0045689,-0.11866,0.074387,-0.14708,-0.07334,0.036299,-0.035009,0.13165,0.14896,0.11821,-0.064909,-0.0066689,0.07149,-0.29797,0.065071,0.16952,0.010746,0.093777,-0.052912,-0.14183
0.098356,-0.057409,-0.052603,0.29238,0.1034,0.17434,-0.16994,-0.063862,0.13534,-0.17615,-0.13154,0.013331,-0.060349,0.09927,0.089029,0.018742,-0.11464,-0.050262,-0.030217,-0.17122,0.06366,-0.08255,0.15026,-0.21568,0.18366,0.11337,-0.040341,-0.14934,-0.065511,-0.080061,0.014975,0.13309,0.043421,-0.00027521,-0.21567,0.14519,0.074864,0.053078,-0.035637,-0.13406,0.09445,-0.040573,-0.17161,0.13613,0.012664,0.24843,-0.025496,-0.048715,0.0359,-0.095686,0.033959,-0.37544,-0.081086,0.18495,-0.0092221,0.001228,0.017489,-0.020633,-0.18766,0.014813,-0.29581,-0.032728,0.11393,0.19199,-0.02714,0.09037,-0.088169,0.049486,-0.091407,-0.005003,0.17354,-0.085885,0.049493,-0.072806,-0.11542,0.088828,-0.031735,-0.047733,0.2071,-0.11646,0.11484,-0.070266,-0.064665,-0.19754,-0.0025263,-0.034623,0.079407,0.034349,-0.018311,-0.062916,0.10685,-0.11357,-0.039323,-0.24179,0.2746,0.11882,-0.14836,-0.025554,-0.046737,0.021951
-0.033116,0.023223,-0.22596,0.20816,-0.018479,0.17755,-0.10594,0.057068,0.12691,-0.011288,-0.23172,0.095223,-0.12967,-0.03587,-0.045911,-0.032744,-0.078189,0.032913,0.063007,-0.036922,-0.058817,-0.083257,0.10349,-0.2588,0.044337,0.071079,-0.0019045,0.097472,0.089169,-0.1077,-0.10679,0.26126,-0.064547,0.10816,0.076965,0.025918,0.13142,0.11957,-0.13987,-0.03576,-0.27525,0.090783,-0.073924,-0.083145,-0.061363,0.024861,0.082409,-0.043739,-0.22887,-0.035529,-0.09272,-0.11054,0.21318,0.10183,-0.18359,-0.058417,-0.030486,0.13394,-0.11916,0.062419,-0.088023,0.099159,0.048014,0.11129,-0.085463,-0.015449,0.046878,-0.1893,0.19879,0.013189,0.01123,-0.17181,-0.13708,-0.13332,-0.058482,-0.21018,0.32607,0.081797,0.19013,-0.10846,0.15665,-0.20065,0.031876,-0.023968,-0.063229,0.062821,-0.048159,0.087464,-0.026172,0.12795,-0.062782,-0.038694,-0.10669,-0.14162,0.029096,0.13365,-0.15743,-0.036441,-0.16803,-0.20067
0.067071,0.098436,-0.15441,0.058611,-0.074105,0.02537,-0.053379,0.072042,0.063748,0.010835,-0.015659,0.10541,-0.11577,0.16892,0.046848,0.03067,-0.087653,-0.18896,-0.27154,0.18858,-0.11756,-0.037055,-0.0042693,-0.078893,-0.10193,-0.10608,0.21872,0.090893,0.03445,-0.23468,-0.0026877,0.018064,0.15367,0.19727,0.0094092,0.1967,0.013596,-0.060221,-0.05196,-0.018626,-0.02901,0.28282,-0.057271,-0.0069988,0.10492,-0.010023,-0.14255,0.038201,0.19698,-0.062485,0.18444,-0.052772,0.063433,0.21134,-0.065689,0.1028,-0.05932,-0.10499,-0.038514,-0.032222,-0.023059,-0.1228,-0.017477,0.078504,-0.13863,-0.092054,0.026683,0.017342,-0.029269,0.060628,0.11067,0.14039,-0.043688,-0.057924,-0.25376,0.029374,-0.048706,0.075315,0.0038978,-0.054778,-0.098382,0.11797,0.020372,-0.10282,-0.1621,-0.081228,0.035367,0.092019,0.032083,-0.24413,0.042824,-0.14898,0.091272,-0.17129,0.091659,0.12321,0.15647,-0.016615,-0.069936,-0.13224
-0.14519,0.080429,-0.027774,-0.035853,-0.12873,0.2142,0.023981,0.10453,-0.097566,-0.051456,0.22123,0.04245,-0.059723,-0.0080044,0.11788,-0.054395,0.31399,-0.06942,-0.050098,-0.027593,-0.11844,0.12255,-0.075373,-0.072012,-0.016778,0.095206,0.012055,-0.22655,-0.0071431,-0.042805,0.038661,-0.031553,-0.022613,0.022291,-0.21182,-0.14394,-0.0003243,-0.080628,-0.10759,-0.11709,-0.15976,0.074973,-0.11907,-0.16509,-0.099158,0.044908,0.030472,0.23889,-0.041859,-0.23639,0.023172,0.027577,0.035784,-0.071106,0.056143,0.020579,0.12492,0.021247,-0.05165,0.11649,-0.21247,0.13442,0.20317,0.19105,-0.060346,0.1945,0.14627,-0.1368,-0.0042564,-0.011945,0.043459,0.14996,-0.056862,-0.15714,-0.13121,0.087779,-0.10385,-0.052218,-0.013127,0.049011,-0.10281,-0.17122,-0.017612,-0.032165,0.23288,-0.043063,-0.10018,0.065441,0.080916,-0.14675,-0.12173,-0.010983,0.15763,-0.18548,0.012453,-0.049497,0.0092094,0.090827,-0.085744,0.065109
-0.014304,0.18995,-0.24401,0.053151,0.11149,0.032806,-0.11453,0.23755,0.20906,-0.054219,-0.038382,0.1145,-0.073179,0.098858,-0.1073,0.087758,-0.13879,-0.061512,-0.016339,0.041167,-0.0022031,-0.18822,0.1116,0.013377,-0.19398,0.014619,-0.04093,0.018096,-0.046124,-0.085639,0.067297,0.08466,0.069408,0.2139,-0.096075,0.1685,0.0040771,0.13702,-0.045042,-0.14782,-0.11118,-0.041348,-0.23436,-0.045346,-0.027424,0.16561,0.045031,0.16353,-0.093066,-0.053636,0.054919,-0.18746,0.082335,0.15985,-0.21002,0.12752,0.010764,0.18694,-0.054857,0.1149,-0.061236,0.23687,-0.035243,-0.068673,0.015872,0.084434,-0.16298,-0.13528,-0.04921,0.034843,-0.15456,-0.07215,0.1167,0.19681,-0.11951,-0.092012,0.032082,-0.19061,-0.14637,-0.080901,0.063522,-0.097115,-0.0053381,-0.10974,-0.13312,0.05274,-0.24409,0.06873,-0.025925,-0.098853,0.065567,-0.029913,0.06174,0.095143,-0.079874,0.10331,0.15955,0.14488,0.0087283,-0.070244
0.027285,0.11369,-0.24237,0.2031,-0.07059,0.25614,-0.087298,-0.012131,0.11562,-0.050339,-0.082594,0.13249,-0.20381,-0.11081,-0.19342,0.1056,-0.0092542,-0.058804,0.079445,0.057701,-0.098807,-0.070078,0.078572,-0.21989,0.067229,0.16047,-0.089698,-0.015276,0.11612,-0.072907,-0.19123,0.19646,-0.037453,-0.040992,0.031563,0.11175,0.013305,0.015508,-0.10176,0.0038645,-0.3437,0.005709,-0.094039,-0.1385,-0.027108,0.066823,0.12911,-0.041845,-0.26707,-0.074989,-0.060507,-0.092978,0.096196,0.072868,-0.10684,-0.090203,-0.049621,0.027289,-0.06421,0.0057261,-0.15429,0.19586,0.18752,0.02015,-0.073021,-0.030521,-0.044683,-0.060246,0.29078,0.01468,-0.01447,-0.071375,-0.1304,-0.16226,-0.047875,-0.11931,0.27976,0.097667,0.11313,-0.090983,0.18267,-0.18861,-0.093503,-0.032039,-0.13801,0.037896,-0.10248,0.083057,0.14885,0.15527,-0.068823,-0.18121,-0.1416,-0.066356,0.1046,0.14319,-0.12008,0.043467,-0.24864,-0.10182
-0.17803,-0.051039,-0.19411,-0.15164,-0.14543,0.19643,-0.088408,0.17325,0.14591,0.25082,0.072208,0.28343,-0.082399,-0.092088,0.048792,0.080731,0.0013822,-0.13827,-0.16893,-0.098287,-0.042995,-0.21971,0.1003,-0.0068848,-0.028988,0.18649,0.13643,-0.14369,0.19765,-0.026745,0.010679,0.14,0.15235,-0.16932,0.067351,-0.064282,-0.0024511,0.11508,-0.042879,0.1329,-0.26626,0.31303,0.19565,-0.088015,-0.12005,0.0039161,0.0099456,-0.20488,-0.0047067,-0.19116,0.088484,0.0061733,0.20085,-0.25933,0.0088214,-0.15589,0.25451,-0.28152,-0.036556,-0.02007,-0.04993,-0.34028,0.036169,0.055212,0.013559,0.2404,0.0035016,-0.29234,0.098724,0.056403,-0.16092,0.3722,0.09042,0.082149,0.045241,0.13325,-0.37482,0.24851,0.15912,0.048742,-0.038295,-0.09118,0.14238,0.059609,-0.22309,0.083168,-0.067982,0.12094,0.22482,0.03593,-0.11548,-0.21607,0.116,-0.18138,-0.12182,0.068928,0.081171,0.084906,0.15414,0.12535
-0.044009,0.0048069,0.050064,0.18899,0.00046598,0.18787,-0.0116,0.12554,0.1732,-0.13686,-0.15739,0.15593,-0.10384,0.0010708,-0.061027,0.014772,-0.17179,0.046563,0.1592,-0.081329,-0.044778,-0.030804,0.080492,-0.071346,0.19343,0.1357,0.0187,-0.19622,0.022083,-0.048749,-0.096957,0.10298,0.049385,0.093862,0.15327,-0.038487,0.16622,0.043787,-0.16701,-0.19622,-0.18811,0.028702,-0.11184,-0.11473,0.18012,0.04868,0.15512,0.010167,-0.16077,0.10727,0.091331,-0.16549,0.17276,0.21489,-0.076344,-0.091234,-0.039759,0.063389,-0.024039,0.2014,-0.16388,0.095577,0.041729,0.075423,-0.2007,-0.21598,0.10469,-0.042128,0.15393,-0.015567,0.13496,0.085123,0.0084917,-0.083515,0.011422,0.016665,0.16603,0.030672,0.15526,-0.056907,-0.020604,-0.27542,-0.011146,-0.24965,-0.098562,0.096904,-0.11474,0.11094,0.1565,0.18126,-0.06928,0.049259,0.056474,-0.17877,-0.027801,0.11186,0.054703,-0.1025,-0.19792,-0.21097
-0.086938,0.073083,-0.20872,-0.060236,0.041024,0.061798,-0.072515,-0.17864,-0.041644,0.15494,-0.12598,0.015996,-0.20016,-0.17127,-0.039675,0.038498,-0.023261,-0.24449,0.088414,-0.10427,0.26372,0.0060934,-0.056242,-0.16637,-0.040177,0.13837,-0.0092809,-0.018519,0.24728,-0.11943,-0.036612,0.37566,0.036182,-0.0054905,-0.061115,-0.084697,0.16677,0.094671,-0.14878,0.075686,-0.074884,-0.022132,0.11235,-0.17445,0.020739,-0.033443,0.17536,0.089632,-0.10336,-0.11856,0.080162,-0.13263,-0.032335,-0.21263,0.14354,-0.22967,0.10682,-0.077309,0.061418,0.29805,-0.0024282,-0.023663,-0.15629,0.051434,0.075906,0.061115,0.092636,-0.12228,0.29046,0.0054483,0.026269,0.042106,-0.054551,-0.11824,0.015946,-0.090458,0.14943,-0.021124,-0.011726,-0.078725,0.13648,-0.29937,0.0087486,-0.11291,0.15913,0.038175,-0.20403,0.2421,0.12601,0.20459,-0.09508,-0.014968,0.068522,0.037785,0.16753,0.24202,0.077934,-0.10751,-0.20771,-0.052862
-0.045408,-0.01167,0.11607,0.19918,0.0028538,0.17205,-0.041871,0.074294,0.17447,-0.14805,-0.13126,0.12736,-0.064827,0.0069056,-0.035521,-0.0059368,-0.21373,0.051933,0.16582,-0.053366,-0.056331,-0.060366,0.088529,-0.07164,0.15675,0.11613,0.019763,-0.20851,0.00073829,-0.058941,-0.093351,0.079228,0.056264,0.029737,0.11684,-0.049636,0.17068,0.012318,-0.15719,-0.095158,-0.15986,0.033362,-0.084436,-0.097838,0.16413,0.056862,0.12214,-0.0098079,-0.14569,0.076085,0.088513,-0.16008,0.13563,0.18349,-0.060739,-0.15046,-0.043947,0.085839,-0.011301,0.21367,-0.13102,0.08275,0.052544,0.1111,-0.21894,-0.23863,0.092616,-0.079241,0.17862,0.018184,0.13885,0.06195,0.061823,-0.1291,0.087853,0.064622,0.15775,0.028013,0.12587,-0.047604,0.019231,-0.25749,-0.0079149,-0.22464,-0.12017,0.085634,-0.056804,0.1059,0.17371,0.1798,-0.023999,-0.010374,0.063506,-0.21436,-0.025214,-0.021015,0.099057,-0.11626,-0.23462,-0.14707
-0.17317,0.040108,-0.11323,-0.088499,-0.04301,0.019168,-0.079252,-0.17493,0.027093,0.20555,-0.14903,-0.023456,-0.1513,-0.14025,0.078411,-0.0073279,-0.014596,-0.23469,-0.030276,-0.032711,0.30105,-0.03021,-0.17078,-0.10026,-0.043335,0.1228,-0.01554,0.058703,0.31123,-0.098671,-0.0078048,0.24566,0.0011542,0.067621,-0.21212,-0.0035778,0.09737,0.0072442,-0.075652,0.09124,-0.092756,0.12407,0.090796,-0.18555,0.083008,-0.098485,0.088195,0.057647,-0.11789,-0.14729,-0.041756,-0.040392,-0.034341,-0.21468,0.20689,-0.29449,0.097303,-0.12349,0.084469,0.12036,0.023218,-0.052427,-0.054351,0.08025,-0.043,0.05315,-0.011437,-0.04865,0.24514,0.02088,-0.10593,0.017598,-0.026307,-0.17065,0.063144,-0.031861,0.10424,-0.038297,0.02866,-0.11926,0.18754,-0.19813,0.0067567,0.062729,0.2196,0.098967,-0.16794,0.19583,0.16157,0.17914,-0.11901,-0.017218,0.096954,-0.042513,0.12375,0.25433,0.063552,-0.08761,-0.16386,-0.0044609
-0.12345,0.033714,0.077594,-0.093512,-0.10073,-0.14075,0.15056,-0.053915,-0.01085,0.039424,-0.019815,-0.056017,0.024492,-0.11855,-0.027144,0.11039,-0.066977,0.013965,0.084467,0.048253,-0.027093,-0.068851,0.019936,0.11582,0.015068,-0.002383,-0.11999,0.15566,0.13979,0.081681,0.013133,-0.064661,-0.078939,-0.12014,0.031896,0.021984,-0.075025,-0.20195,0.0012453,0.1189,-0.008201,-0.18284,0.15245,-0.069643,-0.092159,-0.20074,0.079969,-0.067822,-0.021105,0.16106,-0.078515,0.045109,0.1042,0.0079012,0.14494,-0.02144,0.052732,0.013623,0.049876,0.059194,0.085011,-0.054429,0.10713,-0.014732,-0.045286,0.028078,0.16758,-0.052802,0.25645,-0.11562,0.02392,-0.014943,-0.089917,0.0097805,0.098075,-0.0061053,0.049234,0.064101,-0.10729,0.13651,-0.091576,-0.11308,-0.071133,-0.074408,0.15976,-0.208,-0.080611,-0.059403,-0.15543,0.09996,-0.098463,0.16165,0.058358,0.1362,0.09125,-0.15425,-0.13357,-0.19798,0.12282,0.029495
-0.22628,-0.020486,-0.19327,-0.092425,0.0053051,0.026125,-0.13679,0.061118,0.28271,0.1449,-0.069743,0.19676,-0.14194,0.14284,0.0065843,-0.077401,-0.30712,-0.23886,-0.17832,0.1198,0.23723,-0.095353,-0.041363,-0.16176,-0.15593,0.0036847,0.030988,0.034918,0.062091,0.028061,-0.081871,0.22329,0.22245,-0.17186,0.053565,0.13994,-0.15769,0.12042,0.052314,0.035143,-0.035851,0.10065,0.068359,0.075639,-0.24201,-0.041511,-0.019721,-0.11808,-0.093436,0.049514,0.042042,-0.047611,0.027566,-0.15613,-0.05031,-0.14958,-0.0030878,0.065827,-0.090078,0.17684,-0.16192,-0.12545,-0.10807,0.05933,-0.066684,0.18315,-0.18513,-0.27688,0.067706,-0.12874,-0.034208,0.15383,0.097491,0.20742,-0.037845,0.064912,-0.10983,0.073901,0.0025291,-0.11583,0.16804,0.067807,0.11137,-0.0025223,-0.11283,0.12518,-0.066087,0.13282,0.1042,-0.23849,0.075418,-0.29083,0.056869,-0.062952,0.037586,0.25271,0.32901,0.30393,0.036928,-0.022117
-0.14224,-0.0049315,-0.26124,0.054643,0.030537,-0.034982,0.070265,-0.13523,-0.09036,0.14984,-0.17191,0.12986,-0.082161,-0.073892,0.042722,-0.071015,-0.0019567,-0.095105,0.075653,-0.050006,0.23454,-0.021676,-0.12941,-0.1403,-0.022432,0.18624,-0.033465,0.12036,0.31812,-0.17391,-0.067631,0.30939,0.025852,-0.075496,-0.077706,0.022716,0.12836,0.026872,-0.2476,0.070388,-0.022165,0.026116,0.041014,-0.21562,-0.012796,0.05109,0.094945,0.010702,-0.24536,-0.12344,0.075635,-0.06619,0.027021,-0.11146,0.11723,-0.18989,0.17101,-0.127,-0.0046961,0.22391,-0.025604,-0.072502,-0.20601,0.10626,0.06357,0.062078,0.10244,-0.21893,0.29125,0.016739,0.083833,0.0049039,-0.10641,-0.021249,-0.048106,-0.097479,0.18228,-0.13634,0.12386,-0.0049713,0.053479,-0.28691,0.085629,0.071071,0.214,0.11014,-0.14157,0.30945,0.001975,0.19613,-0.16729,-0.063177,0.0029768,0.0018691,0.16804,0.2098,0.16304,-0.067203,-0.19132,-0.063832
-0.17197,0.0019206,-0.10481,0.087272,0.075544,0.064816,-0.049362,-0.051953,-0.075526,0.34927,0.019572,-0.11703,-0.11164,-0.093234,0.23632,-0.15132,0.042608,-0.20997,-0.20206,0.10341,0.28261,0.073078,-0.14489,-0.041115,-0.24413,0.25928,-0.041084,0.094581,0.21847,-0.19771,0.074273,0.10474,0.059827,0.019713,-0.1075,-0.10735,0.084643,-0.15154,-0.26497,0.2402,-0.082023,0.071735,0.16983,-0.24821,-0.046351,-0.055634,-0.1414,-0.14799,0.087923,-0.15749,0.11837,0.19216,-0.026922,-0.22621,0.19847,-0.19325,0.26671,-0.32002,-0.072863,0.031508,0.0061326,-0.2026,-0.033052,0.10285,-0.0024528,0.070491,0.069189,-0.28932,0.051232,0.034846,0.081552,0.33997,-0.22576,0.047775,-0.08434,0.31726,-0.23142,0.027234,-0.19606,0.12928,-0.14858,-0.0010879,-0.13135,0.12096,0.26965,0.033211,-0.039151,0.3063,-0.072609,0.029397,-0.17953,-0.13922,-0.0097629,0.17862,0.079846,0.12583,0.097163,0.011668,-0.092263,0.21143
-0.12345,0.033714,0.077594,-0.093512,-0.10073,-0.14075,0.15056,-0.053915,-0.01085,0.039424,-0.019815,-0.056017,0.024492,-0.11855,-0.027144,0.11039,-0.066977,0.013965,0.084467,0.048253,-0.027093,-0.068851,0.019936,0.11582,0.015068,-0.002383,-0.11999,0.15566,0.13979,0.081681,0.013133,-0.064661,-0.078939,-0.12014,0.031896,0.021984,-0.075025,-0.20195,0.0012453,0.1189,-0.008201,-0.18284,0.15245,-0.069643,-0.092159,-0.20074,0.079969,-0.067822,-0.021105,0.16106,-0.078515,0.045109,0.1042,0.0079012,0.14494,-0.02144,0.052732,0.013623,0.049876,0.059194,0.085011,-0.054429,0.10713,-0.014732,-0.045286,0.028078,0.16758,-0.052802,0.25645,-0.11562,0.02392,-0.014943,-0.089917,0.0097805,0.098075,-0.0061053,0.049234,0.064101,-0.10729,0.13651,-0.091576,-0.11308,-0.071133,-0.074408,0.15976,-0.208,-0.080611,-0.059403,-0.15543,0.09996,-0.098463,0.16165,0.058358,0.1362,0.09125,-0.15425,-0.13357,-0.19798,0.12282,0.029495
-0.07978,0.14741,-0.13061,0.081041,0.051894,-0.065612,-0.041622,-0.07548,0.18734,-0.023714,-0.18081,0.17329,-0.10554,-0.10773,-0.13037,-0.11686,-0.00020795,0.058159,0.10545,-0.038456,0.030474,-0.11441,0.0085617,-0.07621,0.15625,0.034865,-0.14497,-0.13501,0.10772,-0.17916,-0.073958,0.2567,0.016445,-0.069344,-0.075541,-0.024463,0.03123,0.086101,-0.075564,0.042623,-0.11329,0.0027203,-0.17179,-0.2337,-0.08904,0.012952,0.015193,0.057612,-0.38295,-0.11237,-0.074153,-0.16892,0.027862,-0.073317,-0.081139,-0.061332,-0.013641,-0.029956,0.025463,0.012138,-0.15972,0.00039449,-0.076497,0.1605,0.029193,-0.07746,0.098242,-0.18899,0.078289,-0.0016448,0.10323,0.011438,0.044411,-0.1148,0.023702,-0.1481,0.26578,0.004018,0.062317,-0.006347,0.03773,-0.20445,0.092373,-0.094408,0.094798,0.27623,-0.037409,0.012582,0.15169,0.10662,0.10923,-0.13175,0.071515,-0.0065545,0.11035,0.05006,0.11545,-0.13533,-0.13941,-0.077584
