-0.12617,0.06158,-0.13035,0.043888,0.085486,0.067387,-0.10881,0.060897,0.15983,0.18791,-0.023223,0.16029,-0.22367,0.040268,-0.057965,0.011869,-0.048056,0.031344,-0.074753,-0.054203,-0.081335,0.034588,-0.0032001,-0.075189,0.24445,0.2417,0.20212,0.079685,-0.068799,-0.073847,-0.066263,0.034286,0.028835,0.11609,-0.07341,0.018424,0.025157,0.19136,-0.028852,-0.085648,0.091454,0.19286,-0.079429,0.05431,0.1188,0.049959,-0.048887,0.02496,0.08517,-0.33335,0.15614,-0.080954,-0.0053218,-0.22697,-0.01202,0.05367,1.753e-05,-0.01969,-0.077572,-0.056256,-0.069367,-0.21053,0.037525,0.058638,0.14155,-0.028801,0.1078,-0.011456,-0.063164,0.24672,-0.11924,0.30904,0.19751,0.033988,-0.12076,-0.014404,-0.11021,-0.063954,-0.028204,-0.17948,-0.11772,-0.059072,-0.062586,-0.12262,-0.049159,0.24194,-0.12983,0.13791,0.11946,-0.060218,0.0090893,-0.2091,0.13388,-0.056611,-0.047523,0.069028,0.11839,-0.16223,-0.054344,0.062732
0.080692,-0.029875,0.0015994,0.1361,-0.074816,-0.010591,-0.32929,0.063747,0.20861,0.045496,-0.0063402,0.098046,0.072813,0.081065,0.036073,0.035893,-0.099529,-0.083883,-0.10502,0.098855,-0.11646,-0.14892,-0.071148,0.076571,0.14206,-0.057814,-0.0036981,0.0062616,-0.12855,0.069404,-0.029041,-0.06135,-0.10864,0.086036,0.037243,-0.071348,0.23118,0.084551,-0.10719,-0.11307,0.055062,0.16953,-0.1669,-0.042932,0.1365,0.042014,-0.005973,0.12778,0.20515,-0.12151,0.06409,-0.19633,-0.020131,0.16236,-0.0509,0.0073438,0.097688,-0.19853,-0.012886,0.073998,-0.32409,0.032005,0.0086444,0.046384,0.13036,0.26472,-0.01957,0.20919,-0.22019,0.04826,0.00048435,-0.088053,0.078451,-0.057449,-0.1696,0.031875,-0.0080042,-0.0087589,0.017978,-0.017306,-0.096056,-0.081232,0.061669,0.032267,0.13716,0.097095,-0.067329,0.034529,0.23455,-0.076119,0.12529,-0.083881,-0.04841,-0.22108,0.020785,0.035168,0.10848,-0.11175,-0.021714,-0.050008
-0.12123,0.071425,-0.098702,0.098612,0.006073,0.14936,0.072502,0.14317,0.21132,0.08022,-0.21675,0.24778,-0.15496,-0.069887,-0.16204,-0.058872,-0.14434,-0.055079,0.13178,0.056932,0.018713,-0.064715,0.0384,-0.16131,0.20084,-0.037223,0.067826,-0.077844,0.057139,-0.029756,-0.0037079,0.28728,-0.053766,0.10283,-0.013829,0.020456,0.1758,0.095037,-0.1076,0.053919,-0.16699,0.055053,0.050136,-0.24555,0.05321,-0.056076,0.1007,0.017415,-0.1947,-0.02743,0.10471,-0.19622,0.070793,0.12142,-0.01794,-0.026048,-0.045538,-0.02689,-0.024399,0.14549,-0.068865,0.10398,-0.024265,0.10187,0.072933,-0.080687,0.14134,-0.099656,0.025597,0.021311,0.13003,0.00325,-0.014713,-0.20956,0.19172,-0.085979,0.16986,-0.041263,0.032906,0.010314,0.12541,-0.20663,-0.030122,-0.31865,-0.17691,0.070742,-0.016335,-0.12823,0.11756,0.1815,0.028428,0.047147,0.029929,-0.16847,0.016984,0.097884,0.061566,-0.053107,-0.10658,-0.21254
1.733e-06,0.024991,0.1101,0.2204,-0.029524,0.17668,-0.0287,0.039425,0.16077,-0.12838,-0.13628,0.11694,-0.065602,0.041503,-0.075943,-0.089214,-0.10029,0.17669,0.078699,0.022648,-0.052862,-0.13331,-0.072685,-0.058226,0.12418,0.11378,-0.053387,-0.17351,-0.060931,-0.101,-0.030205,0.082402,-0.011044,0.035468,0.038747,0.063199,0.12704,0.0017437,-0.15029,-0.056197,-0.11686,0.059497,-0.11289,-0.062729,0.12988,0.1548,0.076362,-0.093993,-0.24508,0.10375,0.050846,-0.2797,0.018199,0.17745,-0.1008,-0.14275,0.061548,0.13518,0.02223,0.10565,-0.18315,-0.0079747,0.048889,0.10176,-0.17394,-0.21799,0.10565,-0.17511,0.1616,-0.044163,0.08482,-0.061297,0.015401,-0.079028,0.010539,0.053812,0.21058,-0.072614,0.20021,0.028919,-0.0257,-0.21062,0.055832,-0.1073,-0.058127,0.13214,0.021814,0.14228,0.094416,0.19795,-0.029823,-0.01263,-0.035597,-0.22672,0.0050581,0.063276,0.059455,-0.074061,-0.25913,-0.1218
-0.035032,0.094136,-0.13349,0.15195,0.059588,0.18595,0.014058,-0.016002,0.026871,0.037146,-0.068328,0.089058,-0.020692,-0.061493,-0.11531,-0.078282,-0.19007,0.081544,0.028191,-0.14388,-0.074,-0.00072282,-0.11016,-0.059142,0.092395,-0.070417,-0.0075066,-0.026946,0.17002,-0.22627,-0.01404,0.19099,-0.13631,-0.12012,0.015035,0.084589,0.061015,0.075441,-0.088788,-0.17309,-0.061916,0.15136,-0.056542,-0.14368,-0.0023879,-0.038298,0.15665,-0.12175,-0.17997,-0.16824,0.11806,-0.19923,0.18203,0.16542,-0.13854,-0.070761,-0.038162,0.11443,-0.090922,0.18417,-0.042728,-0.037032,-0.078726,0.067097,0.03979,-0.15045,0.21494,0.017161,0.20671,0.013466,0.10651,-0.020814,0.084711,-0.12834,0.052631,-0.11634,0.24588,0.098473,0.0092881,-0.027105,0.14537,-0.25623,0.054395,-0.043493,0.0042131,0.16649,-0.077908,0.18955,0.08794,0.14888,-0.029943,-0.060905,-0.023993,0.045483,0.24218,0.17185,-0.09935,-0.043561,-0.13054,-0.20509
-0.004068,-0.051091,0.099351,0.21482,-0.0018531,0.2329,-0.020174,0.036696,0.15938,-0.17009,-0.17206,0.10286,-0.054658,-0.064409,-0.010407,-0.093097,-0.23987,0.12106,0.12348,-0.038336,-0.01916,-0.034233,0.021927,-0.071221,0.20945,0.085946,-0.066247,-0.17668,0.00095053,-0.07935,-0.028902,0.11716,-0.007619,0.061742,0.073223,0.028978,0.15687,0.084992,-0.13393,-0.13403,-0.10225,0.1019,-0.019851,-0.037946,0.13064,0.094322,0.13324,-0.047608,-0.18613,0.092931,-0.030737,-0.19979,0.055675,0.10258,-0.098822,-0.10779,-0.026088,0.090662,0.0053566,0.12848,-0.20073,0.068105,0.048502,0.098383,-0.19506,-0.15782,0.14391,-0.15112,0.098728,-0.014055,0.13696,0.029978,0.0076122,-0.15491,-0.0027124,-0.054892,0.22378,-0.090064,0.20067,-0.0368,-0.013871,-0.22281,0.10617,-0.11928,-0.062035,0.17074,-0.036087,0.093184,0.11099,0.16676,-0.034597,-0.017336,0.0060324,-0.2004,0.0065414,0.11274,0.10794,-0.095423,-0.21729,-0.094963
0.015179,-0.013881,0.075567,0.19311,0.053528,0.30265,-0.01198,0.12735,0.1323,-0.087253,-0.20203,0.10168,-0.068249,-0.037516,-0.093319,-0.1177,-0.22777,0.12681,0.149,-0.05846,-0.010183,0.001364,0.028555,-0.085064,0.19984,0.066252,-0.032032,-0.21091,0.015347,-0.051653,-0.010437,0.1427,-0.038406,0.10882,0.064947,0.0071016,0.12064,0.11628,-0.18404,-0.19365,-0.12134,0.10447,-0.042082,-0.16386,0.12465,0.065172,0.18799,-0.076161,-0.17124,0.09067,0.058417,-0.22893,0.18905,0.15726,-0.13099,-0.046722,-0.024553,0.1702,-0.018284,0.1495,-0.21357,0.063324,-0.013138,0.11034,-0.12897,-0.18346,0.095357,-0.15822,0.103,-0.0556,0.12754,-0.027282,-0.016725,-0.22371,-0.015018,-0.12972,0.19052,0.016306,0.21722,-0.090614,0.02716,-0.21472,0.10328,-0.18514,-0.024564,0.15369,-0.046432,0.06217,0.10853,0.13476,-0.016403,0.079939,0.016759,-0.17368,0.00265,0.15794,0.096118,-0.10817,-0.15806,-0.15605
0.18319,0.14063,-0.21,0.19139,-0.07614,-0.00074284,-0.093591,-0.061745,0.063649,-0.19936,-0.11752,-0.012868,-0.18131,0.16674,0.114,-0.11636,0.0072809,0.097035,-0.24272,0.10637,-0.049967,-0.25739,-0.013004,-0.16619,0.12529,0.13284,0.026586,-0.29556,0.18974,-0.10125,-0.067563,0.17943,-0.021928,0.056907,-0.078161,0.17842,0.040775,0.058584,-0.039621,-0.15774,-0.032053,0.029882,-0.024399,-0.0023862,0.0024337,0.076605,0.18979,0.045321,-0.31251,-0.28123,0.050222,-0.11892,0.10302,0.051954,0.21571,0.041459,0.091086,0.04316,-0.17894,0.19097,-0.13011,0.079323,-0.14397,0.19944,-0.0088302,-0.13555,0.063126,-0.15041,0.14559,-0.089949,-0.036018,-0.10131,0.0049122,-0.14572,-0.16692,-0.075179,0.044336,-0.072041,0.19301,-0.06282,0.096665,-0.20858,0.239,0.13981,-0.095692,0.058117,-0.10306,0.1527,0.088196,0.13757,-0.011236,-0.062552,-0.053664,-0.27381,0.27993,0.1585,0.14223,0.18845,-0.33364,-0.10948
-0.21508,0.12684,-0.030367,-0.0045532,0.003213,0.19723,0.071419,-0.025499,0.26987,0.011429,0.12565,-0.075041,-0.012288,0.079576,-0.021016,0.04225,-0.075072,-0.19194,-0.10642,0.027261,0.0043705,-0.019257,-0.058238,-0.15606,-0.026707,0.14398,0.042404,-0.19153,-0.036939,-0.031689,-0.091584,0.10985,0.043294,0.071577,0.0059691,-0.11043,0.050547,-0.021028,0.025966,-0.13228,-0.17366,0.1529,-0.015443,-0.0025656,-0.029946,0.13045,-0.1145,-0.19527,0.11999,-0.2272,0.076746,-0.13591,0.1135,0.10693,-0.054763,-0.0016189,0.070371,-0.11838,-0.16675,-0.097641,-0.0125,-0.22778,-0.035267,0.12272,0.038491,-0.02985,-0.028616,-0.17222,0.057246,0.21458,-0.052892,0.22154,-0.072629,-0.11047,-0.03076,0.0074915,-0.21869,0.083342,0.030556,0.076858,-0.086531,-0.065877,-0.16651,-0.027037,0.19518,-0.061234,-0.076585,0.064535,0.18806,0.0037239,-0.042992,-0.10275,-0.02888,-0.10894,-0.008072,0.02539,-0.16968,0.040275,0.16438,0.14317
-0.17358,0.089318,-0.18403,-0.022497,0.04663,0.1818,0.044836,0.061908,-0.099328,0.13993,0.040123,0.042704,-0.10103,-0.013246,0.051394,-0.21395,-0.095274,-0.087656,-0.24349,0.0030923,-0.0032357,-0.15851,-0.19239,-0.020459,0.10264,0.039478,0.041405,-0.23592,0.10841,-0.15053,-0.016459,-0.067393,0.062806,0.021989,0.009776,-0.056372,0.031817,0.0412,-0.13247,0.056903,-0.06573,-0.0057583,-0.045597,-0.16601,-0.049073,-0.016519,-0.088002,0.054433,0.10908,-0.20426,0.015081,0.047654,0.15829,0.1133,-0.1016,-0.029325,0.082493,-0.20857,-0.012393,-0.080546,-0.046754,-0.1807,0.050405,0.018334,0.010265,-0.095061,0.099983,-0.022562,0.055925,-0.03484,0.028922,0.16374,-0.011549,-0.12614,-0.15928,0.24066,-0.21777,-0.10815,-0.23054,0.0099652,-0.11494,-0.13943,-0.055889,-0.013285,0.017704,-0.10609,-0.19844,0.19363,-0.034949,-0.043859,-0.07568,-0.071843,0.16244,-0.097503,0.062863,-0.034937,0.10553,-0.092747,0.05344,0.10219
-0.12792,0.074715,-0.103,0.03349,0.0063726,0.23254,-0.07004,0.22174,0.14609,-0.080757,0.060004,0.1092,-0.13306,0.066288,-0.002983,-0.037186,0.025893,0.031576,-0.19154,0.057551,-0.077731,-0.1804,-0.10977,-0.20312,0.02544,0.041624,0.14191,-0.22945,0.020172,-0.1381,0.20931,0.030519,-0.05591,0.097611,0.0014092,-0.070377,0.015608,0.11889,-0.015618,-0.14693,-0.1219,0.016575,-0.07092,0.0065375,0.0092136,0.14345,-0.0578,0.1194,0.036598,-0.25031,0.19846,-0.026167,0.056741,0.093985,-0.18174,-0.014907,0.055024,-0.11017,-0.13715,-0.090069,-0.11805,-0.22089,-0.02119,0.023577,0.15378,-0.11718,0.041506,-0.15003,-0.080291,0.078428,0.024708,0.22538,-0.056731,-0.15529,-0.0045906,0.15499,-0.29065,-0.054973,0.013464,0.043223,-0.011507,-0.0031128,-0.19976,-0.10943,-0.030036,0.12015,-0.15358,0.11453,0.18334,-0.0093735,-0.096832,-0.029768,-0.099472,-0.06154,-0.028396,-0.13179,0.00026643,0.085688,-0.028734,0.0027365
-0.0070788,0.2076,-0.10368,0.085111,-0.018011,0.035312,0.0050033,-0.020911,0.11852,-0.0134,-0.12732,0.01153,-0.22428,-0.049778,-0.083935,-0.10178,-0.083773,-0.17108,-0.021547,-0.16723,0.016514,0.077636,-0.010684,-0.23029,0.18845,0.017254,-0.067887,-0.16844,0.019502,0.00030676,-0.042136,0.17147,0.060689,0.0093775,-0.034766,-0.15352,0.31219,0.10641,-0.029849,-0.11858,-0.055421,0.11385,-0.13858,-0.054446,0.040746,0.085907,0.29048,-0.02702,-0.31274,-0.14234,0.012684,-0.24949,0.053485,0.0089605,-0.088243,-0.14827,-0.1726,0.018073,-0.15097,0.22285,-0.16421,0.15181,-0.090892,0.20126,-0.043913,-0.091168,0.068061,-0.08052,0.043873,-0.040408,0.060929,0.0082144,-0.036138,-0.22578,0.095018,-0.020488,0.081984,-0.068828,0.22359,-0.095735,0.11568,-0.30504,-0.010468,-0.17498,-0.0071216,0.091296,0.029871,0.043893,0.068073,-0.014401,-0.11026,-0.094497,-0.062605,-0.27448,0.070932,0.31919,0.087736,-0.1181,-0.26919,-0.016212
-0.087833,-0.015475,0.034224,0.17349,-0.026513,0.25228,-0.24715,0.22377,0.16813,0.036205,0.0038033,0.10046,-0.20673,-0.0068141,0.046591,0.012393,-0.039807,0.042083,-0.090106,0.038905,-0.22069,-0.24335,-0.088718,-0.056184,0.17145,0.031862,-0.066054,-0.1229,-0.14823,-0.047508,0.025622,0.01854,0.014873,0.15564,0.048734,-0.093053,0.13236,-0.099152,-0.14372,-0.11689,-0.028582,0.058207,-0.14458,-0.14053,-0.025076,0.055981,-0.050667,0.029188,0.18159,-0.2582,0.17133,-0.055162,0.11279,0.070899,-0.096284,0.023533,0.15366,-0.053432,-0.036752,-0.052298,-0.18704,-0.026317,0.008752,0.014984,0.070931,0.037814,0.062988,0.0043762,-0.1373,0.1237,0.054909,0.30687,0.069748,-0.10086,-0.055406,0.19968,-0.36981,0.028215,0.064737,0.10269,-0.10284,-0.089772,-0.10632,-0.0019321,0.10478,0.19654,-0.18516,0.14945,0.13596,0.10194,-0.072265,-0.074256,-0.056617,-0.16056,-0.028267,-0.022165,0.058761,-0.0040237,-0.00052081,-0.0073902
-0.060004,0.034491,-0.093315,-0.1746,0.14833,-0.11724,0.0085553,-0.089293,0.20774,0.035478,-0.020371,-0.20086,-0.010892,0.19856,-0.019225,0.017488,-0.18062,-0.05802,-0.29772,-0.068952,0.040741,-0.13131,0.065427,-0.046346,-0.18989,0.040496,0.14003,0.12627,0.12754,-0.18586,0.1126,-0.093688,0.066395,-0.024637,-0.15104,0.09813,-0.17599,0.013042,-0.11247,-0.093497,-0.18403,0.23847,0.13365,0.0018834,-0.085322,-0.048035,0.1052,-0.19904,0.083451,-0.013072,-0.040769,-0.015278,0.0023428,0.052169,0.13025,-0.031085,-0.049382,-0.10921,0.034396,0.16245,0.0033254,-0.070648,0.078374,-0.20085,-0.0074377,0.079218,-0.025316,0.11462,0.10657,-0.058435,-0.035795,0.11435,0.021971,0.13454,-0.074576,-0.003786,-0.25102,-0.18082,-0.093531,-0.24728,0.026518,0.070429,0.031763,0.060624,-0.24622,0.2157,-0.1217,0.13391,0.22877,0.0029031,-0.044707,-0.24474,-0.11988,-0.063336,0.12913,0.098679,0.2171,0.19547,0.139,0.048081
-0.04354,0.10399,0.012656,0.14827,-0.045892,0.16803,-0.047315,0.038835,0.20753,0.023281,-0.046468,0.15203,-0.24694,-0.18749,-0.23692,-0.083495,-0.13158,-0.042194,0.065804,-0.11982,0.038413,0.073132,0.19356,-0.14433,0.14534,0.21345,0.27219,-0.22849,-0.083833,-0.059466,-0.16387,0.2364,-0.10919,-0.055373,0.068466,-0.1556,0.23838,0.26074,-0.041346,-0.15424,-0.13436,0.24948,0.035502,-0.011745,0.078635,0.062882,0.090543,0.16289,-0.10035,-0.22161,-0.029251,-0.28585,0.045631,-0.019995,-0.13009,0.021414,-0.19732,-0.10036,-0.052264,0.094701,-0.11159,0.10266,0.015996,0.14789,-0.026425,-0.070725,0.028032,-0.25771,0.19059,0.20589,0.04765,-0.085309,0.096008,-0.37322,0.11895,-0.12891,0.1605,0.060906,0.018255,0.017283,0.093724,-0.35686,0.089739,-0.20493,-0.047657,0.060371,-0.12571,0.013069,0.22881,0.069413,-0.001727,-0.027195,-0.15524,-0.073634,0.084505,0.083036,-0.042876,-0.15178,0.039859,-0.12037
-0.11864,0.16793,-0.031202,-0.1218,-0.18503,0.13633,0.082536,0.1034,-0.053118,0.066521,0.098168,0.13085,0.013247,0.14019,0.1483,0.052327,0.08177,-0.13218,-0.009073,-0.14926,-0.040928,-0.10425,-0.13845,-0.049033,-0.096924,0.058887,-0.061233,-0.087129,0.10466,-0.1574,0.14492,0.11888,0.069091,-0.047446,-0.075167,-0.087377,0.10944,-0.1813,-0.046389,-0.13816,-0.21206,0.19928,-0.040773,0.0022133,-0.079141,-0.046036,0.058089,-0.097816,0.044204,-0.086569,0.0008949,-0.068694,0.15816,-0.031107,0.009526,-0.17751,0.13524,-0.20318,-0.14359,-0.078495,-0.070932,-0.074974,0.1537,0.034336,-0.11632,0.11566,0.2316,-0.032949,0.036504,-0.068405,-0.085481,0.196,0.05353,-0.057733,-0.070066,-0.011383,0.016849,-0.0040163,0.065125,-0.055953,-0.11548,-0.056381,-0.092006,0.085948,0.12367,-0.040601,-0.066622,0.15169,0.062445,-0.040051,-0.10435,0.024591,0.013176,-0.14393,0.11519,-0.11476,-0.1314,-0.0016484,0.043469,-0.026868
0.020921,0.017433,-0.075923,0.055824,0.010268,0.13731,-0.15813,0.058555,0.24327,-0.10517,-0.11036,0.034423,-0.22432,-0.02686,-0.059196,-0.20756,-0.081766,-0.051374,-0.040452,-0.13126,0.0083373,0.016429,0.08411,-0.20732,0.13108,-0.0081132,0.085939,-0.097572,-0.057006,-0.1394,0.0016272,0.20195,-0.0088834,0.2099,-0.014245,-0.07395,0.28145,0.23903,-0.033355,-0.031693,-0.20559,0.10089,-0.14467,-0.046943,0.076264,0.069814,0.1947,0.20078,-0.24317,0.12742,0.11598,-0.26224,0.038598,0.10877,-0.16891,-0.12664,0.026658,0.070122,-0.173,0.18895,-0.22204,0.10322,-0.032528,0.099924,0.006954,-0.138,0.17723,-0.01041,0.053703,0.10134,-0.0050731,0.056487,0.02164,-0.26804,-0.027154,-0.064245,0.11895,0.077081,0.13448,-0.15378,0.2369,-0.20187,-0.013237,-0.17232,-0.04461,0.18096,-0.10491,0.059052,0.18313,0.058287,-0.0824,0.10754,-0.053466,-0.2119,0.11926,0.18189,0.021018,-0.033446,-0.20198,-0.17026
0.16493,-0.049976,-0.090738,0.11869,0.15537,0.031764,0.11968,-0.024399,0.057805,-0.23722,-0.16131,0.0050856,-0.095537,-0.087394,-0.023919,-0.06188,-0.033272,0.084756,0.032973,-0.084079,0.049103,-0.14903,-0.1223,0.0032003,0.18477,-0.11101,0.15369,-0.083507,0.1567,-0.21995,0.057679,0.15881,-0.12189,0.013455,-0.24998,0.12507,0.11435,0.073832,-0.11459,-0.040797,-0.12328,0.035863,0.049169,0.099482,-0.0048646,0.14288,0.12669,0.089566,-0.16749,0.023589,-0.031903,-0.18946,-0.13416,0.073077,0.15317,0.096285,0.07573,0.16417,-0.049684,0.050599,-0.13277,0.097744,-0.046514,-0.13839,-0.0040988,-0.10541,0.04465,0.036938,0.16623,-0.025121,-0.11338,-0.13179,0.12483,-0.32074,0.088145,-0.09149,0.24876,-0.0053734,-0.049301,-0.16753,0.32725,-0.081296,-0.038997,0.11486,-0.16885,0.086491,-0.043653,0.29566,0.11523,0.24133,-0.072661,-0.12586,-0.17167,-0.10684,0.035261,-0.021152,0.15653,-0.072239,-0.17631,0.0069134
0.021161,0.059413,-0.12689,0.096532,0.036224,0.012086,-0.046754,0.071023,0.10003,-0.14337,-0.027609,0.029923,-0.17135,-0.18307,-0.14563,-0.16368,-0.13502,-0.073679,0.045784,-0.07174,0.066089,-0.056973,0.052708,0.068583,0.077256,-0.0050751,0.065717,0.095336,0.091774,-0.19514,0.053808,0.27224,-0.13317,0.13918,-0.088788,-0.075359,0.14288,0.061641,-0.15336,-0.10617,-0.075532,0.016823,0.10498,0.063379,0.07309,-0.14809,0.10856,0.19007,-0.21423,-0.039588,-0.0020968,-0.22863,-0.024613,-0.044201,0.025055,-0.066787,0.037707,-0.020591,-0.049221,0.27871,-0.085678,0.050533,0.026223,0.073603,0.10242,0.0037139,0.16962,0.01027,0.10898,-0.082685,-0.034605,0.039575,0.058881,-0.18749,0.048514,-0.15723,0.19412,0.073597,-0.045645,-0.18021,0.217,-0.19301,-0.092558,-0.044011,-0.016185,0.093074,-0.13076,0.19785,0.17867,0.22556,-0.097628,-0.031604,-0.052958,-0.14437,0.15913,0.044513,-0.033209,-0.088603,-0.13877,-0.11889
-0.091615,-0.00021103,0.13253,0.032899,-0.19179,0.3784,-0.06287,0.29737,0.10295,0.16052,0.083762,0.24176,-0.057868,0.21602,0.08975,0.085959,-0.022305,-0.17989,-0.19652,0.038965,-0.13821,-0.073341,-0.19452,-0.048868,0.016247,-0.00039481,-0.25605,-0.3061,-0.078388,-0.1801,-0.060311,0.00065581,0.37581,0.039955,0.087331,-0.001213,0.0061958,0.0034642,-0.12898,-0.15679,-0.22148,0.1355,-0.038054,-0.062772,-0.12824,0.1281,0.06958,-0.012037,0.086928,-0.13508,0.025245,-0.19099,0.22601,-0.070386,-0.18986,-0.28657,0.16177,-0.023787,-0.0037602,0.011664,-0.052752,-0.12162,0.067288,0.12363,-0.11812,0.036331,0.024583,-0.095974,0.043322,0.087821,0.066311,0.2403,-0.018765,-0.014258,-0.30045,0.14835,-0.15193,-0.036273,0.11841,-0.0094802,-0.1761,-0.029744,-0.12071,0.17516,0.033828,0.089966,-0.13921,0.078272,0.21443,-0.069753,-0.16317,-0.17248,0.099319,-0.12282,-0.14565,0.048123,0.13843,0.016714,0.041154,0.00747
-0.00071296,0.077623,-0.12237,0.0034192,0.069391,-0.18116,-0.034693,-0.046361,-0.061308,0.23898,0.0022344,-0.1962,0.018945,0.1679,0.011966,0.064438,0.093369,-0.12597,-0.13666,-0.19401,-0.014798,0.082228,0.067783,-0.036673,-0.01859,0.051621,0.13718,0.030683,0.0097863,-0.19335,0.035072,-0.18476,-0.12224,-0.037559,-0.010776,-0.2002,-0.1593,0.023781,0.041148,-0.020006,-0.08652,0.068961,0.090311,-0.061643,-0.13244,0.094093,0.08788,-0.31442,0.094955,0.039939,-0.10696,0.04068,-0.0043519,0.017036,0.23497,-0.018752,0.09609,-0.2116,0.14947,0.19586,0.006898,-0.15316,0.036512,-0.075431,0.24107,0.06987,0.10903,-0.17237,0.001277,-0.12371,-0.12666,-0.043112,0.13731,0.14849,0.0074647,0.13821,-0.28907,-0.074439,-0.12107,-0.094784,-0.034821,0.16621,0.033984,0.15798,-0.13423,0.11753,-0.14973,0.13325,0.13287,0.1058,0.0044715,-0.29756,-0.12276,0.0033512,0.05026,-0.074938,0.03234,-0.07959,0.0033907,-0.012785
0.0032776,-0.010447,0.030729,0.11926,0.0084932,0.22814,-0.029026,0.069099,0.12857,-0.082379,-0.14682,0.093233,-0.14937,-0.022195,-0.082153,-0.03246,-0.17686,0.077934,0.15826,-0.1,-0.068796,-0.03658,0.11185,-0.1074,0.16984,0.087703,0.018772,-0.24298,-0.039226,-0.028275,-0.079642,0.17638,0.022539,0.10732,0.1048,0.026844,0.15627,0.10608,-0.14188,-0.1958,-0.12625,-0.0038797,-0.092353,-0.11205,0.16335,0.03735,0.20804,-0.037381,-0.1127,0.11233,0.087457,-0.23388,0.13637,0.16295,-0.10248,-0.11404,-0.093154,0.15432,-0.0010284,0.18923,-0.18465,0.12196,0.027316,0.1194,-0.14775,-0.17895,0.092492,-0.077407,0.12331,0.029971,0.14931,0.015445,-0.033612,-0.1656,0.0051013,0.023399,0.18669,0.078173,0.12934,-0.042649,0.037338,-0.24897,0.055409,-0.288,-0.094767,0.12321,-0.06229,0.10889,0.19337,0.14281,-0.084125,0.046787,0.036787,-0.16569,0.0026658,0.098182,0.026226,-0.10425,-0.1672,-0.19012
0.04035,0.20323,-0.09429,0.31664,-0.032761,0.05278,-0.029,0.018221,0.12981,-0.19692,-0.030273,0.064128,-0.11781,0.058538,0.082452,-0.027673,0.069449,0.11843,-0.18207,0.072651,0.081957,-0.082997,-0.053455,-0.22033,0.25517,-0.060075,-0.00028095,-0.21328,0.27349,0.024651,-0.0060274,0.11163,0.033022,0.040311,-0.13936,0.042973,0.15141,0.16757,-0.054155,-0.11446,-0.19214,0.12664,0.10087,-0.007862,0.10565,-0.070127,0.13843,0.044257,-0.21689,-0.30534,-0.091857,-0.091443,-0.053329,0.023794,0.15262,0.010049,-0.016598,-0.026216,-0.14359,0.11614,-0.16821,0.034972,-0.091739,0.071947,-0.17855,-0.20388,0.098922,-0.017136,0.18908,-0.086636,-0.04267,-0.00035851,0.07545,-0.048469,-0.11607,-0.16494,0.24426,-0.049722,0.17421,-0.13361,0.086373,-0.29459,0.096743,0.16778,-0.045345,0.030812,-0.088906,0.18671,-0.027617,0.068602,-0.10779,-0.12315,-0.014991,-0.28717,0.10551,0.22743,0.099278,0.044129,-0.37996,-0.081622
0.041475,0.14343,-0.047168,0.2304,0.019151,0.13724,0.08249,-0.097566,0.082534,-0.087901,-0.026261,0.1298,0.0097608,-0.033225,-0.078615,-0.021892,-0.096752,0.075714,0.049331,-0.075745,0.019939,-0.069842,-0.10553,-0.051004,0.15183,-0.065474,-0.016882,-0.056664,0.27171,-0.15518,-0.063408,0.16219,-0.058095,-0.17562,-0.098009,0.071337,0.063118,0.089854,0.0081594,-0.16704,0.023605,0.04353,-0.12212,-0.024868,-0.0024247,-0.022829,0.11355,-0.0852,-0.29189,-0.26193,0.05488,-0.1865,0.046679,0.14735,-0.11688,-0.11366,0.030584,0.10159,-0.073381,0.11372,0.020988,0.076912,-0.052006,-0.043628,-0.017242,-0.2004,0.11892,0.05968,0.20318,0.028493,-0.0023034,-0.027789,0.12246,-0.097949,0.12832,-0.10069,0.30275,0.00303,-0.02903,0.02921,0.13322,-0.33761,0.00396,0.013791,0.014491,0.047849,-0.055767,0.14561,0.12081,0.16287,-0.034145,-0.10948,0.021059,0.0052571,0.2685,0.18265,-0.16657,-0.025026,-0.21585,-0.20159
-0.16293,-0.11037,-0.034178,0.15842,-0.030646,0.20898,-0.14607,0.22621,0.19414,0.083602,-0.10897,0.16504,-0.1473,0.059237,-0.081576,0.023989,-0.13719,0.078979,0.050954,0.036297,-0.1487,-0.20995,-0.0042536,-0.074941,0.2701,0.0084794,-0.14288,-0.20145,-0.16738,0.017393,-0.012044,0.10124,0.11617,0.14832,0.046187,-0.031536,0.08172,-0.032245,-0.10399,-0.21446,0.067904,-0.10143,-0.18918,-0.11364,-0.023376,0.070563,0.026205,0.048578,0.20006,-0.22217,0.17853,-0.17578,0.0082831,0.16387,-0.21099,-0.042635,0.12345,0.1647,-0.070657,0.0077992,-0.33619,0.024754,0.070913,0.12384,0.13491,0.11648,-0.0043286,0.0072269,-0.049756,0.12715,0.087188,0.14755,0.051673,-0.1034,-0.005387,0.058779,-0.21705,-0.072523,0.10801,0.035427,-0.0045467,-0.11214,-0.17578,-0.12918,0.023583,0.16968,-0.1173,0.17832,0.10791,0.042525,-0.065086,-0.043533,-0.083554,-0.19688,0.074198,-0.0078595,0.082143,0.086349,0.013801,-0.010445
-0.042198,-0.021793,-0.0902,-0.0024847,0.055783,0.071741,-0.066048,-0.035621,0.13932,0.15585,-0.056337,0.11966,-0.22264,-0.17122,-0.11124,-0.095914,-0.17573,-0.038829,0.04808,-0.17107,0.11639,-0.16592,-0.041782,-0.11699,0.080553,-0.066611,0.071639,0.052446,0.17797,-0.10667,0.071729,0.27208,-0.031645,0.085366,0.03724,-0.10641,0.10545,0.044924,0.011091,0.032041,-0.15756,0.019538,0.063896,-0.015798,0.048474,-0.070398,0.2229,-0.0044909,-0.17391,-0.10668,0.021428,-0.25665,0.24328,-0.014576,-0.14854,-0.11403,-0.05609,-0.092572,-0.04095,0.18515,-0.074752,-0.04323,-0.034637,-0.032364,0.13092,0.00011515,0.13982,0.073258,0.1656,-0.048817,0.1202,0.10681,-0.029858,-0.18035,-0.034215,-0.13246,0.157,0.11072,0.031422,-0.21428,0.17111,-0.25249,-0.051936,-0.16417,-0.12999,0.21071,-0.19299,0.1176,0.14317,0.13074,-0.13076,-0.097903,-0.041376,-0.11767,0.019641,0.12057,0.077253,-0.13562,-0.063106,-0.050467
-0.022553,-0.020823,0.087464,-0.025724,0.14917,0.20487,-0.11344,0.020982,0.25702,-0.015294,-0.067311,-0.054222,-0.1019,0.2146,-0.0051858,-0.033812,-0.38512,-0.07656,-0.25029,-0.1309,-0.15973,-0.063204,-0.022435,-0.055439,-0.064718,-0.089807,-0.052156,-0.10747,-0.075042,-0.012697,0.020386,-0.082759,-0.15384,-0.020115,0.044748,0.25513,-0.14199,0.19789,0.036578,-0.12671,-0.094928,0.115,-0.27787,0.11062,-0.051445,0.13975,0.032997,-0.01078,-0.10966,0.087223,-0.038078,-0.076773,0.0073316,0.045796,-0.14369,-0.17967,-0.046051,0.21971,-0.075629,0.055162,0.076527,0.0073692,0.0011011,0.045751,-0.12006,0.19604,-0.13675,-0.097491,-0.023471,0.024936,-0.0046177,0.094473,0.11216,0.014648,0.10115,-0.16939,-0.1297,-0.11538,-0.18804,-0.10316,0.10727,0.043083,0.07204,-0.021301,-0.10087,0.27388,0.013807,-0.0068505,0.30678,0.029233,0.12137,-0.075951,-0.19407,-0.1005,0.16658,0.11331,0.18343,0.30788,0.046523,0.10393
-0.017592,0.019495,0.0036419,0.08868,-0.093295,0.13501,-0.099439,0.18774,0.16649,-0.016952,-0.057654,0.077837,-0.15966,-0.015047,0.10126,-0.1439,-0.019596,0.04427,-0.061719,-0.032875,0.0045545,-0.082304,-0.061723,-0.15277,0.16611,-0.010881,-0.051101,-0.1456,0.011535,-0.088092,0.011161,0.13203,-0.038781,0.061055,-0.043506,-0.052985,0.25596,0.30787,-0.10135,0.025567,-0.20556,0.083231,0.063317,-0.078707,0.17192,0.12492,0.10102,0.16615,-0.14945,0.00060371,0.16403,-0.20056,-0.0385,0.022186,-0.18393,-0.12167,-0.002864,-0.031509,0.042666,0.28921,-0.14288,-0.053459,-0.043924,0.08698,-0.090895,-0.12762,0.25515,-0.15923,0.082059,0.058537,-0.049178,-0.00089991,0.093915,-0.3484,0.058659,-0.053666,0.14505,-0.066216,0.11685,-0.13789,0.17196,-0.20475,0.059733,-0.17194,-0.0034355,0.019013,-0.16066,0.084576,0.06281,0.10335,0.03889,0.16232,-0.040197,-0.10448,0.15577,0.12127,0.061141,-0.16043,-0.16824,-0.047272
-0.020732,0.097685,-0.099806,0.23635,0.053895,0.16331,0.0067545,-0.039788,0.015411,0.058176,-0.058117,0.074465,-0.001509,-0.018893,-0.090891,-0.11404,-0.1679,0.071027,-0.023046,-0.11256,-0.04973,-0.035154,-0.17428,-0.061965,0.083815,-0.09045,-0.0061298,0.021296,0.16817,-0.23157,-0.02049,0.1563,-0.20137,-0.11597,-0.0030388,0.10563,0.053744,0.10095,-0.094771,-0.19297,-0.078135,0.1253,-0.05807,-0.10948,0.017483,-0.046829,0.12772,-0.1014,-0.18754,-0.12901,0.11814,-0.2444,0.20557,0.1208,-0.12071,-0.065439,-0.019099,0.060127,-0.15525,0.1643,-0.092208,-0.009666,-0.058017,0.015569,0.030629,-0.14714,0.19275,-0.040105,0.15847,0.0054115,0.09812,0.0026419,0.017828,-0.12498,0.0059503,-0.10812,0.27698,0.061387,0.056483,-0.0089763,0.098586,-0.21884,0.017707,-0.0034603,-0.017402,0.16934,-0.059886,0.21423,0.08364,0.15583,-0.036323,-0.024044,-0.0035474,0.06242,0.24544,0.20461,-0.10745,-0.068043,-0.11567,-0.21115
-0.035351,0.20837,0.013035,0.076104,-0.14547,0.29703,0.1016,0.22707,-0.13207,0.20847,0.14295,0.10131,-0.10399,0.088096,0.15044,0.035466,0.029061,-0.044672,0.035393,-0.048204,-0.10203,-0.12857,-0.19945,0.047495,-0.0028928,0.155,0.0013304,-0.2014,0.050664,-0.24817,-0.021113,0.042438,0.11122,-0.16276,-0.053875,-0.045323,-0.014089,-0.00036914,-0.037406,-0.13797,-0.1281,0.071427,-0.060666,-0.0046315,-0.0062007,0.046284,-0.065722,-0.25837,0.1905,-0.15336,-0.035526,-0.081635,0.11897,-0.054032,0.10544,-0.14827,0.10912,-0.099693,-0.031669,0.011754,-0.13985,-0.054131,0.049739,0.11584,-0.087055,0.028688,0.17149,-0.091484,0.11665,0.042216,0.031581,0.13515,0.10581,-0.04887,-0.14282,0.028192,-0.079427,-0.05922,-0.031533,0.036421,0.02789,0.012986,-0.17593,0.08126,-0.063008,-0.017158,-0.078553,0.19493,0.058584,-0.011829,-0.11643,-0.095415,0.11859,-0.18051,-0.082643,0.014138,-0.14405,-0.019392,-0.010452,0.055824
-0.15412,0.11395,-0.038177,0.044338,0.15092,0.078236,0.035713,0.05037,0.21748,0.12157,-0.2544,0.10034,-0.19826,-0.19755,-0.2557,-0.082742,-0.034903,-0.36181,0.016646,0.020057,-0.06267,-0.05762,0.086929,-0.011707,0.17772,0.059031,0.17298,-0.0034648,0.0098452,-0.064748,-0.055899,0.22422,0.056716,0.085211,0.053845,0.087458,0.13591,0.024593,-0.17301,-0.13112,-0.046061,0.059204,-0.12362,-0.17214,0.13693,0.0020662,0.1678,-0.037282,-0.33363,-0.17016,-0.08576,-0.15073,0.04936,0.094321,-0.076081,-0.083228,0.01496,-0.10631,0.11508,0.14515,-0.091182,-0.1402,0.027918,0.068836,-0.026233,-0.02748,0.10407,-0.12161,0.16326,-0.052989,0.028408,0.094407,-0.095214,-0.041462,-0.049942,-0.049451,0.10256,-0.0085852,0.17974,-0.028638,-0.054837,-0.35216,-0.10386,-0.24065,-0.094393,0.18633,-0.1905,0.10809,0.24362,0.076417,0.060479,-0.12431,-0.04139,-0.12531,0.051869,0.15302,0.08479,-0.15788,-0.093156,-0.093782
-0.014421,0.062731,0.12887,0.224,0.010875,0.24457,-0.034532,0.13139,0.24011,-0.12213,-0.1316,0.024349,0.018583,-0.015971,-0.070176,-0.039119,-0.18692,0.088157,0.09921,0.065804,-0.0025,-0.017895,0.0019672,-0.037245,0.19747,0.10999,-0.04751,-0.18209,0.089395,-0.050623,-0.059229,0.10265,0.085326,0.079032,-0.084995,0.050712,0.11755,-0.057,-0.13839,-0.078989,-0.084726,0.13165,-0.042137,-0.030666,0.17778,0.041878,0.19685,-0.089508,-0.32997,0.0333,0.047733,-0.17429,0.061105,0.1512,-0.14331,-0.066238,0.065003,0.12892,0.048738,0.075731,-0.14162,0.062562,0.094958,0.14927,-0.13797,-0.27457,0.0036398,-0.068678,0.10089,-0.068433,-0.020486,-0.014156,0.041209,-0.2333,0.060431,-0.097072,0.20394,-0.053089,0.14678,-0.066501,0.078639,-0.22519,-0.026861,-0.14395,0.042045,0.085326,0.027592,0.035713,0.16192,0.096154,-0.053685,0.03672,0.07546,-0.26736,0.057937,0.14984,0.11822,-0.065374,-0.26228,-0.039701
-0.088319,0.036427,0.071592,-0.066816,-0.028741,0.39093,-0.053377,0.24787,0.21722,0.0015038,0.006513,0.055342,-0.11726,0.045532,-0.032761,0.068959,-0.02125,-0.11093,-0.21448,0.1437,-0.29912,-0.01787,-0.11194,-0.081107,0.0099395,-0.1364,0.16286,-0.070993,-0.019493,-0.18896,-0.06316,0.080523,0.058847,0.3403,0.035788,-0.05138,-0.070713,-0.062223,-0.18323,-0.23213,-0.27433,0.18422,-0.11663,-0.0025935,-0.17131,0.099805,-0.10704,0.019666,-0.04559,-0.12855,0.048061,-0.082713,-0.058578,0.12189,-0.11755,-0.14225,0.11591,-0.033332,-0.046556,-0.028239,-0.015669,-0.20501,0.08028,0.014055,0.037774,0.066765,0.023547,-0.10484,-0.042372,0.21988,-0.0019548,0.31384,0.12347,-0.047792,-0.068672,0.015341,-0.31887,-0.061661,0.0044026,-0.038946,-0.024765,-0.026851,0.0078152,-0.005802,-0.060815,0.17141,-0.061856,0.20283,0.29585,0.054163,-0.1188,-0.29494,-0.10041,-0.24242,0.0017075,-0.14583,0.060975,-0.011718,0.028396,0.080681
-0.06651,0.06405,-0.17588,-0.085653,-0.11961,0.29281,0.079166,0.20254,-0.069352,0.10563,0.15921,0.037759,-0.10476,-0.037162,0.20875,-0.034532,0.084857,-0.093726,-0.10361,-0.017577,-0.17102,-0.11454,-0.099262,0.050468,-0.095024,-0.018981,-0.12775,-0.18948,0.13196,-0.15412,0.063596,-0.031975,-0.036417,-0.094406,-0.15153,-0.010206,0.064443,-0.054285,-0.13351,0.0021976,-0.28764,-0.0074226,-0.041316,0.053865,-0.050261,0.059134,0.062528,0.033332,0.11776,-0.18137,0.011886,0.05807,0.055218,-0.037098,0.040939,-0.014729,0.065387,-0.028792,-0.11997,0.0571,-0.15371,-0.058883,0.20086,-0.00058042,-0.13574,-0.12556,0.057262,-0.16291,-0.04536,9.991e-05,-0.072253,0.21419,0.034401,-0.14178,-0.19072,0.06243,-0.06697,0.039999,-0.012278,-0.012738,0.01017,-0.096438,-0.066628,0.10085,0.047335,0.0074252,-0.074736,0.097421,0.058459,-0.031853,-0.12623,-0.12212,0.016056,-0.10034,-0.064175,-0.06883,0.076843,-0.00083546,0.045844,-0.050906
0.025479,0.13176,-0.059421,0.12714,0.048862,0.18788,-0.011998,-0.032648,0.099457,-0.020851,-0.022668,0.04013,-0.070343,-0.072626,-0.14121,-0.044312,-0.15082,-0.0059055,0.078289,-0.18269,-0.036595,-0.093832,-0.01729,-0.07364,0.057851,-0.086088,0.0039616,-0.090518,0.15369,-0.18506,0.018121,0.21745,-0.069013,-0.11695,-0.0010415,0.0089383,0.13141,0.12428,0.014313,-0.12725,-0.01504,0.052293,-0.032494,-0.11719,-0.0027445,-0.057419,0.1586,-0.078596,-0.10881,-0.19696,0.12865,-0.29771,0.073766,0.13414,-0.12045,-0.13028,0.025535,0.13467,-0.072345,0.23094,0.011946,0.016475,-0.080629,0.0090004,0.016948,-0.18291,0.20063,0.027007,0.23379,0.011222,0.095255,-0.012037,0.077975,-0.12387,0.14119,-0.087816,0.28062,0.085257,-0.076907,-0.004425,0.12083,-0.31445,0.0023701,-0.17818,-0.076425,0.024918,-0.10255,0.18596,0.096463,0.13599,0.012564,-0.045359,-0.0070896,0.023993,0.22712,0.088922,-0.11394,-0.085759,-0.17779,-0.2322
0.075633,0.053241,-0.073119,0.19861,0.13951,0.22092,-0.23219,0.17622,0.21579,-0.0058347,-0.10017,0.026112,-0.14657,0.18909,0.0034562,0.0044235,-0.064443,0.11946,-0.25264,0.11534,-0.16332,-0.12139,0.055861,0.01806,-0.18203,0.0093458,0.03402,0.12553,-0.13497,-0.086982,0.051867,-0.18847,-0.23397,0.076249,0.022786,0.014796,-0.11534,0.02175,-0.13284,-0.026838,-0.20025,0.078792,-0.16033,-0.081032,-0.022638,0.25264,-0.17213,0.026411,0.12793,0.22639,-0.085524,-0.30485,0.099708,0.020287,-0.075517,-0.12892,0.043942,0.041322,0.049673,0.01457,-0.035126,-0.00035246,0.28006,0.006876,-0.11091,0.064235,-0.02912,-0.063525,-0.087868,-0.051093,-0.015421,0.039451,0.19071,0.21999,-0.11479,-0.16967,-0.10996,-0.12051,-0.13416,0.039229,-0.070971,0.0079774,-0.021628,-0.082528,-0.14286,0.18892,-0.14539,0.17716,0.15515,0.13986,0.095556,-0.23986,-0.13586,-0.20031,0.02534,-0.098779,-0.02757,0.18007,0.029853,0.18107
0.16732,0.073817,-0.186,0.082654,-0.2454,-0.099147,-0.083637,-0.10382,-0.014163,0.0064844,0.081617,0.17192,-0.13628,0.14533,0.17679,-0.10152,-0.11152,-0.12695,0.038451,-0.061897,0.15282,0.13264,0.091766,-0.13094,0.052404,0.087817,-0.048149,-0.10074,0.11436,0.068148,0.043879,0.016031,0.13801,0.19588,-0.029709,0.10872,-0.21403,0.13469,-0.070153,-0.054237,-0.14934,0.31845,-0.0769,-0.1059,-0.020139,0.1019,0.20184,0.15528,-0.0083019,-0.30426,0.15278,0.0083319,-0.057666,-0.017413,0.16235,0.22633,-0.12683,0.14325,-0.18257,0.13774,-0.31026,0.0075884,-0.085817,0.26643,-0.15043,0.12865,0.18641,0.27084,-0.0082219,-0.10752,-0.02316,-0.13755,0.057287,-0.041982,-0.1138,-0.16433,-0.11588,-0.11462,0.14485,-0.074908,-0.063043,-0.10064,0.24193,0.16994,0.10765,-0.036893,0.0084663,0.19886,-0.11466,-0.2544,0.063745,-0.19611,-0.24466,-0.18224,-0.10577,0.077171,0.17527,0.37679,-0.24521,-0.26701
0.14779,0.091383,-0.14832,-0.013663,0.039003,0.11885,0.16165,-0.005394,0.028475,-0.20428,-0.14417,0.12671,-0.15305,-0.1209,-0.087177,0.15919,-0.18469,-0.053979,0.043997,-0.14525,-0.080362,-0.15897,0.029066,0.038876,-0.025361,-0.14762,0.059775,0.021846,0.16292,-0.15425,0.042003,0.21718,-0.11709,0.12477,-0.16324,-0.10826,0.032167,0.059235,0.02769,-0.043751,-0.078956,0.048017,0.083024,0.042701,-0.06119,-0.082743,0.1707,0.070634,-0.22586,-0.012499,0.08361,-0.13012,0.027196,0.033291,-0.069627,-0.23843,-0.036441,0.1163,-0.062093,0.0532,-0.076198,0.18261,0.019834,-0.048592,-0.012732,-0.016438,0.17346,-0.061256,0.085362,-0.071931,0.036772,0.078144,0.1096,-0.080837,-0.036824,-0.29782,0.25283,0.13981,-0.12218,-0.07444,0.16916,-0.20667,0.022787,-0.14946,-0.17198,-0.053396,-0.093115,0.15936,0.071386,0.081248,-0.050792,-0.11705,0.10709,-0.039201,0.10477,-0.10446,0.00099815,-0.23209,0.058754,-0.065191
-0.24115,0.10259,-0.29465,-0.053816,-0.043667,-0.068761,0.11491,0.083738,0.14218,0.16356,0.039253,0.095002,0.023085,0.24962,0.23732,-0.14242,-0.16696,-0.030434,-0.083763,-0.020183,-0.022013,-0.065001,-0.045868,0.19443,-0.10329,-0.098754,-0.043886,0.075059,0.14896,-0.17381,0.15564,0.045047,0.0876,0.010721,0.033868,0.021512,-0.036148,0.087385,-0.14443,-0.11676,-0.16277,0.35557,-0.027181,0.18148,-0.086743,0.10236,0.023035,-0.15149,0.050462,-0.10201,-0.15276,0.0089901,0.10379,0.05553,-0.17101,0.020081,0.02536,-0.031798,-0.031461,0.18288,-0.019201,0.12179,0.021951,0.02681,-0.30973,0.12731,0.013007,-0.094999,-0.014021,0.15906,-0.1024,-0.10265,0.18967,0.08414,-0.053874,-0.14273,-0.096153,-0.193,0.072705,-0.073849,0.094726,-0.065405,-0.0065327,0.11322,-0.15221,0.20728,-0.18413,0.080677,0.26621,-0.2138,-0.10242,-0.33477,-0.098677,-0.03374,0.060731,0.16432,0.22815,0.17729,0.20191,-0.02942
0.081048,0.18377,0.018326,0.10051,0.067466,0.074979,0.010434,0.16488,0.10517,-0.20087,0.079697,0.030449,-0.18582,-0.075837,0.03161,0.029316,0.062384,-0.11428,0.066523,-0.15648,0.18542,-0.087334,0.071749,-0.0098542,0.071943,0.030038,0.13986,0.18846,0.22723,-0.056857,-0.021069,0.040561,-0.082883,-0.091751,-0.10111,-0.046778,0.28275,-0.042234,0.053456,-0.099481,-0.14141,-0.036031,0.042318,-0.049869,-0.050312,-0.051501,0.018711,0.071546,-0.080052,-0.05211,0.09518,-0.28349,0.20521,0.20135,-0.0057929,-0.095176,0.034012,-0.039016,-0.056279,0.16287,-0.040048,-0.0022924,-0.15193,-0.072579,-0.032488,-0.18228,0.18486,-0.24688,0.044196,-0.053345,0.066722,0.079477,0.11632,-0.12702,0.095108,-0.10159,0.26651,-0.046993,-0.1171,-0.076575,0.061073,-0.20261,-0.050668,-0.087468,0.0085741,0.0055227,-0.13485,0.22493,0.05049,0.20814,-0.056298,0.0035073,-0.014817,0.045388,-0.077656,-0.099621,-0.1892,-0.14786,-0.067247,-0.10209
-0.11364,-0.0039212,-0.10027,0.13964,-0.053385,0.30601,-0.0092074,0.21924,0.11151,0.0079801,0.046696,0.065083,-0.15487,0.12259,0.091744,0.065976,0.0011737,-0.10517,-0.2102,0.025192,-0.237,-0.17251,-0.15517,-0.085288,0.16467,0.12566,0.012841,-0.31945,-0.14498,0.057603,0.064072,0.063699,-0.0029658,0.23419,0.0034532,-0.015598,-0.012634,-0.058017,-0.040073,-0.10379,-0.11963,0.033586,-0.045729,0.00073292,0.00058221,0.10899,0.050285,-0.061267,0.12637,-0.22401,-0.0062389,-0.098715,0.16367,0.004173,-0.00045773,-0.007753,0.072555,-0.016162,-0.14968,-0.065268,-0.096541,-0.091622,0.18753,0.0734,0.022462,-0.10646,0.16966,0.059229,0.10812,0.010282,-0.038986,0.25499,-0.0015622,0.058111,-0.097867,0.020602,-0.20955,-0.071744,0.035143,0.10177,0.0053197,-0.09905,-0.16708,0.10123,-0.10088,0.09796,-0.044184,0.17009,-0.044707,-0.087676,0.065349,-0.10898,0.076999,-0.30865,-0.041692,0.026632,0.048563,0.021642,0.015899,0.036742
0.032682,0.011458,0.080036,0.18904,0.050942,0.31859,-0.041802,0.12239,0.13415,-0.10289,-0.17512,0.023225,-0.085889,-0.057535,-0.039908,-0.13064,-0.18938,0.13174,0.12263,-0.045936,-0.034747,-0.020402,0.035747,-0.072565,0.20676,0.084189,-0.0077396,-0.16762,0.026335,-0.050592,0.0068157,0.11182,-0.021547,0.114,0.068579,0.011356,0.15129,0.13722,-0.19252,-0.17052,-0.128,0.14089,-0.044544,-0.1333,0.098209,0.046691,0.17643,-0.11936,-0.1637,0.066984,0.053381,-0.22667,0.16815,0.13595,-0.17452,-0.050555,0.0047881,0.17845,0.032886,0.12981,-0.16903,0.011702,-0.030471,0.091607,-0.10095,-0.18942,0.07003,-0.14967,0.069018,-0.042892,0.11799,-0.014932,-0.020831,-0.20615,-0.013396,-0.10688,0.19154,0.018673,0.17049,-0.11028,0.041035,-0.22422,0.078168,-0.18734,0.026534,0.15051,-0.022631,0.097283,0.11579,0.13371,0.0094439,0.10022,0.035003,-0.13411,-0.014745,0.15117,0.050335,-0.12414,-0.1332,-0.15212
0.025863,-0.075782,0.014408,-0.010505,0.1226,0.019211,0.056172,-0.010081,0.054503,-0.27671,-0.29827,0.23855,-0.071374,0.009019,0.01674,0.031825,-0.051055,0.086009,-0.11764,-0.051861,0.00094151,-0.10707,-0.13785,0.074194,0.2148,-0.17228,0.0023736,0.12458,0.1036,-0.057046,0.00571,0.1403,-0.04848,-0.089331,-0.18637,0.14041,0.10829,0.081914,0.054722,-0.03193,-0.16866,0.033975,0.14063,-0.052027,0.084346,0.18838,0.080233,0.20761,-0.26334,0.0094223,0.038115,-0.23378,0.02774,0.044395,-0.11337,-0.045004,0.091392,0.12646,0.095818,0.08081,-0.10677,0.0049772,-0.094339,0.024747,0.089775,-0.1574,0.0059884,-0.068002,-0.028443,-0.099051,0.20614,-0.042535,-0.064041,-0.18026,-0.005743,-0.029302,0.18444,-0.033109,0.082811,0.01509,0.26575,-0.31299,0.012343,-0.054363,-0.048419,-0.1072,-0.092421,0.070878,0.19566,0.1582,-0.10493,0.010534,-0.12307,-0.034284,0.04231,0.13646,0.083838,-0.078745,0.05224,0.084453
-0.14712,0.19184,0.060445,0.00086567,-0.19841,0.13129,0.11923,0.17162,0.065517,0.14506,-0.040824,0.10802,-0.064565,0.24002,0.14723,-0.0066875,0.18084,-0.12708,-0.12261,-0.094143,-0.23482,-0.10432,-0.085593,-0.097557,-0.046034,0.098067,0.03469,-0.14505,-0.063829,-0.22106,0.25473,-0.029298,0.071222,0.010969,-0.23859,-0.014131,0.070843,-0.057532,0.063895,-0.092089,-0.087832,0.033859,-0.045415,-0.18156,-0.027614,0.17089,-0.02503,0.090505,-0.016753,-0.1192,-0.0013165,-0.23653,0.12193,0.024564,-0.19148,0.090221,-0.018592,-0.084257,-0.037069,-0.06093,0.0021539,-0.063506,0.11428,-0.11081,-0.19485,0.14317,0.20243,-0.044929,0.020983,0.029339,-0.059805,0.18768,-0.099354,-0.085965,-0.086706,0.020795,-0.12926,-0.025114,0.14465,-0.10854,0.00050262,-0.13401,-0.035653,0.090942,-0.086159,-0.010389,-0.059804,0.30678,0.044584,-0.095329,-0.031038,0.16362,0.09312,-0.1993,0.15155,0.04913,-0.092705,0.032044,0.15189,0.13144
0.066139,0.14961,-0.20373,-0.014524,0.053621,0.13995,0.13286,0.055863,0.18293,-0.12939,-0.10289,0.25048,-0.10367,0.11757,-0.090944,-0.043628,-0.16088,-0.27435,-0.035102,-0.05872,-0.070297,-0.081008,0.07697,-0.064501,0.15876,0.10261,-0.0066283,-0.22009,0.10619,-0.27296,0.14318,0.24231,-0.059069,0.14306,-0.12226,0.16274,0.20058,0.23613,-0.10065,0.042947,-0.15238,-0.027862,-0.15797,-0.081586,0.0014095,0.020903,0.27818,0.14534,-0.2368,-0.092505,0.086732,-0.2387,-0.026054,0.0203,-0.099407,-0.074729,0.023087,0.14939,-0.086083,0.23041,-0.15437,0.055549,-0.047291,0.05823,-0.10314,-0.11382,0.14934,-0.097476,0.15692,0.074998,-0.047896,-0.021925,-0.031509,-0.13883,-0.083684,-0.018688,0.16635,0.060607,0.06815,-0.12142,0.24245,-0.15463,0.095137,-0.098213,-0.21359,0.028756,0.036769,0.17041,0.15894,0.020098,-0.085711,-0.056387,0.041362,-0.16893,0.23884,0.10174,0.097991,-0.082211,-0.30605,-0.22493
-0.2138,-0.092216,-0.11403,0.18825,0.086852,0.18311,0.080711,-0.11316,0.16909,-0.11438,-0.15647,0.14439,-0.19641,0.022789,-0.11866,-0.10935,-0.040478,0.060143,-0.050578,-0.0085878,-0.097277,0.024236,-0.20114,-0.12511,0.23059,-0.041296,0.0055247,-0.024724,0.083832,-0.11369,0.04138,0.094614,-0.21723,0.087558,0.039376,0.07847,0.16173,0.12811,-0.16797,0.081237,-0.18674,0.033338,-0.080261,-0.023861,-0.056552,0.24769,0.14204,0.016158,-0.22424,0.0083047,0.0084278,-0.27344,0.13954,0.1239,-0.19668,-0.014415,0.064276,-0.10999,-0.097022,0.032172,-0.13887,0.043051,-0.020317,0.025448,-0.045377,-0.10736,0.071041,-0.02037,-0.032385,-0.0027898,0.037926,-0.008384,0.033462,-0.28236,-0.15894,-0.076344,0.11715,0.035408,0.083488,-0.06482,0.11628,-0.2302,0.012945,-0.071192,-0.037831,0.20213,-0.15383,0.28709,0.033986,0.10006,0.041439,0.034317,-0.06442,-0.21416,0.092637,0.1156,0.16332,-0.082612,-0.097657,-0.1171
0.066832,0.16995,-0.17529,-0.012805,0.033543,0.16267,0.19679,0.11066,0.18654,-0.14459,-0.11065,0.24953,-0.12269,0.080651,-0.033988,-0.042578,-0.16532,-0.30452,-0.058355,-0.010192,-0.061875,0.0065409,0.086879,-0.091433,0.19882,0.050749,0.01277,-0.14794,0.16092,-0.27402,0.13185,0.15792,-0.049665,0.16936,-0.11928,0.10455,0.23243,0.23011,-0.094474,-0.024358,-0.19015,0.046555,-0.091713,-0.127,0.017912,-0.030747,0.26981,0.14782,-0.22316,-0.12854,0.050751,-0.1483,0.049614,0.026201,-0.077738,-0.042394,-0.014692,0.064674,-0.072104,0.21329,-0.10537,0.076678,-0.084001,0.0012568,-0.13496,-0.1098,0.13058,-0.070344,0.078475,0.077478,-0.054725,0.03707,0.00988,-0.1185,-0.075034,-0.021706,0.12314,0.073142,0.060028,-0.17138,0.21446,-0.1643,0.072837,-0.083959,-0.14196,0.023674,0.01473,0.16414,0.20234,0.015853,-0.1067,-0.040827,0.092519,-0.16078,0.18992,0.14697,0.10815,-0.087814,-0.26484,-0.17954
-0.10361,0.0095659,0.087884,-0.1415,-0.018669,0.16939,-0.015529,-0.11853,0.10092,-0.022807,-0.29921,0.18976,-0.18431,0.23148,-0.058756,-0.078702,-0.15996,-0.082549,-0.071992,-0.051157,-0.064769,0.021442,-0.045411,-0.29932,0.074099,-0.26272,-0.068817,-0.013296,0.20332,-0.18096,0.054367,0.32818,-0.055971,0.15286,0.17746,-0.20075,0.25679,-0.018015,-0.16384,-0.011844,-0.18687,-0.0012366,-0.12368,-0.17981,-0.036922,0.28921,0.033027,-0.029165,-0.23985,0.037253,0.060334,-0.24236,0.11942,0.04639,-0.37445,-0.1464,0.052246,0.045751,0.071751,0.098587,-0.031339,0.063394,-0.13301,-0.017088,-0.14498,0.0070068,0.16386,0.042558,0.00059459,-0.16031,0.097403,0.12358,-0.14271,-0.054498,0.019905,-0.2809,0.19126,-0.037958,0.16314,0.078693,0.17546,-0.24133,-0.051902,-0.2984,-0.3208,0.14654,-0.082828,0.049157,0.20862,0.2022,-0.0027072,0.055499,-0.0578,-0.15407,0.012915,0.13064,0.038182,-0.063097,-0.079412,-0.23464
0.20266,0.018562,-0.22389,0.098355,0.23051,0.10179,0.11225,0.10946,-0.0057179,-0.05857,-0.15409,0.080596,-0.31297,0.095223,-0.00081715,0.039732,0.033966,0.11588,-0.14079,-0.16566,0.099563,-0.040374,-0.027549,-0.027902,0.066675,-0.0059526,0.17258,-0.090817,0.069025,-0.29414,0.089484,0.15238,-0.30069,0.38279,-0.1642,-0.11279,0.061747,0.19636,-0.20446,0.020573,-0.071249,-0.082559,-0.082822,-0.031545,0.18271,0.14083,0.18557,0.20867,-0.12051,-0.012187,0.19293,-0.1297,-0.029523,0.047414,-0.010864,-0.09506,0.0052371,-0.01761,-0.1832,0.14021,-0.28067,0.10519,-0.12384,-0.045343,0.1603,-0.056332,0.20246,-0.05519,-0.042556,0.13208,-0.15619,-0.036746,0.11018,-0.14741,-0.0059293,-0.35884,0.24658,0.21457,0.0073349,-0.25724,0.44693,-0.15642,-0.016772,-0.084537,-0.14194,0.25697,-0.04312,0.27865,0.24352,0.32114,-0.016363,-0.026979,-0.092561,-0.21066,0.00023932,-0.17894,0.1229,0.032676,-0.22671,-0.17527
-0.037227,0.13511,-0.00669,-0.10031,-0.098448,0.17495,0.025485,0.12806,0.046064,0.091341,0.019332,0.074619,0.078296,0.20996,0.052501,0.0050319,0.085175,-0.0066098,-0.037897,-0.11884,-0.10797,-0.11046,-0.1421,-0.047409,-0.06161,-0.055177,-0.1504,-0.10398,0.062115,-0.15142,0.12464,0.060739,0.055802,-0.14322,-0.074516,-0.0357,0.056656,-0.18575,-0.059877,-0.12058,-0.18254,0.10684,0.0083176,-0.033336,-0.079564,0.13526,0.030631,-0.11612,0.10913,-0.24281,0.025577,-0.15193,0.20881,0.10384,0.082895,-0.28483,0.094201,-0.14847,-0.0079272,0.040883,-0.013961,-0.18525,0.13271,0.057274,-0.078831,0.056172,0.097562,0.033525,0.097483,0.016122,-0.036033,0.21599,0.10149,-0.0073594,-0.18959,0.10437,-0.025309,0.0065713,-0.015177,-0.0058982,0.020001,0.018608,-0.025488,0.043221,0.0097537,-0.057166,-0.1029,0.1379,0.058146,-0.069639,-0.0639,-0.082633,-0.081978,-0.14423,0.085073,-0.11692,-0.0068437,-0.030554,0.011234,0.08122
0.092957,-0.07386,-0.20283,0.11145,-0.050246,0.26097,-0.018709,0.23991,-0.047266,-0.12961,-0.23208,0.14555,-0.13149,0.028964,0.020048,0.049428,-0.28673,-0.10168,-0.033932,-0.16595,-0.013403,-0.038662,0.083033,-0.069143,0.16883,-0.1172,0.2278,0.068485,0.093393,-0.11845,0.044773,0.26885,0.11819,0.19768,-0.10899,0.0079079,0.20861,0.085152,-0.23865,-0.16773,-0.04443,0.34136,-0.08759,-0.028455,0.0099511,0.11231,-0.02717,0.1108,-0.12826,-0.14203,0.16837,-0.12013,0.36148,0.082468,-0.22135,-0.2232,-0.038639,0.090924,-0.056685,0.072749,-0.25968,0.29541,-0.22306,0.052509,0.11611,-0.060426,-0.044455,-0.12205,0.035486,0.086249,0.052875,-0.0082881,-0.13499,-0.24724,-0.0029277,0.085715,0.14317,0.16458,0.1042,-0.21126,0.12592,-0.028172,-0.0072085,-0.13103,-0.23762,0.1819,-0.018243,0.25443,0.21728,0.035113,-0.071421,-0.042153,-0.021907,-0.24422,-0.19674,0.18126,0.16755,-0.02301,0.069422,-0.22067
-0.13179,0.086693,-0.073057,0.24483,0.049609,0.16056,0.088444,0.050883,0.042581,0.040637,-0.11097,0.12553,0.031339,-0.0085605,-0.016969,-0.094685,-0.25769,0.048681,0.079592,-0.12125,-0.0027107,0.03025,-0.10897,-0.051073,0.08464,-0.10247,0.010818,0.097827,0.25445,-0.22802,-0.063358,0.051921,-0.13229,-0.13231,0.047402,0.010923,0.091224,0.10513,-0.081166,-0.228,-0.13418,0.15795,-0.09789,-0.19914,0.072828,-0.10636,0.067997,-0.063167,-0.15316,-0.18161,0.12932,-0.10204,0.29251,0.22774,-0.11642,-0.057829,-0.0092361,0.062957,-0.15455,0.18465,0.0098701,-0.052384,-0.1456,0.031588,-0.020935,-0.19227,0.19441,0.032757,0.18773,-0.010259,0.093621,-0.012379,0.10663,-0.082509,0.14813,-0.15684,0.23522,0.050957,0.11637,-0.093679,0.11672,-0.23853,0.01932,0.018202,-0.040033,0.12254,-0.090536,0.1624,0.075834,0.19098,-0.036339,0.014513,-0.018023,0.0084713,0.12643,0.12038,-0.03127,-0.11702,-0.13182,-0.21045
0.094996,0.082141,-0.078379,0.033434,-0.10484,0.0080501,-0.089709,-0.081852,0.15357,-0.27123,-0.09551,0.22751,-0.10895,-0.076266,-0.08354,0.10103,-0.019009,0.075981,-0.032597,-0.11288,-0.064256,-0.19135,0.038985,-0.15755,0.17333,-0.042632,0.0093016,-0.078081,0.15153,0.063286,-0.15061,0.13032,0.03958,-0.010352,0.11178,-0.041488,0.34582,0.012596,-0.024404,0.021596,-0.053137,0.17192,-0.11403,0.025515,-0.0509,0.25026,0.20361,0.080561,-0.19797,-0.18742,0.0016255,0.021397,-0.024995,-0.1678,-0.22276,-0.13982,-0.0066663,0.083817,-0.093149,8.8238e-05,-0.04348,0.20296,-0.11956,0.01841,-0.13679,-0.18335,0.033452,-0.061412,0.042007,0.017851,-0.096449,-0.058651,-0.083649,-0.20152,-0.042381,-0.13935,0.3394,-0.16813,0.092307,-0.068879,0.332,-0.24215,0.093771,0.044969,-0.054915,0.022531,-0.065632,0.11551,0.091785,0.021362,-0.042598,-0.050639,0.091957,-0.26826,0.26171,0.072963,0.050548,-0.055803,-0.079773,-0.026387
-0.045256,0.18232,0.041629,0.090176,-0.07498,0.16959,0.13074,0.25213,0.13245,0.051035,-0.026244,0.018596,-0.041107,0.12055,0.12985,-0.067303,-0.11743,-0.065995,-0.086898,0.047645,0.044949,-0.045569,-0.07553,-0.14213,-0.036467,-0.12617,-0.11724,-0.083023,0.0012275,-0.11777,0.051442,0.062486,0.012219,0.00067227,-0.014913,-0.10257,0.21458,0.020989,0.15871,-0.11456,-0.20829,0.084948,-0.10576,-0.048191,0.093668,0.2114,-0.16971,0.073847,0.14023,-0.051146,0.084944,-0.27326,0.077718,0.072258,-0.061219,-0.12317,-0.00015557,-0.036426,-0.12745,-0.0009472,0.0026451,-0.15951,0.071897,0.093243,-0.076502,-0.098526,0.042471,-0.062856,-0.017943,-0.028151,0.051168,0.16674,-0.15343,-0.08112,-0.124,0.16537,-0.16744,0.014386,0.0031316,0.21161,0.1784,-0.16166,-0.1687,0.011078,0.0075313,-0.057369,-0.13036,0.013399,0.015585,0.10714,0.034264,-0.083334,-0.15346,-0.024259,0.042628,0.091651,-0.0029703,0.021888,0.013167,0.18052
0.023583,0.035663,-0.11681,0.12858,0.02173,0.0062074,0.025382,0.042866,0.070932,-0.11178,-0.10809,0.11038,-0.1338,-0.13398,-0.031213,-0.22841,-0.13961,0.017425,0.05472,0.042976,0.20115,-0.075532,-0.0064926,0.093694,0.093096,0.0069468,0.011704,0.11977,0.10962,-0.24937,0.077374,0.19789,-0.12399,0.10273,-0.18532,-0.053798,0.067533,0.10499,-0.18888,-0.086308,-0.03082,0.066809,0.041775,-0.060876,-0.0065699,-0.068101,0.038766,0.073956,-0.26095,-0.066191,-0.030448,-0.20008,0.0062949,-0.02271,-0.049158,-0.06273,0.10325,0.0053558,-0.13274,0.17537,-0.21133,0.055871,-0.045741,0.056034,0.092152,0.016744,0.17526,-0.079245,0.14044,-0.051018,-0.04995,-0.03603,0.077027,-0.19507,0.12488,-0.22845,0.17107,0.085335,0.02159,-0.1252,0.1782,-0.18326,-0.067581,0.11392,-0.040688,0.11788,-0.042719,0.13584,0.076156,0.24566,-0.06457,-0.076436,-0.1434,-0.12894,0.13543,0.031795,0.011112,-0.16147,-0.11533,-0.14564
-0.11852,-0.0055661,-0.15227,0.14167,0.13444,0.027666,-0.091347,0.2684,0.15881,0.2548,-0.025031,0.12557,-0.099066,0.016434,-0.093949,0.054115,-0.1402,-0.1001,-0.13442,-0.092503,-0.026141,0.072702,-0.17832,-0.0022653,0.15566,0.23751,0.25889,0.018024,-0.067056,-0.098253,-0.06771,0.069663,-0.16745,0.063288,-0.029865,0.037724,0.01512,0.18272,-0.18707,-0.035012,0.1579,-0.094957,-0.13688,-0.023968,0.092325,-0.019872,0.087888,0.020115,-0.029189,-0.12484,0.14182,-0.12767,0.099637,0.059618,-0.06033,-0.00058012,0.073326,-0.043372,0.045354,-0.016579,-0.14874,0.088629,-0.17383,0.12805,0.05488,-0.087796,0.11493,-0.13072,-0.10547,0.13929,-0.031221,-0.043842,0.041521,0.058031,-0.07181,-0.088298,-0.11303,0.073438,0.057864,-0.18742,0.11511,-0.034857,0.043807,-0.21998,0.00064975,0.15068,-0.15866,0.11256,0.21723,-0.077493,0.042829,-0.21726,0.053133,-0.03247,0.039071,0.25306,0.12512,0.11468,0.016843,0.15979
-0.14322,0.16948,-0.064799,0.11894,-0.034374,-0.036556,-0.18256,0.074474,0.26122,0.21875,-0.20673,0.12625,0.019286,0.2272,0.076411,0.023556,-0.058605,-0.13301,-0.093363,0.14881,-0.1041,-0.082881,-0.051693,0.091804,0.11051,-0.056872,0.12614,0.015857,0.12315,-0.064897,0.28139,-0.0050552,-0.070877,0.031903,0.25948,-0.12621,0.050813,0.084831,-0.083189,0.082671,0.041768,0.2778,-0.077627,-0.27908,-0.079185,0.14075,0.031603,-0.15755,0.15898,-0.10295,0.15068,-0.072852,0.027247,0.10908,0.090129,0.056662,0.16866,-0.20126,0.14915,0.16431,-0.025215,-0.11869,0.016031,-0.02473,-0.078003,0.34287,-0.035209,-0.36312,-0.087779,0.15656,-0.10378,-0.069948,0.0016103,0.08736,-0.041783,0.10324,-0.2256,-0.0539,-0.065651,0.031715,-0.079102,0.13311,-0.038075,0.09387,-0.16902,0.12578,-0.058744,0.12301,0.066494,0.17606,0.2426,-0.24545,0.0029853,0.045445,0.08411,-0.063577,-0.11284,0.083258,0.051522,-0.16573
0.044291,0.074808,0.064858,0.12917,0.047946,-0.031289,-0.1182,0.07641,0.16335,-0.042413,0.046874,0.12894,-0.32135,0.077002,-0.12698,-0.050367,0.099026,-0.01662,0.064344,0.02029,-0.1305,0.14897,0.21968,-0.04631,-0.28015,-0.023098,0.01879,-0.024735,0.069327,0.083535,0.0030213,-0.042945,-0.041312,0.032732,-0.10936,0.16117,-0.024434,0.0046184,-0.082267,0.017926,-0.13226,-0.088827,0.024581,-0.029258,0.061134,0.15266,0.063104,0.088742,0.11274,-0.12068,0.011075,-0.0048946,0.072576,0.1254,0.11171,-0.18115,-0.0468,-0.11703,0.093864,0.039769,0.24391,0.18995,0.004398,0.058107,-0.16456,0.048155,-0.11723,0.0047097,-0.24281,-0.027682,0.19917,0.0058687,0.084008,-0.05468,-0.11341,0.037439,0.061791,-0.01139,0.23263,-0.12691,0.061768,-0.22084,-0.051278,-0.094868,-0.14313,-0.17641,-0.10368,0.067274,-0.011304,-0.22899,0.22028,0.064673,0.086022,-0.075093,0.27249,-0.0012869,-0.056765,0.039422,0.11417,0.074593
0.036379,0.21788,0.080568,0.096125,0.078311,-0.03302,-0.067447,0.20355,0.17276,-0.09373,0.059754,-0.091228,-0.11051,0.22244,0.1618,-0.013075,-0.21669,-0.035534,-0.22007,-0.083898,0.072187,0.03516,0.0098461,-0.071412,-0.22425,-0.092201,-0.11879,-0.024688,-0.022689,0.0033272,0.028504,-0.043097,-0.044842,-0.19305,-0.07953,0.044067,0.0058011,0.17842,0.23592,-0.073456,-0.13843,0.19255,-0.12464,-0.0074956,0.058005,0.25397,-0.19697,0.12056,0.10737,0.070023,0.011178,-0.24596,0.067721,0.058549,0.073072,-0.098009,-0.093532,0.0080938,-0.022758,0.11618,-0.028989,0.055752,0.11156,0.07847,-0.064439,-0.036275,-0.069164,-0.059773,-0.042247,-0.031104,0.11182,0.026943,-0.087997,-0.041071,-0.090809,0.042613,-0.096171,-0.15911,-0.15636,0.073712,0.2088,-0.18949,0.07757,-0.0037302,-0.064378,-0.005859,-0.094468,0.023233,0.097149,0.0049838,0.1591,-0.10639,-0.14295,-0.023857,0.12932,0.18541,0.034651,0.22488,0.030551,0.19142
-0.086473,0.13746,-0.11496,0.036464,0.15061,0.069714,0.10711,0.22642,0.26153,-0.16256,-0.0013963,0.10135,-0.15489,0.088536,0.030227,-0.029947,-0.31012,0.18593,-0.32117,-0.11885,0.00016988,-0.066687,0.31968,-0.00923,-0.0033121,-0.057303,0.043443,-0.17517,-0.1517,-0.10289,0.021386,-0.12301,-0.12321,-0.12794,-0.080434,0.10154,-0.12889,0.20096,0.029298,-0.090675,-0.0048836,-0.045805,-0.023656,0.111,0.02873,0.16815,0.053511,-0.12848,0.088851,-0.029262,0.12461,-0.18649,0.057078,0.16943,0.07273,0.077947,-0.091148,0.14869,0.10004,0.034683,-0.088681,-0.055379,0.011301,-0.010744,0.031852,-0.087538,0.023495,0.03423,-0.15942,-0.008019,-0.087571,-0.027521,0.086459,-0.064192,-0.10295,-0.012897,-0.12115,-0.12396,-0.064299,-0.17055,0.050053,-0.2118,0.18517,-0.24929,-0.089344,0.24724,-0.0011596,-0.0075351,0.21511,-0.16776,0.055124,-0.012273,0.021111,-0.12648,0.031171,0.20775,0.018076,0.082972,0.058815,-0.033754
0.057636,0.033755,0.029449,0.0081247,0.055158,0.055495,-0.055859,0.029964,0.12645,0.0086424,0.0669,-0.051177,-0.30906,0.12001,-0.069683,0.020567,-0.011996,-0.089581,-0.058182,0.074255,-0.035442,0.22383,0.18687,0.14189,-0.29034,0.088721,-0.020888,-0.1794,0.06135,-0.043343,-0.088608,0.1464,0.12062,0.021489,-0.009146,0.06515,-0.031272,0.077092,-0.028108,-0.052783,-0.12027,0.039473,-0.090631,0.11269,0.031481,-0.059822,0.074796,0.02897,-0.018641,0.032686,0.0097604,-0.17534,0.08461,0.045569,0.017327,-0.24267,-0.0075871,-0.11534,0.0018043,0.025879,0.38616,0.14123,-0.085449,0.084735,-0.22608,-0.0052953,-0.016911,-0.051493,-0.091094,0.010515,0.20426,0.010965,0.14708,0.072965,-0.11736,-0.037324,0.068948,-0.14703,0.20458,0.00082576,-0.091801,-0.1418,-0.012387,0.034637,-0.088779,-0.068843,0.0017718,0.12411,-0.017153,-0.2237,0.27709,-0.024034,0.12369,-0.14521,0.11392,0.13695,-0.075185,-0.0012346,-3.5614e-05,-0.0042529
0.03798,-0.037955,-0.037333,-0.15163,0.11955,0.04217,-0.18967,0.11591,0.16048,-0.1009,0.0040047,0.035589,-0.38822,0.04008,-0.0013414,-0.098098,-0.14184,-0.15865,-0.20579,-0.032179,-0.16369,0.17604,0.093443,0.09007,-0.07346,-0.12125,0.016924,0.093077,-0.032817,0.024039,-0.087954,0.036444,0.0069608,-0.090675,0.10063,0.091162,-0.057632,0.028156,0.045598,-0.053614,-0.1394,0.045356,-0.075745,0.2488,-0.0139,-0.067663,0.06193,0.048337,-0.0022215,0.071301,-0.10453,0.02571,0.14814,0.15909,0.09881,-0.34625,-0.076599,-0.024296,0.094072,-0.0084787,0.3328,-0.020664,-0.039717,0.092991,-0.16878,0.10654,-0.11519,0.023284,-0.17719,-0.11612,0.20799,0.082772,-0.016868,-0.058845,-0.029132,0.052537,-0.081506,-0.041922,0.24218,-0.03305,-0.02675,-0.24005,-0.16216,-0.10093,-0.16149,-0.10993,-0.015994,-0.056267,0.010267,-0.2177,0.093638,-0.12361,-0.043768,-0.18044,0.24958,0.22133,-0.082094,-0.059476,0.047613,0.13702
0.013306,-0.0099044,0.064452,0.092151,0.014597,0.22279,-0.026125,0.082065,0.12384,-0.11134,-0.15757,0.12767,-0.1386,-0.024363,-0.076157,-0.017209,-0.15443,0.063179,0.14263,-0.080574,-0.048959,-0.070262,0.1049,-0.10463,0.16582,0.084747,0.011547,-0.2434,-0.046964,-0.08845,-0.023735,0.17003,0.013528,0.10824,0.10389,-0.054083,0.17847,0.083187,-0.16723,-0.15392,-0.12437,0.047839,-0.081862,-0.091589,0.12689,0.068397,0.22709,-0.052377,-0.112,0.098909,0.11689,-0.27288,0.14341,0.1443,-0.1023,-0.10384,-0.057287,0.12687,0.022653,0.16226,-0.15295,0.055594,0.017967,0.10298,-0.17651,-0.1897,0.13398,-0.14489,0.13067,0.0020169,0.11366,-0.0057993,-0.013923,-0.16493,-0.026902,0.050895,0.18585,0.048346,0.097421,-0.047917,-0.00064918,-0.23101,0.05721,-0.25408,-0.06444,0.11381,-0.084591,0.067276,0.21277,0.15787,-0.067807,0.049666,0.050127,-0.20396,0.027322,0.058763,0.043103,-0.11134,-0.20886,-0.17781
-0.027764,0.1728,0.14531,0.00069855,0.025242,0.19647,0.20928,0.12548,0.047358,0.186,0.077733,0.016006,0.073562,0.1517,0.079833,-0.11058,0.12232,0.12467,-0.038562,-0.024151,-0.09762,0.022211,0.17203,-0.17805,-0.056168,0.068399,0.038571,-0.12527,-0.097845,-0.081986,0.15445,0.15467,-0.13189,0.085267,-0.051297,-0.23043,0.03,-0.061104,0.057453,-0.13659,0.012747,-0.056938,0.034632,0.086108,-0.027097,-0.057295,0.092525,0.01394,0.11558,-0.0068518,-0.0091786,-0.2206,0.12145,0.10117,-0.1153,0.15482,-0.23677,-0.12276,-0.14052,-0.16396,-0.079364,-0.3032,0.16213,-0.027315,-0.072065,-0.12039,-0.0081981,0.032302,0.026842,-0.074698,0.12833,0.26132,-0.1803,-0.14071,-0.0020516,0.034274,-0.16877,-0.14656,-0.05707,-0.061859,0.10456,0.28252,-0.26229,0.065176,0.059453,0.030634,-0.16086,0.2338,0.0050681,0.22235,0.028818,0.010135,-0.027126,-0.011462,0.19886,-0.0070297,-0.0063981,0.024038,-0.17813,0.055082
-0.028591,0.062269,-0.050344,0.26302,-0.026642,0.11449,0.079317,-0.017875,0.0054049,0.011527,-0.024631,0.1417,0.027034,0.013143,-0.070926,-0.10915,-0.11747,0.11506,0.00099593,-0.051393,-0.081369,-0.07908,-0.15719,-0.026998,0.11072,-0.10201,-0.016737,0.072392,0.20272,-0.16937,-0.0027398,0.15645,-0.10281,-0.15697,-0.043164,0.20835,0.14242,0.055556,-0.083853,-0.12708,0.00030471,0.1385,-0.012867,-0.065348,-0.042745,0.0070772,0.1814,-0.17056,-0.28229,-0.2206,0.047685,-0.24558,0.13696,0.21291,-0.17582,-0.063844,0.028583,0.10649,-0.11297,0.12241,0.0082165,-0.014537,-0.076715,-0.02412,0.067777,-0.16372,0.13949,0.015893,0.17671,0.0171,0.12185,0.0051705,0.12752,-0.085498,0.087019,-0.14283,0.30709,-0.010966,-0.0072994,0.070343,0.14685,-0.34882,0.034399,-0.0096744,0.017542,0.073105,0.014067,0.19461,0.06274,0.15354,-0.073173,-0.036899,-0.091464,-0.010746,0.16217,0.20911,-0.0627,-0.0035809,-0.084441,-0.2182
-0.13792,-0.0093648,-0.1215,0.071902,-0.021287,0.03602,0.14071,0.13859,0.21815,-0.0085564,-0.1996,0.093342,-0.044126,-0.11202,-0.074647,-0.0078662,0.0068649,-0.062671,0.038014,-0.036383,-0.11066,-0.010199,0.19078,-0.09558,0.076593,0.033608,0.085123,-0.037082,-0.016947,-0.057786,-0.15465,0.30572,-0.091476,0.12513,-0.12098,0.044814,0.2574,0.03025,-0.061901,-0.089373,-0.21947,0.097491,0.031656,-0.049288,0.13358,0.15636,0.15117,0.17367,-0.1505,-0.074582,0.072384,-0.33343,0.092229,0.097223,-0.11311,-0.12786,-0.19344,-0.021262,0.029558,0.11229,0.029658,0.16468,-0.048608,0.33885,0.11168,-0.13515,0.17247,-0.028208,0.08305,0.10055,0.14531,-0.0086015,0.10576,-0.24171,0.028698,-0.096197,0.031956,0.025769,-0.027748,0.071086,0.091337,-0.23711,0.045671,-0.21284,-0.023769,0.10789,-0.040345,-0.016141,0.31375,0.0065088,-0.14027,-0.0053549,-0.086176,-0.15338,0.091434,0.19834,-0.063633,-0.29903,0.055282,-0.032973
