0.0053801,0.027528,-0.22818,0.019162,0.12769,0.0076779,0.037036,-0.0097341,0.15748,-0.087173,-0.12104,0.019955,-0.15269,-0.1331,-0.083919,-0.123,-0.019879,-0.033599,0.11636,-0.096961,0.081887,-0.11204,0.055714,-0.11669,0.17337,0.01092,0.058832,-0.071364,0.093374,-0.12204,0.086789,0.2292,-0.11352,0.13665,-0.13831,-0.073559,0.078095,-0.0027926,-0.17069,0.12896,-0.095366,-0.054489,0.08706,-0.13544,0.05652,-0.054243,0.19674,0.097426,-0.17599,0.069324,0.14579,-0.2156,0.095413,0.094278,-0.037347,0.044664,0.099309,0.12739,0.012855,0.38433,-0.07479,0.046409,-0.01036,-0.044996,0.080394,-0.059077,0.20487,0.056391,0.10091,-0.029658,-0.0074506,-0.020682,0.040176,-0.25714,0.045675,-0.07042,0.16541,0.13164,-0.070166,-0.024332,0.22097,-0.20658,-0.094672,-0.16633,0.03013,0.0069365,-0.18469,0.13537,0.12352,0.26025,-0.090202,0.0608,-0.061505,-0.033261,0.073466,-0.014007,0.023755,-0.068452,-0.11833,-0.10053
-0.092997,-0.0064545,-0.011882,-0.021314,-0.038508,0.04386,0.055456,0.12492,0.034036,0.0023983,-0.063112,0.12218,-0.078833,0.13403,-0.01567,-0.10028,0.24615,-0.019798,-0.021459,-0.14337,-0.081795,-0.14009,-0.009611,0.026644,0.095048,0.036377,0.058089,-0.023165,-0.028738,-0.17361,0.16678,-0.13597,0.023738,-0.03691,-0.27562,-0.10377,-0.024351,-0.18452,-0.13778,-0.052356,-0.20859,0.031514,0.11552,-0.030907,-0.010934,-0.052974,-0.10063,0.086281,-0.0785,-0.1107,0.042817,-0.049414,-0.014424,0.020905,0.055677,-0.020268,0.22743,-0.16127,0.12212,0.17257,-0.042533,0.007421,0.18864,-0.0059279,0.088199,0.20045,0.28687,-0.11307,-0.016402,-0.021583,-0.01304,0.10305,0.00012431,-0.13791,-0.095626,0.1545,-0.18439,0.089207,-0.098564,-0.0014817,0.045069,-0.11258,-0.16534,-0.0033518,-0.074555,0.035078,-0.1791,0.082616,0.12194,-0.063922,-0.046459,-0.038195,-0.051996,-0.26567,0.006165,-0.208,-0.10823,-0.075553,0.21249,0.16128
-0.015953,0.19037,-0.016616,0.17244,0.029747,0.0090295,-0.10578,0.23001,0.11316,-0.061289,-0.023363,0.015726,-0.1045,0.23079,0.15124,-0.075984,-0.046148,-0.032723,-0.16083,0.056814,-0.011687,-0.08194,0.053901,-0.21365,-0.069846,0.085932,-0.022008,0.030779,-0.071217,-0.12901,0.0058105,-0.21622,-0.16615,0.11588,0.023074,0.16285,-0.08541,-0.012735,-0.09891,0.031184,-0.27296,0.24552,-0.065551,0.076411,-0.024842,0.21241,0.066549,0.057412,0.054591,-0.0072003,-0.10469,-0.18898,0.097551,-0.022242,0.057078,0.051317,-0.12035,-0.044285,-0.075343,0.13964,0.0093806,0.091297,0.27697,0.12791,-0.12436,0.027394,0.056562,-0.08137,0.11431,0.028912,-0.14329,-0.055361,0.1303,-0.0046773,-0.1774,0.044183,-0.063712,-0.14959,-0.063841,-0.073814,0.11895,0.083665,-0.033768,0.12429,-0.23865,0.062663,-0.11871,0.17872,0.10224,-0.030049,0.1163,-0.10172,-0.1388,-0.047785,0.12125,0.035641,0.1642,0.16301,0.0093719,0.12773
-0.033323,-0.10811,-0.23413,0.041979,0.12841,-0.0067211,-0.061644,0.011217,0.095946,-0.097601,-0.090849,0.078816,-0.14795,-0.10907,-0.025414,-0.096344,0.035276,0.023114,0.073864,-0.11526,0.057589,-0.031739,0.016392,-0.072963,0.077932,-0.15693,0.089692,0.046322,0.0056715,-0.12947,0.040783,0.17199,-0.13345,0.16034,-0.13967,-0.03894,0.14321,0.11051,-0.17252,-0.07641,-0.15712,-0.12449,0.057105,-0.10948,0.079941,-0.046024,0.1586,0.16046,-0.14806,-0.0038668,0.11878,-0.14462,0.16153,0.033485,-0.075515,-0.032072,0.11162,0.058068,0.053518,0.35174,-0.20107,0.056761,-0.051899,0.052021,0.10585,0.0016431,0.18752,-0.064884,0.017799,0.0052078,-0.086417,-0.05159,0.045177,-0.24271,0.015699,-0.010804,0.15426,0.17423,-0.044281,-0.098235,0.21653,-0.10382,-0.13039,-0.17452,-0.032317,0.11521,-0.20489,0.16683,0.19903,0.27344,-0.091197,-0.0094451,-0.097907,-0.091194,0.10655,-0.02203,3.0712e-05,-0.058813,-0.1278,-0.13037
0.027057,0.046141,-0.098623,0.16255,0.0070928,0.21514,0.057215,0.062071,0.069734,-0.13121,0.0072829,0.088729,-0.2269,-0.08611,0.02973,0.13553,-0.056227,-0.18554,0.031695,-0.024364,-0.10813,-0.0075508,0.028346,-0.23447,-0.020024,-0.22091,0.087877,-0.014965,0.050833,-0.086049,0.070227,0.26563,-0.054277,0.18545,-0.20644,0.025633,0.10206,0.18633,-0.013878,-0.0059227,-0.17567,-0.029701,-0.076776,-0.048772,0.069055,0.12666,0.15011,0.16208,-0.036002,-0.040252,0.045453,-0.019851,0.17172,0.016833,-0.14208,-0.21743,-0.035503,0.14416,-0.085264,0.19191,-0.22681,0.2039,-0.060595,-0.093133,-0.0011533,-0.12655,0.085774,0.12429,0.12318,-0.091605,-0.13706,0.040717,-0.0073278,-0.081166,-0.038459,-0.077964,0.29787,0.12587,0.0019392,-0.1857,0.19179,-0.082551,-0.14259,-0.033691,-0.31609,-0.039184,-0.076088,0.14097,0.11463,0.11716,-0.14201,0.067201,0.11139,-0.12402,-0.02616,0.056487,0.1584,-0.13146,-0.13735,-0.10482
-0.099064,0.042838,0.040455,-0.01044,0.043468,0.18261,0.087795,0.057575,0.094048,0.11664,0.20108,0.037323,-0.12785,0.026647,0.0061151,0.025256,0.086247,-0.11483,-0.017144,0.077147,-0.010374,0.0067743,-0.12763,-0.021966,0.012908,0.077177,0.13687,0.0023496,0.01476,-0.2203,0.02005,0.083484,-0.016873,-0.015331,-0.15685,-0.1523,-0.049346,-0.085293,-0.16439,-0.07596,-0.014173,-0.10583,-0.026649,0.015617,-0.1804,-0.11511,0.0088422,-0.089558,0.063881,-0.16522,-0.046272,0.021161,0.18958,0.045294,0.12636,0.014048,0.18275,0.0092268,-0.12565,0.13797,-0.12815,0.012191,0.060891,-0.10429,-0.045911,0.24729,0.17585,-0.00015085,0.13439,-0.087257,-0.0052787,0.14361,0.055249,-0.13924,-0.13258,0.10794,-0.12533,0.085162,-0.11978,0.077583,0.015898,-0.045685,-0.12732,0.15135,0.058937,0.086229,-0.10473,0.20595,-0.013681,0.074881,0.038069,-0.12288,0.11967,-0.085457,-0.047199,-0.13165,-0.14499,0.036467,-0.018782,-0.0042228
-0.079041,0.11779,-0.10729,-0.2266,0.015392,-0.05216,0.0029972,0.060586,0.03944,0.12343,0.04996,-0.015751,-0.1191,0.10249,0.12912,-0.055219,0.2311,-0.17138,-0.13148,-0.080467,-0.1067,-0.19833,-0.15713,-0.081169,0.079541,0.011657,0.017598,0.10958,0.049738,-0.3578,0.18789,0.043887,0.084146,0.050569,-0.0032581,-0.13639,-0.10791,-0.1612,-0.12222,-0.11239,-0.19081,0.097891,0.077603,-0.026971,-0.053813,-0.10046,0.07576,-0.10085,0.018672,-0.28013,0.13967,-0.063486,0.15635,0.05455,0.14058,0.039302,0.10452,-0.13096,0.09129,0.021756,-0.13007,-0.23799,-0.020712,-0.010868,0.028648,0.064309,0.0099968,-0.10478,0.095325,0.1139,0.0050974,0.17275,-0.043385,-0.13427,-0.15798,0.11434,-0.24522,-0.098304,-0.02792,-0.08636,0.045257,0.1224,-0.044269,0.098158,-0.15652,0.080582,-0.14112,0.15302,0.10115,0.085528,-0.074035,-0.096257,0.018083,-0.063344,0.031498,-0.12248,0.0082609,-0.049373,0.13579,0.13105
-0.035649,-0.020637,-0.22521,0.061756,0.12351,-0.073718,0.036595,-0.045945,0.13253,-0.079847,-0.11347,0.061369,-0.14101,-0.075577,-0.050316,-0.13704,-0.0079991,0.0039955,0.060312,-0.13841,0.093182,-0.13439,0.016992,-0.1043,0.14862,-0.011146,0.077734,-0.030623,0.084873,-0.14178,0.069008,0.21418,-0.17489,0.12945,-0.08781,-0.052201,0.087839,0.072382,-0.17955,0.065603,-0.12219,-0.070229,0.049293,-0.085207,0.11345,-0.0683,0.1405,0.12378,-0.1175,0.12225,0.11022,-0.23249,0.10402,0.055796,-0.014108,0.028456,0.090683,0.055912,-0.034596,0.38059,-0.12102,0.031421,-0.0017561,-0.037173,0.053673,-0.033819,0.25098,-0.0055376,0.09804,-0.010005,0.0023153,0.0065314,-0.069709,-0.22072,-0.03582,-0.045477,0.21416,0.097084,-0.010307,0.002504,0.17271,-0.17286,-0.053995,-0.10432,-0.020913,0.074619,-0.2136,0.18451,0.10586,0.28698,-0.10204,0.064466,-0.032123,-0.052788,0.075333,-0.01355,-0.020049,-0.095129,-0.11459,-0.12387
-0.096418,-0.014526,0.051768,0.28815,-0.095885,0.03847,-0.00064837,0.051423,0.086724,-0.044121,0.053691,0.13832,-0.014873,-0.13058,-0.14913,-0.11033,-0.029051,0.011247,0.046588,0.056617,-0.040035,-0.090738,-0.050721,0.047902,0.13328,-0.020254,0.067011,0.010596,0.14021,-0.06107,0.012989,0.23603,0.022588,-0.015069,-0.0064171,0.14775,0.15352,0.13737,-0.077091,-0.20642,-0.21082,0.22942,-0.049928,-0.042153,0.016734,0.037073,0.044101,-0.034016,-0.23225,-0.088929,0.076868,-0.39318,0.073615,0.19066,-0.19799,-0.013865,0.037089,-0.010891,-0.008975,0.17297,-0.072011,0.045269,0.0091218,0.052246,-0.071382,-0.21371,0.00073679,-0.028545,0.20483,0.14204,0.073567,0.066766,-0.030194,-0.13473,-0.013998,0.0269,0.22563,0.014823,0.04806,-0.077087,-0.035187,-0.301,0.039565,-0.15936,-0.053805,0.16317,-0.069041,0.22424,0.2102,0.019294,-0.081318,-0.0033382,-0.097086,-0.09093,-0.032571,0.17017,-0.074919,-0.031076,-0.10609,-0.13307
-0.06506,-0.053241,0.016074,0.030697,0.056579,-0.063045,0.098807,0.10266,-0.045476,-0.24936,-0.056358,0.14119,-0.1007,-0.059481,-0.030981,-0.020542,0.028257,0.08383,-0.054393,-0.0090028,0.0022673,-0.069412,-0.085537,0.20114,0.24161,0.010929,0.19105,0.22656,0.18427,-0.16734,-0.078563,0.13357,0.0021167,0.068331,-0.1157,0.14915,0.12524,0.01489,-0.15672,-0.14524,-0.089846,0.22243,0.024061,0.081654,-0.0027445,0.11201,0.10644,0.16129,-0.24966,-0.18283,0.04367,-0.094341,0.11436,0.12956,0.036596,-0.023604,0.098112,-0.070425,-0.11175,0.16088,-0.16397,0.15159,0.010001,-0.028306,0.15512,-0.13354,0.14418,0.03611,0.13442,-0.027715,-0.00022729,0.0031998,0.044622,-0.11842,0.071436,-0.1938,0.24196,0.0092679,0.0012221,-0.046403,0.28684,-0.23646,-0.070781,0.053151,-0.080875,0.04224,-0.0074851,0.22723,0.23611,0.19089,-0.11104,0.0002092,-0.069489,-0.089569,0.043927,-0.036934,0.12352,-0.0051294,0.084657,-0.18032
0.076056,-0.0062285,-0.10395,0.20885,-0.039258,0.2755,0.057834,-0.043449,0.10062,-0.10073,0.059579,0.084924,-0.20084,-0.12537,-0.16204,0.041156,-0.10744,-0.079984,-0.094417,0.10228,-0.093925,0.13212,-0.19669,-0.061057,-0.097431,-0.11909,0.14825,0.072789,-0.032485,-0.19236,0.096674,0.24885,-0.014405,0.14318,-0.20948,0.18516,0.030421,0.0016462,-0.10343,0.19747,-0.21829,0.071746,0.0050189,-0.2625,0.0058139,0.25868,0.1262,-0.025582,-0.24848,-0.010833,0.17466,0.063371,0.036083,-0.12467,-0.1523,-0.067883,0.016432,0.0019034,-0.19285,0.1394,-0.22633,0.30036,-0.022895,0.0056217,0.01963,-0.20238,0.11782,0.091692,0.17671,-0.069129,0.016246,0.22529,-0.15282,-0.0377,-0.04171,-0.040022,0.15998,0.16707,-0.092988,-0.15101,0.14275,0.048373,-0.23608,-0.06425,-0.25476,0.044611,-0.020896,0.19788,0.032197,-0.0060689,-0.16417,-0.07654,0.044243,0.06571,0.03578,0.17346,0.32089,-0.062417,-0.19669,-0.02472
-0.045997,-0.12895,-0.13059,-0.030901,0.10227,-0.012162,-0.012068,-0.041003,0.22049,-0.18174,-0.039119,0.12497,-0.092393,-0.15667,0.0090722,-0.035457,0.09452,0.075548,0.084451,-0.10444,0.19165,0.0031186,-0.015168,0.036085,0.17155,-0.03145,0.12606,0.043649,0.11588,-0.10271,0.10405,0.12463,-0.055572,0.1226,-0.2385,-0.0051355,0.059294,0.061576,-0.044642,-0.029373,-0.15237,-0.057892,-0.0063102,-0.076762,0.054499,-0.010522,0.077313,0.16663,-0.24377,-0.12273,0.039708,-0.0039141,0.025335,-0.0035101,-0.03021,-0.015008,0.20058,0.0060753,0.12372,0.22428,-0.13164,0.15713,0.049695,0.090062,0.033301,-0.12808,0.13845,0.022733,0.12031,-0.016764,-0.1405,-0.07243,0.1087,-0.23858,0.14081,-0.039445,0.10489,0.078811,-0.096651,-0.12377,0.21527,-0.10388,-0.093573,-0.031146,0.03482,0.13159,-0.16724,0.14552,0.20654,0.22904,-0.090718,-0.13964,-0.067587,-0.09521,0.12617,0.051431,-0.010502,-0.0031295,-0.19383,-0.086061
0.0060116,0.069906,-0.03621,-0.01017,0.17907,-0.074157,-0.058671,-0.032026,0.14953,-0.063983,0.001397,0.0035571,-0.14961,0.18054,-0.014063,-0.038213,0.10234,0.04839,-0.23651,-0.092605,0.17255,-0.052635,0.051746,0.093981,-0.056089,0.0316,0.22185,0.19263,0.033998,-0.091865,0.076993,-0.15296,0.0084292,-0.079132,-0.16596,0.079857,-0.16753,0.021234,-0.028777,-0.022013,-0.18975,0.23591,0.15749,0.097395,-0.18113,0.076274,0.071534,-0.045124,0.054716,-0.16537,-0.03112,-0.074457,0.084723,0.036309,0.23802,0.084257,0.016374,-0.1191,0.12156,0.35311,-0.073748,0.054594,0.19319,-0.13734,-0.054169,0.20413,0.061446,0.20403,0.039728,-0.089672,-0.013506,0.053342,0.067211,0.0078179,-0.084548,-0.026494,-0.21951,-0.18087,-0.1742,0.0051011,0.045073,0.019952,0.20024,0.018763,-0.2057,0.26078,-0.12285,0.08265,0.18107,0.11332,0.039408,-0.15918,-0.090969,0.1037,0.21734,-0.24137,0.12062,0.037997,-0.018982,0.020263
0.057728,0.014617,-0.049297,0.30862,-0.002518,0.17255,-0.06365,-0.039099,0.018911,-0.12548,-0.07583,0.15545,-0.041003,-0.10944,-0.18739,-0.06043,-0.081052,0.1092,0.14414,0.048237,-0.0028361,-0.10117,0.075809,-0.17809,0.10706,0.088969,-0.075271,-0.10956,0.012897,-0.18647,-0.060375,0.17715,0.059787,0.0053561,0.0050358,0.05813,0.091745,0.016259,-0.025864,-0.083381,-0.10589,0.14511,-0.28389,-0.086435,0.077071,0.23128,-0.065723,0.02281,-0.26783,0.036785,0.08568,-0.33635,0.10013,0.090941,-0.24271,-0.095225,0.0042964,0.044106,-0.022087,0.10112,-0.15584,0.064923,0.074469,0.070255,-0.12044,-0.13589,0.11699,-0.13596,0.12093,0.10828,0.089391,-0.13367,-0.023273,-0.064472,-0.037087,-0.071801,0.28011,-0.039194,0.17847,0.016335,0.068596,-0.13946,0.075913,0.0084052,-0.12989,0.18374,-0.09383,0.15654,0.16684,0.23687,-0.031824,-0.078641,-0.060448,-0.087708,0.097974,0.12529,0.00050459,0.041124,-0.24612,0.024289
0.010928,0.047247,-0.0097851,0.044148,0.17374,0.085036,0.027036,-0.025053,0.032563,0.13106,-0.056313,0.067638,-0.19941,0.015139,-0.025201,-0.11263,0.10967,0.080991,-0.12313,0.11204,-0.10714,-0.10955,0.10563,-0.1762,-0.0051494,0.13122,0.13059,0.0022281,-0.025117,-0.10312,-0.11699,-0.055432,-0.20237,0.17319,0.099965,-0.14152,0.11922,0.094768,-0.059232,-0.018791,-0.20831,0.066686,-0.23723,0.14568,0.052162,0.2715,-0.082513,-0.11901,0.062953,-0.059422,0.030993,0.046441,0.086156,0.052941,-0.2105,0.10569,0.11259,0.0057194,0.05123,-0.18877,0.028292,-0.13266,0.040457,0.022414,0.11637,-0.19088,-0.10946,-0.23131,-0.09143,0.16849,0.08264,0.10759,-0.0076848,-0.022279,-0.12497,0.072797,-0.18093,-0.20872,-0.012662,0.044543,-0.044695,0.018884,-0.17547,-0.080589,-0.16294,0.17851,-0.073169,0.12694,0.046018,0.12694,0.053018,-0.056259,-0.015195,0.073849,-0.023308,-0.067625,-0.14702,0.013923,-0.29119,0.0021944
0.016404,0.17263,0.10334,0.031678,-0.093863,0.33064,-0.0029341,0.21064,0.12327,0.23257,0.027915,0.11077,-0.13114,0.25587,0.050241,-0.007952,0.18276,-0.014394,-0.034073,0.049669,-0.22854,0.024829,-0.057464,-0.071905,-0.021012,-0.047835,-0.01197,-0.071235,-0.078414,-0.15865,-0.011186,-0.058077,-0.12471,0.079659,0.0067288,-0.22299,-0.018892,-0.052115,-0.14966,-0.24579,-0.056669,-0.24306,-0.1268,-0.13317,0.052655,0.089847,-0.043003,-0.15091,0.10923,-0.049629,-0.097036,-0.058415,-0.013176,0.059825,-0.12338,-0.11409,0.045111,0.10626,-0.0036273,-0.077356,-0.034768,-0.11981,0.059323,0.09731,-0.064337,-0.068186,0.1776,-0.17757,-0.024637,-0.076791,0.052047,0.17465,0.13549,0.021105,-0.022936,-0.1701,-0.15331,-0.14114,-0.0068564,0.10297,-0.048417,0.026769,-0.16099,-0.098305,-0.03239,0.03403,0.02395,0.25181,0.15129,0.15842,-0.042166,-0.21608,-0.012238,-0.22936,-0.065469,-0.066879,-0.1045,0.090883,0.04323,0.14269
0.0013608,-0.15375,-0.057271,0.025986,0.13759,0.017643,-0.067574,0.008484,0.048994,-0.030453,-0.095672,0.12264,-0.17394,-0.016233,-0.13187,-0.07232,0.034953,0.075303,0.057768,-0.13528,0.055019,-0.094133,-0.019755,-0.047041,0.03677,-0.1454,0.021774,0.17109,0.068419,-0.12192,0.024531,0.19154,-0.10279,0.2482,-0.038275,-0.018424,0.10046,0.035372,-0.18262,-0.026378,-0.11129,-0.17159,-0.008071,-0.10052,0.041717,0.069718,0.15933,0.18978,-0.12515,0.041656,0.18066,-0.16192,0.072165,0.061595,-0.11151,-0.13657,0.16363,0.1406,0.0096539,0.34911,-0.2062,0.057243,0.0043458,-0.060552,0.1009,-0.013363,0.17727,-0.052711,0.048327,-0.081941,-0.023085,-0.038071,0.017588,-0.14192,0.066426,-0.14635,0.24249,0.21681,-0.032199,-0.13216,0.28447,-0.10362,-0.091207,-0.29469,-0.066469,-0.0022211,-0.26611,0.18635,0.14063,0.32217,-0.046662,0.090244,-0.046791,-0.14429,0.081239,-0.14805,-0.053233,-0.023983,-0.10728,-0.18018
0.076648,-0.044816,-0.0056336,0.1454,0.21542,0.12323,-0.23599,0.088245,0.16461,0.13329,-0.055119,-0.0040038,-0.25038,0.088854,-0.020978,0.14595,0.13626,-0.011358,0.06018,0.11276,-0.097998,-0.11393,0.15612,-0.13304,-0.062846,0.19394,0.12153,-0.058232,0.066933,0.03763,-0.033427,-0.025277,-0.19011,0.11075,0.046114,-0.014372,0.14515,0.060272,0.071009,-0.019031,-0.13322,-0.030536,-0.33669,-0.058782,0.24736,0.37186,-0.078694,0.012576,0.15534,0.071093,0.095059,-0.16209,-0.026973,0.24164,0.096133,0.0087713,0.04321,-0.12572,-0.11317,0.076865,-0.045708,-0.096146,0.11326,0.019891,0.040027,0.039333,0.023606,-0.25106,-0.12315,0.076505,-0.013291,-0.096614,-0.059259,0.051162,-0.20408,0.034393,0.033214,0.082934,0.047612,0.065086,0.030031,-0.041351,-0.089279,0.073491,-0.1772,-0.016252,0.06309,0.14647,0.15014,0.011822,0.257,-0.12283,0.036132,-0.2107,0.063829,-0.058308,-0.11653,0.01817,0.071732,0.057183
-0.099049,0.09656,0.1045,-0.054899,0.18716,-0.13202,-0.18349,-0.031858,0.18867,-0.076517,-0.011542,-0.019498,-0.2229,0.33343,0.013551,-0.029847,0.0093976,0.1284,-0.19338,-0.095237,0.088452,-0.10015,-0.055507,-0.012581,-0.026281,0.069064,0.094571,0.15327,0.089051,-0.084425,0.23176,-0.19971,0.059229,-0.031821,-0.19607,0.13916,-0.24438,0.0159,-0.023373,-0.095117,-0.053479,0.088387,0.030743,-0.063234,-0.082615,0.095994,0.02531,-0.058368,0.09447,-0.10646,0.15075,-0.16404,0.098468,0.03422,0.21242,0.021778,-0.019467,-0.058128,0.060242,0.344,-0.11528,0.087149,0.014436,-0.14339,-0.029888,0.16604,0.10699,-0.03744,0.059188,-0.0018926,-0.043196,0.008526,0.0085354,0.098714,-0.19685,-0.093435,-0.13784,-0.056091,-0.14407,-0.069016,0.10292,0.10074,0.085265,0.063283,-0.21258,0.20591,-0.10572,0.10284,0.1599,0.16692,0.17044,-0.10909,-0.05143,0.065116,0.12796,-0.13362,0.15728,0.33458,0.10431,0.077613
0.023739,0.0041185,0.14955,0.15362,-0.014235,0.26477,0.049932,0.035642,0.19739,-0.19132,-0.087593,0.097252,-0.085034,-0.043562,0.0084673,0.02423,-0.13147,0.097877,0.095551,0.0067109,0.059864,0.013546,0.0048994,-0.10127,0.21111,0.086467,-0.038949,-0.21273,0.077384,-0.069764,-0.0067872,0.063775,0.029172,0.05526,0.017958,-0.027987,0.090065,0.044668,-0.087815,-0.071505,-0.12875,0.11467,-0.17043,0.01268,0.12859,0.031434,0.095024,-0.070651,-0.24854,-0.039131,0.018794,-0.067183,0.068619,0.055617,-0.16344,-0.083963,-0.041555,0.086354,0.10088,0.050393,-0.096254,0.06835,0.04566,0.054674,-0.22558,-0.25163,0.071231,-0.084715,0.11537,-0.027524,-0.020572,-0.042185,0.048552,-0.19685,0.084386,-0.02768,0.20196,-0.050716,0.10153,-0.10538,0.033136,-0.21646,0.085526,0.00046533,0.064918,0.16479,-0.0097816,0.011972,0.18432,0.1745,-0.084554,-0.014093,0.086808,-0.23666,0.025582,0.16378,0.041767,-0.10929,-0.27694,-0.11656
0.0061307,-0.022631,-0.070364,-0.073428,0.11218,-0.10395,0.017871,-0.0023615,0.15548,0.010143,0.14505,-0.0556,-0.06821,0.18298,-0.10431,-0.074335,-0.012655,0.033003,-0.25811,-0.10849,0.05568,-0.067956,0.16473,-0.0058723,-0.042919,-0.05793,0.042939,0.19387,-0.045432,-0.11255,0.047557,-0.22088,0.0052808,-0.040255,-0.23951,0.055668,-0.21551,0.031477,-0.015571,-0.046339,-0.17773,0.2141,0.12022,0.10103,-0.1592,0.11729,0.063757,-0.051263,0.041588,-0.085926,-0.027011,-0.033613,0.0087287,-0.0074993,0.21132,0.2014,-0.077163,-0.010545,0.058804,0.25872,-0.096686,0.079258,0.12861,-0.17322,0.064344,0.046448,0.12268,0.1167,0.064762,-0.068168,-0.01219,0.021704,0.048836,0.030108,0.019903,0.0021598,-0.28546,-0.21938,-0.14298,-0.20084,0.06292,0.095046,0.078011,-0.029523,-0.17051,0.20779,-0.22966,-0.027777,0.23148,0.034303,-0.060968,-0.098292,-0.1125,-0.049113,0.19465,-0.11826,0.18443,0.066652,0.04097,0.044182
-0.0164,-0.094552,0.036166,0.082732,0.13565,0.00044202,-0.074455,0.089711,0.10216,-0.029455,-0.032607,0.097626,-0.19819,-0.059168,-0.056426,-0.090314,0.07296,0.021296,0.037889,-0.1453,0.085199,-0.058451,-0.011148,-0.069123,0.082623,-0.14498,-0.025027,0.20763,0.12871,-0.043359,0.10652,0.10382,-0.10138,0.23112,-0.059499,-0.050154,0.10117,0.011049,-0.14738,-0.03405,-0.13337,-0.085748,0.10101,-0.11179,0.046605,0.012746,0.12531,0.22071,-0.10083,-0.038798,0.12302,-0.13542,0.03909,0.1293,-0.08027,-0.12945,0.21922,0.092732,0.01912,0.33263,-0.20856,0.065211,0.089134,-0.099869,0.091605,-0.069736,0.1662,-0.038079,0.013291,-0.12603,-0.025663,0.027337,0.097773,-0.11666,0.079322,-0.14736,0.24696,0.1656,-0.052236,-0.14169,0.20221,-0.12342,-0.09934,-0.28203,-0.084135,-0.033379,-0.27396,0.18628,0.096606,0.31134,-0.072295,0.042089,-0.04712,-0.11379,-0.0025607,-0.14129,-0.058884,-0.024444,-0.098795,-0.13952
-0.050941,-0.025015,0.028695,0.094078,0.065142,0.1064,-0.16122,0.020584,0.26284,0.041373,0.059467,-0.066871,-0.0032994,0.19335,0.2888,0.0046623,0.0034219,-0.06096,-0.14233,0.034049,-0.0022486,0.051093,0.03773,-0.077381,-0.04785,0.0071858,0.098048,-0.15288,0.001257,-0.12399,0.10542,-0.19691,-0.027326,0.088973,-0.016887,-0.15651,0.13811,0.11741,0.029739,0.076024,-0.22885,0.064182,-0.061496,-0.087408,-0.015202,0.34698,0.12858,0.090406,0.095886,0.04183,0.070204,-0.10515,-0.093906,0.179,0.021874,-0.018405,0.06048,-0.23854,-0.069543,0.13902,0.0036154,-0.071629,0.095071,-0.020848,0.16348,0.064834,0.14208,-0.13391,-0.15583,0.080523,-0.10498,-0.00099259,0.16785,0.076084,-0.14766,0.074825,-0.17079,0.037857,0.024846,-0.076407,-0.00047475,-0.038468,0.057887,0.028239,0.02544,0.18956,-0.075315,0.0226,0.009967,-0.063772,-0.02536,-0.12854,0.035929,0.0079653,0.016318,0.047067,-0.13962,-0.05927,-0.043722,-0.049525
0.04871,0.081589,0.0085615,0.18895,0.083033,0.071309,-0.085567,0.027036,0.24358,0.020255,0.028904,-0.076582,-0.061555,0.14099,-0.096213,-0.16614,-0.17565,0.15153,-0.29198,-0.092314,0.030236,0.013374,-0.10877,-0.093033,-0.10264,0.012262,-0.029075,0.013506,-0.044041,-0.049583,0.034612,-0.023451,-0.17106,0.2408,-0.0072147,0.13365,-0.0050441,0.26329,-0.15458,-0.091372,-0.092538,0.027258,-0.26979,-0.0075646,-0.02289,0.31555,0.0083235,-0.1141,0.09574,0.11892,0.13234,-0.1975,-0.024409,0.11716,-0.037544,0.056289,-0.13494,-0.066395,0.042501,0.24891,-0.12066,0.13295,0.058542,0.0047922,0.029527,0.049488,-0.057568,-0.083733,-0.071624,0.091472,-0.030922,0.12645,0.21107,-0.06329,-0.077864,0.0059148,-0.31198,-0.16162,-0.11099,-0.15638,0.092621,0.003192,0.063953,-0.070784,0.044591,0.32292,-0.14119,0.0054817,-0.12613,-0.089947,-0.083644,-0.078099,-0.039592,0.043262,-0.014779,0.15849,-0.00043071,0.20688,0.033206,-0.095905
0.086923,0.044268,0.03524,-0.02356,0.054447,0.24886,-0.026797,0.18092,0.15967,-0.11179,-0.014773,0.14058,-0.20483,-0.1077,-0.18497,-0.0095925,0.037243,0.10793,-0.10911,0.032802,-0.010406,0.21079,-0.24432,-0.015592,0.10161,0.074066,0.21187,-0.014111,-0.22322,-0.16946,-0.004791,0.19256,-0.019643,0.14019,-0.25471,0.13758,0.12583,-0.053124,0.057685,0.20071,-0.28837,0.17914,0.022779,-0.056343,0.0071802,0.30017,0.088425,0.18664,-0.28694,-0.010673,0.20887,-0.024619,0.016595,0.089711,-0.11356,0.049181,-0.048608,-0.012199,-0.088175,0.10203,-0.18889,0.27563,-0.12264,0.14856,0.000647,-0.17564,0.1281,-0.10291,0.13181,-0.0036754,0.031902,0.13476,-0.066699,-0.14001,0.065404,-0.071523,0.16952,0.11928,-0.16171,-0.085179,0.084776,0.034567,-0.089619,-0.20925,-0.099622,-0.032318,0.093303,0.11938,-0.02097,0.013734,-0.20285,-0.053212,-0.040713,0.14598,0.089332,0.26709,0.24545,-0.064462,-0.15619,-0.064988
0.026953,0.023511,-0.062024,-0.10313,0.1851,-0.19578,0.06254,0.020691,0.17442,-0.017779,0.14032,-0.05356,-0.054084,0.1733,-0.11183,-0.12074,0.034078,0.063522,-0.24812,-0.092612,-0.0018249,-0.0076686,0.16958,0.004384,-0.08601,-0.028335,0.036938,0.18766,-0.037929,-0.11235,0.08362,-0.20855,-0.0024746,-0.076111,-0.27672,0.04782,-0.18048,0.034737,-0.04196,-0.038478,-0.16625,0.18339,0.091621,0.094601,-0.15741,0.048874,0.030469,-0.03579,0.037216,-0.00048649,-0.040611,0.00076934,-0.043963,0.032458,0.21485,0.11145,-0.030776,-0.07072,0.019623,0.22706,-0.069264,0.080506,0.12169,-0.15104,-0.014398,0.0081996,0.1722,0.15324,0.093676,-0.15363,-0.0042688,-0.09163,0.015436,-0.0055483,-0.0026217,0.018199,-0.23347,-0.13081,-0.068722,-0.10438,0.076837,0.10823,0.053196,-0.063842,-0.16738,0.11002,-0.17071,0.0078691,0.26782,0.004324,0.013526,-0.16869,-0.08756,-0.14433,0.17957,-0.042847,0.21075,0.17542,0.092253,0.05703
-0.058365,-0.084838,-0.17382,0.0077413,0.11567,-0.03061,0.19976,-0.1246,0.14811,-0.22747,-0.10349,0.080824,-0.088274,-0.12076,0.0055698,-0.036273,0.013519,0.026342,0.074997,-0.023943,0.15433,-0.063845,-0.0058359,-0.12937,0.20812,-0.017098,0.039701,-0.01798,0.1753,-0.19556,0.078434,0.15874,-0.11268,0.020439,-0.19626,-0.01885,-0.036997,0.055681,-0.049338,0.10173,-0.11242,-0.078145,-0.064853,-0.019446,0.088575,-0.07877,0.099996,0.1134,-0.22585,-0.03653,0.040551,-0.023687,0.035211,-0.058216,-0.004044,0.036376,0.050462,-0.030022,0.087761,0.2433,-0.030715,0.095105,0.037503,-0.040884,0.026519,-0.10928,0.12963,0.093179,0.13673,0.008472,-0.064228,-0.053616,0.020294,-0.22487,0.073727,-0.11468,0.16979,0.069032,-0.051713,-0.077427,0.22414,-0.16587,-0.033851,0.10172,0.094331,0.12855,-0.099079,0.15644,0.23617,0.23531,-0.13086,-0.073457,0.044156,-0.091181,0.087786,0.081355,0.032289,-0.11298,-0.14817,-0.073521
-0.23791,0.095209,-0.0022982,-0.283,0.11581,-0.22637,-0.1058,-0.079766,0.1866,-0.016742,-0.022684,-0.074358,-0.1672,0.29993,-0.001654,-0.022923,-0.014337,0.003613,-0.17779,-0.1317,0.031536,-0.078465,0.0064747,-0.0049719,-0.092456,0.028902,0.022448,0.18127,0.089334,-0.11944,0.17645,-0.14878,0.00011476,-0.003545,-0.073988,-0.059771,-0.21288,-0.092831,-0.081836,0.027723,-0.21015,0.2249,0.024952,-0.050584,-0.11684,0.050086,0.03125,-0.11041,-0.00057056,-0.1055,0.10728,-0.12043,0.042122,-0.12265,0.20951,0.067308,0.0047761,-0.11002,0.089606,0.24256,-0.021741,0.15257,0.10769,-0.093086,0.087213,0.15915,0.05496,-0.11919,0.0065263,-0.0018904,-0.069276,0.097552,0.073769,0.097395,-0.1234,-0.10505,-0.19221,-0.1275,-0.12272,-0.24943,0.13521,0.042496,0.046202,0.049015,-0.11,0.18026,-0.19714,0.14442,0.12923,0.064351,0.10037,-0.13529,-0.1028,-0.08387,0.12558,-0.017389,0.068387,0.14921,0.28676,0.090684
-0.031933,-0.013669,-0.22185,-0.0076526,0.1632,-0.028336,0.065901,-0.037051,0.11568,-0.13463,-0.13282,0.046286,-0.14278,-0.079975,-0.088997,-0.068457,0.017168,-0.030208,0.074608,-0.098899,0.080731,-0.10215,0.02174,-0.098998,0.13819,-0.032866,0.090551,-0.053349,0.061312,-0.19821,0.046248,0.20683,-0.16832,0.10446,-0.099602,-0.11151,0.070759,0.078519,-0.16015,0.078421,-0.14847,-0.087256,0.043023,-0.091009,0.11352,-0.067131,0.18449,0.11737,-0.10331,0.073744,0.14937,-0.1948,0.10834,0.023514,-0.014547,0.067169,0.099985,0.013115,0.022408,0.36144,-0.089028,0.013336,-0.021783,-0.028056,0.081054,-0.040191,0.26041,0.012023,0.12326,-0.024887,-0.03052,-0.01018,-0.064667,-0.22434,-0.051438,-0.044591,0.17774,0.11216,-0.034138,-0.025381,0.17678,-0.17101,-0.069604,-0.10459,0.009611,0.079305,-0.21991,0.1891,0.18475,0.28319,-0.093932,0.034671,0.017257,-0.063161,0.12306,0.030955,0.0032496,-0.11736,-0.12789,-0.11421
0.039144,0.1298,-0.1611,0.054551,0.062253,0.061952,-0.003618,0.21322,0.11412,-0.059908,-0.028014,0.0024056,-0.094186,0.063294,0.081398,0.0002269,0.016183,-0.22913,-0.15655,0.050115,-0.092478,-0.053259,-0.076896,-0.024787,0.014611,0.16861,0.12888,-0.077964,0.11062,-0.069124,-0.040705,-0.054198,-0.19731,0.13681,-0.16299,0.13303,0.15166,0.20654,-0.076725,0.077292,-0.14015,0.062584,-0.020679,-0.10298,0.19108,0.17538,0.059446,0.019478,0.081494,-0.097269,0.21196,-0.10619,0.1026,-0.0054723,-0.047483,-0.11156,-0.052594,0.14727,0.12953,-0.084748,-0.15028,-0.052426,0.083102,0.015666,-0.20473,0.044609,0.016516,-0.17037,0.049664,0.30988,-0.2352,0.13427,0.030816,-0.024638,-0.14673,0.19681,0.0099876,0.010449,-0.053578,-0.10607,-0.033831,0.086345,-0.032162,0.22214,-0.24218,-0.04315,0.027119,0.1757,0.060019,-0.10901,0.15613,0.038157,-0.10151,-0.032547,0.055465,0.014817,0.11018,0.24274,-0.095496,-0.021433
0.0036562,-0.16196,0.025213,0.0042261,0.11517,0.047156,0.0088415,0.01894,0.12804,-0.10412,-0.041767,0.16005,-0.12295,-0.058086,-0.00082183,-0.030307,0.070183,0.083586,0.050752,-0.081116,0.14914,-0.010534,-0.089343,-0.018082,0.10652,-0.074319,0.016515,0.1669,0.21099,-0.12264,0.088661,0.12425,-0.078728,0.22827,-0.17506,-0.054503,-0.010806,-0.0089886,-0.11084,0.055794,-0.15336,-0.045515,-0.087492,-0.056741,0.021961,0.038283,0.09195,0.16966,-0.20779,-0.085855,0.067151,0.04389,0.04879,-0.0011601,-0.13902,-0.11346,0.15571,0.11215,0.087485,0.21462,-0.1528,0.089425,0.044521,-0.065144,0.045782,-0.089972,0.15748,0.041934,0.076946,-0.098438,-0.15579,-0.06194,0.12276,-0.20134,0.11455,-0.21919,0.18944,0.16181,-0.059669,-0.20614,0.28886,-0.10267,-0.049994,-0.075508,0.077618,0.075628,-0.23407,0.10362,0.15216,0.31166,-0.087825,0.019194,-0.04216,-0.16598,0.083006,-0.058471,-0.035473,-0.042574,-0.15297,-0.13616
0.018634,0.044148,-0.15535,0.13736,0.050431,-0.09817,0.074474,0.060645,0.068642,-0.19328,-0.0049865,0.010484,-0.1703,-0.029707,-0.068907,-0.051985,-0.030208,-0.096881,-0.043589,-0.198,-0.0089861,-0.11348,0.039373,0.067272,0.21939,0.031215,0.17995,-0.059394,0.1291,-0.21053,0.063767,0.18959,-0.035758,0.14174,-0.11482,-0.049396,0.10356,0.014833,-0.17561,0.015048,-0.17828,0.12326,0.024444,0.074713,0.087059,-0.036712,0.065125,0.20012,-0.1057,-0.050056,0.064399,-0.13326,0.067381,0.050266,0.0626,0.045765,0.058537,-0.036773,-0.086197,0.35626,-0.20194,0.13331,0.013157,-0.07903,0.030689,-0.033097,0.27057,0.09171,0.20613,-0.044077,-0.14986,0.032897,-0.025625,-0.19486,-0.057829,-0.083263,0.19871,0.07371,0.030184,-0.063978,0.17209,-0.089538,-0.15212,0.035663,-0.24125,0.11292,-0.11848,0.21712,0.14882,0.23533,-0.10268,-0.030037,-0.044917,-0.16976,0.029141,-0.071461,0.16032,-0.043871,-0.12456,-0.18099
0.081901,-0.066103,0.10516,0.13438,-0.063796,0.17058,-0.15295,-0.033629,0.045474,0.12712,0.11277,-0.19754,-0.048166,0.18501,-0.047919,-0.13336,-0.046851,-0.0030532,-0.2278,-0.02475,-0.15854,-0.10996,0.17112,0.067595,-0.044256,-0.11929,-0.054518,0.012943,-0.17303,-0.23209,0.0139,-0.23335,0.0056379,0.074739,0.086305,0.021798,-0.071405,0.17297,0.048764,-0.027353,-0.073549,0.14177,-0.11068,0.021491,-0.072052,0.26909,0.01247,-0.016321,0.11906,0.081003,-0.14373,-0.085234,0.065275,0.26976,-0.071279,-0.049719,-0.1072,-0.072095,0.033059,0.020617,-0.11391,0.077561,0.0097815,0.018633,-0.036656,0.050415,-0.025183,-0.11084,-0.085417,-0.15793,-0.10041,-0.022084,0.12232,0.12252,-0.25421,0.18884,-0.16062,0.0037105,0.062877,-0.11093,-0.27519,0.00608,-0.14935,0.1934,0.041558,0.052985,-0.050436,0.090757,0.11388,-0.0081642,-0.026041,-0.055317,-0.054844,-0.0031329,0.07928,-0.06704,0.094271,0.043223,-0.19697,0.0206
0.025729,-0.16683,-0.030363,0.031663,0.12804,0.024411,-0.012442,-0.063368,0.11883,-0.14608,-0.076662,0.17105,-0.09456,-0.034197,-0.014587,-0.042786,0.084459,0.1169,0.075478,-0.1119,0.098101,-0.091725,-0.10315,0.027151,0.14155,0.016957,0.0222,0.16719,0.17836,-0.16757,0.061661,0.12969,-0.10282,0.17803,-0.12979,-0.015892,-0.051131,-0.026055,-0.14041,0.041465,-0.13992,-0.11925,-0.126,-0.061429,-0.026803,0.12627,0.048782,0.18409,-0.25263,-0.019152,0.085669,-0.030399,0.020525,0.0057211,-0.10307,-0.15099,0.19875,0.12774,0.099061,0.2197,-0.16839,0.088173,0.079565,-0.053467,0.044292,-0.096432,0.14692,0.0075948,0.11196,-0.080166,-0.11295,-0.10669,0.12681,-0.15215,0.098231,-0.16283,0.17129,0.11523,-0.011775,-0.14588,0.28602,-0.11425,-0.061292,-0.035947,0.051201,0.085019,-0.24366,0.17853,0.15315,0.3233,-0.010085,-0.041276,-0.041403,-0.11625,0.10747,-0.10203,-0.035524,0.014401,-0.17676,-0.13794
-0.013392,-0.10646,-0.22839,-0.038954,0.11511,-0.024177,-0.024239,0.057438,0.17407,-0.12226,-0.045222,0.11403,-0.12673,-0.11766,-0.016281,-0.092303,0.060598,0.024293,0.12347,-0.081719,0.058354,-0.04176,0.021138,-0.074558,0.12133,-0.13928,0.092169,0.028365,-0.017261,-0.16969,0.06834,0.18534,-0.10167,0.19092,-0.14849,-0.047444,0.17213,0.06078,-0.21573,-0.080749,-0.19931,-0.067935,0.055512,-0.096552,0.041962,0.001095,0.19203,0.16946,-0.18145,-0.029244,0.092218,-0.09535,0.15593,0.02062,-0.055597,-0.013973,0.11549,0.053681,0.12404,0.35213,-0.1451,0.073413,-0.077586,0.03026,0.14734,-0.035354,0.20686,0.025419,0.054934,-0.037229,-0.077908,-0.026562,0.11848,-0.21768,0.036472,-0.094725,0.10647,0.13042,-0.069056,-0.17788,0.24633,-0.13885,-0.11263,-0.10304,0.026712,0.13073,-0.19687,0.14193,0.21064,0.31002,-0.12599,-0.034671,-0.1317,-0.11267,0.09901,0.033388,0.081294,-0.082271,-0.085421,-0.12541
-0.072944,-0.025765,-0.12321,0.0076175,0.094087,0.060951,0.091604,0.1219,0.10993,-0.0084672,-0.17575,0.27542,-0.098328,-0.08654,-0.042548,0.0090869,0.024665,0.027287,0.063177,-0.11067,-0.11118,-0.018053,-0.014825,-0.093624,0.0077058,-0.071184,-0.040181,0.064799,0.013882,0.051355,-0.045235,0.27095,-0.11955,0.2011,-0.06192,0.031265,0.23127,0.21905,-0.18253,-0.077813,-0.17212,-0.15106,-0.057601,-0.1859,0.074088,0.23886,0.21833,0.19893,-0.24173,0.076791,0.11607,-0.22797,0.062001,0.077722,-0.29697,-0.17861,-0.0090398,0.17493,0.034152,0.19571,-0.29874,0.15738,-0.051213,0.11473,-0.01186,0.038,0.19029,-0.21032,-0.11324,-0.057207,0.021427,-0.0038155,0.053434,-0.10814,0.087416,-0.08953,0.25255,0.068212,0.099018,-0.1207,0.21789,-0.10316,0.015033,-0.34124,-0.13806,0.029067,-0.21106,0.093962,0.048096,0.19064,0.021709,0.17267,0.061138,-0.18502,0.068218,-0.033063,-0.096014,-0.084128,-0.11823,-0.13304
-0.097681,0.016263,-0.096741,0.023881,0.096704,0.18695,-0.04135,0.039439,0.02472,0.11226,-0.22908,0.1091,-0.14321,-0.067376,0.022071,-0.1192,-0.16119,0.096039,-0.10272,-0.095774,-0.063242,0.037405,0.027405,-0.22754,0.1073,-0.020976,0.071696,0.011006,0.29108,-0.24125,0.067342,0.27873,-0.19929,0.14813,-0.007562,-0.16908,0.13771,0.21662,-0.14273,-0.16365,-0.12378,0.12982,-0.22485,-0.29418,-0.015329,0.00019781,0.16054,0.11494,-0.26094,-0.023366,0.20814,-0.14052,0.18502,-0.0098561,-0.033,-0.12818,-0.05417,-0.046791,-0.17048,0.20501,-0.16072,0.028049,-0.14404,0.070201,-0.064634,0.041229,0.043501,-0.064387,-0.016843,0.11485,0.087441,-0.035457,0.032304,-0.1698,-0.044314,-0.24531,0.091392,-0.0034258,0.2267,-0.26431,0.19105,-0.15101,0.020741,-0.13297,0.06742,0.24853,-0.0045971,0.31096,0.13235,0.060986,0.022739,0.041145,-0.0046566,-0.10887,0.21201,0.042711,0.17864,-0.027885,-0.21602,-0.15586
-0.10946,0.012838,-0.092383,0.018571,-0.16388,0.066314,0.13242,0.20927,0.09346,-0.045066,-0.24136,0.18717,0.0024568,0.01087,0.096634,0.058812,-0.10236,0.11919,0.1664,-0.0028444,-0.099034,-0.091649,0.023744,-0.089076,0.006116,0.025534,0.063749,0.036919,-0.088757,-0.21775,0.049642,0.13437,-0.04258,0.029131,-0.073098,-0.019587,0.28328,0.00023421,-0.04525,0.035917,-0.15399,0.1149,-0.037783,-0.06765,0.042018,0.044973,0.28124,0.087333,-0.16281,0.034971,-0.11214,-0.082662,0.23414,0.10937,-0.079806,-0.17493,-0.0022084,0.035534,-0.065974,-0.057133,0.16042,0.17769,-0.011284,0.11358,-0.09141,-0.038818,0.12645,0.048876,0.14029,-0.10159,-0.03434,-0.087685,0.10159,-0.032095,0.032167,-0.061805,0.11376,-0.043984,0.086994,-0.089905,0.057766,-0.28635,-0.059473,0.020064,-0.061232,0.00094147,-0.080911,0.037667,0.059884,0.11654,-0.22678,0.056643,0.043555,-0.16467,0.059124,0.15305,0.11921,-0.26215,-0.063657,-0.048774
-0.1041,0.045953,0.099886,-0.056303,-0.24013,0.2089,-0.089318,0.035777,0.1421,0.099606,0.1212,0.11926,-0.18339,-0.011534,0.0703,-0.07324,0.12412,-0.049955,-0.13606,0.053193,-0.16338,-0.21208,0.0033152,-0.074087,0.023507,-0.029378,-0.14684,-0.097927,0.049219,-0.16421,0.016487,0.0061146,0.077606,0.14155,-0.050785,-0.17688,0.046566,-0.20147,-0.14305,-0.27431,-0.26117,-0.054917,-0.031363,-0.094599,0.061803,-0.10316,-0.056813,0.052694,-0.091674,0.047027,0.045355,-0.10915,0.073976,-0.011239,-0.0031182,-0.046755,0.19725,-0.032375,0.027367,-0.012099,-0.14747,-0.11727,0.052366,0.028519,-0.072365,-0.019058,0.21341,-0.093414,-0.092932,-0.062687,0.10369,0.26942,-0.0094681,0.04532,-0.24391,-0.095102,-0.17471,-0.05126,0.079001,-0.064416,-0.16399,-0.042927,-0.18032,0.036691,0.12966,0.0943,0.0010391,-0.058021,0.14949,-0.075015,-0.021958,-0.11404,-0.058854,-0.22891,0.049091,-0.10817,0.099204,0.097958,0.054728,0.10453
-0.025174,-0.051518,-0.20059,0.040384,0.12697,-0.062025,0.059617,-0.06689,0.1357,-0.098698,-0.12856,0.054956,-0.11849,-0.059461,-0.044993,-0.1299,-0.017434,-0.017116,0.099626,-0.13141,0.091287,-0.13477,0.032689,-0.10727,0.14591,-0.0020576,0.096746,-0.053316,0.07904,-0.19763,0.062894,0.24258,-0.18205,0.12468,-0.10533,-0.073936,0.072388,0.074399,-0.15256,0.098525,-0.12023,-0.12313,0.02226,-0.057809,0.093262,-0.034406,0.15407,0.119,-0.11418,0.13789,0.094165,-0.21077,0.10293,0.017036,0.0050088,0.039337,0.073463,0.10139,-0.024143,0.38758,-0.090934,0.042464,-0.031171,-0.021209,0.043601,-0.053548,0.24664,0.014811,0.13015,-0.0061052,-0.0047023,-0.032739,-0.038036,-0.21767,-0.033687,-0.052624,0.18743,0.10647,-0.014928,-0.0089634,0.17748,-0.16841,-0.078956,-0.11802,-0.0072157,0.072598,-0.19702,0.20747,0.1655,0.28149,-0.087143,0.043519,-0.031823,-0.060562,0.080605,0.00035644,-8.6379e-05,-0.11323,-0.11589,-0.10026
-0.027007,0.12432,-0.067391,0.12978,-0.16311,0.29118,-0.072847,0.11767,0.14106,0.11646,-0.12208,0.19823,-0.11456,0.13918,-0.10934,-0.012963,-0.01193,-0.00049772,-0.083679,-0.020493,-0.20978,-0.14189,0.0075389,-0.19167,0.10347,0.13411,-0.035144,-0.047793,0.13611,-0.049623,0.25523,0.15266,-0.14324,-0.15385,-0.047054,-0.22467,-0.0070973,0.011066,-0.0012063,-0.061748,-0.11878,0.16554,0.0023938,-0.145,-0.063378,-0.02702,0.0080179,-0.17417,0.15851,-0.14644,0.16516,-0.077345,0.18602,-0.038546,-0.002992,-0.080718,0.09235,-0.17115,-0.048638,0.086748,-0.080036,0.011175,0.19705,0.060993,-0.13311,0.15115,0.030339,0.036287,-0.096573,0.12653,-0.063231,0.18418,-0.039883,-0.076545,-0.16393,0.15155,-0.2338,-0.14333,-0.086477,0.028988,0.038652,0.13062,-0.035807,-0.00047024,-0.066615,0.016438,-0.036349,0.15369,0.081849,-0.060003,0.013826,-0.065003,0.039144,-0.25822,0.0051358,-0.012411,0.063017,-0.058867,0.14847,0.031305
-0.0064376,0.10784,-0.16019,-0.068652,0.065957,0.022663,-0.0023537,-0.010439,0.11104,0.093258,0.029958,0.032837,-0.16978,-0.13095,-0.08932,-0.013904,-0.082472,-0.044544,0.12445,-0.11741,0.027666,-0.12866,0.06148,0.042311,-0.014959,-0.033697,0.20846,0.019291,0.13205,-0.093536,0.041846,0.33578,-0.0021299,0.020081,0.067261,-0.054131,0.083921,0.046231,-0.050672,-0.068355,-0.14608,-0.018861,-0.015289,-0.1471,-0.016138,-0.13714,0.19603,-0.018522,-0.17326,-0.19093,0.096617,-0.22522,0.29078,0.0816,-0.13561,-0.10066,0.054802,0.11818,-0.055171,0.25255,-0.12916,-0.037423,-0.09566,-0.014785,-0.016634,-0.13284,0.087698,-0.036769,0.33162,-0.046765,0.052069,0.055047,0.13894,-0.045536,0.076549,-0.12539,0.21163,0.1408,0.086308,-0.1421,0.060068,-0.23353,0.028123,-0.14121,0.0089734,0.050506,-0.20698,0.15402,0.22857,0.12318,-0.11265,-0.080861,-0.042432,-0.09613,-0.0043379,0.007129,-0.11428,-0.10309,-0.088538,-0.14212
-0.04658,-0.012937,-0.012406,0.04216,0.019645,0.2793,-0.18842,0.090991,0.10122,-0.2016,-0.16458,0.10838,-0.23458,-0.047654,-0.19482,-0.02009,-0.094536,-0.13583,0.013088,-0.083339,0.052911,-0.0031819,0.12496,-0.11861,0.24046,0.10029,0.16513,-0.19806,0.031102,0.0072495,-0.031814,0.24832,0.048414,0.043934,0.049325,-0.063538,0.22716,0.060863,-0.060368,-0.13918,-0.074803,0.10372,-0.13976,-0.11159,0.17392,0.028277,0.097788,0.015349,-0.21451,-0.10662,0.15546,-0.23826,0.033538,0.15421,-0.21938,-0.11839,0.00019484,0.077596,-0.04534,0.25544,-0.12207,0.15939,0.0077318,0.12699,-0.0025707,-0.11695,0.13666,-0.074866,0.15206,0.026011,-0.0099824,0.058633,-0.052634,-0.28584,0.075598,-0.11057,0.13549,0.082109,0.079418,0.063057,0.11192,-0.2099,-0.04827,-0.29963,-0.11932,0.020596,-0.083721,0.13727,0.13723,0.046036,0.091317,-0.017668,-0.086426,-0.031401,-0.029743,0.20597,6.3271e-05,0.010972,-0.19578,-0.1481
0.059026,0.064471,-0.14631,0.18616,-0.044639,0.32312,-0.048656,0.22719,0.14148,-0.0013977,-0.09527,0.059308,-0.022241,0.20198,0.026396,0.06535,0.20249,0.046131,-0.12003,0.060318,-0.23705,-0.17304,-0.14422,-0.030715,-0.015315,-0.054214,-0.01054,-0.17344,-0.013784,-0.1304,0.14026,-0.093678,-0.039124,0.14386,-0.13121,-0.056176,-0.016827,0.026563,-0.026015,-0.043482,-0.1438,-0.031525,-0.1763,-0.061959,0.035971,0.10428,-0.06275,0.13863,0.25344,-0.18903,0.10512,-0.15764,0.047389,0.076519,-0.1371,-0.0078898,0.049748,-0.0037743,-0.13926,-0.15546,-0.17154,-0.18397,0.095459,0.020858,0.022042,-0.19106,-0.018383,-0.06731,0.01289,0.088445,0.12619,0.12609,0.049022,-0.094475,-0.15186,0.013037,-0.20604,0.0017563,-0.08256,0.060257,0.050355,-0.043522,-0.04638,-0.088835,-0.059413,-0.013974,-0.1663,0.24443,0.15982,-0.035643,-0.040437,-0.053366,0.021716,-0.20355,-0.10765,-0.10208,-0.054242,0.034216,0.10972,0.17688
-0.020463,-0.17386,-0.071685,0.056101,0.13929,-0.039041,-0.034969,-0.0094673,0.055638,-0.061752,-0.096173,0.18608,-0.18676,-0.0027817,-0.069324,-0.067184,0.032246,0.084441,0.044332,-0.14892,0.06626,-0.10722,-0.0036984,-0.06555,0.051074,-0.11949,0.019464,0.16474,0.10129,-0.15989,0.020179,0.18279,-0.09668,0.22138,-0.020101,-0.062181,0.078014,0.030403,-0.19973,-0.0094556,-0.13517,-0.15981,-0.023659,-0.090651,0.0032682,0.078902,0.11373,0.21172,-0.12488,0.08074,0.15851,-0.15034,0.050699,0.05116,-0.11102,-0.14788,0.16654,0.13534,0.0084384,0.3291,-0.21027,0.077938,0.014974,-0.067024,0.075718,-0.048958,0.21667,-0.088394,0.050769,-0.051584,-0.056525,-0.070424,0.0075203,-0.13125,0.024515,-0.10682,0.24921,0.19538,-0.0095899,-0.11625,0.24272,-0.12578,-0.081696,-0.24214,-0.085966,0.047181,-0.27544,0.19044,0.1255,0.33307,-0.053593,0.045931,-0.057584,-0.16477,0.051563,-0.19144,-0.047155,-0.030315,-0.14928,-0.18903
-0.023572,-0.16657,-0.057115,0.017301,0.1315,0.014392,-0.022773,-0.01201,0.023966,-0.033921,-0.10078,0.17946,-0.20821,-0.055638,-0.090504,-0.10126,0.046331,0.084316,0.041245,-0.11474,0.11138,-0.055098,-0.051798,-0.055241,0.065453,-0.19065,0.0092976,0.1816,0.10301,-0.098699,0.06104,0.15226,-0.12419,0.26532,-0.053745,-0.043682,0.073776,0.13982,-0.17667,-0.091356,-0.1596,-0.13261,0.028111,-0.14839,0.05049,0.017583,0.17575,0.19451,-0.085235,0.012276,0.11104,-0.1576,0.071717,0.045674,-0.14941,-0.10075,0.12685,0.07926,0.0018309,0.2855,-0.25849,0.11664,0.01316,-0.071467,0.13127,0.0044977,0.16362,-0.051428,0.022565,-0.048476,-0.050278,-0.030571,-0.0080299,-0.15035,0.010013,-0.20583,0.25881,0.22861,-0.0108,-0.12409,0.24727,-0.11653,-0.065304,-0.27097,-0.086804,0.039396,-0.29323,0.14766,0.16702,0.30977,-0.059111,0.082094,-0.050498,-0.12382,0.023612,-0.091624,-0.082638,-0.03537,-0.077344,-0.19074
-0.16474,-0.049701,-0.076248,-0.016774,0.015139,0.12461,0.00073124,0.071861,0.15014,0.12703,0.041026,-0.024333,-0.19968,0.18973,0.026147,0.051134,0.29231,0.072333,-0.12582,-0.10522,-0.097271,-0.10224,-0.10778,-0.052988,0.078281,0.043757,0.12887,0.089837,-0.026976,-0.15491,0.11253,0.011891,0.0071741,0.21083,-0.16928,-0.078973,-0.091667,-0.17855,-0.19715,-0.097452,-0.12624,-0.13185,0.15579,-0.032995,-0.18009,-0.06146,0.035255,-0.10211,0.10436,-0.3289,0.086838,-0.074157,0.035063,0.062832,0.15638,0.026635,0.19088,-0.015896,0.1566,0.25584,-0.17022,0.010393,0.13657,-0.11123,0.128,0.23656,0.22352,-0.089218,0.0065802,-0.04114,-0.061949,0.24252,-0.02139,-0.046512,-0.088308,0.13291,-0.27991,0.046238,-0.028921,0.086907,-0.022954,-0.058578,-0.084523,0.083038,-0.041885,0.045281,-0.26446,0.055994,0.082418,0.10842,-0.098528,-0.1512,-0.045564,0.027344,0.098231,-0.30725,-0.044232,0.031201,0.060852,0.15773
-0.0096321,-0.16827,-0.14513,0.0030942,0.032969,0.087834,-0.055943,-0.17965,0.1466,0.16679,-0.047983,-0.075496,0.032242,0.16509,-0.12722,-0.0031702,-0.028334,-0.083481,-0.34472,-0.059206,0.018079,-0.11488,0.087808,0.20284,0.036113,-0.18607,-0.040565,0.17373,-0.0013406,-0.14124,0.089261,-0.27204,-0.073231,-0.058992,0.16448,-0.014026,-0.18107,0.048332,0.024458,0.0883,-0.17883,0.14357,0.075453,0.075586,-0.27454,0.25495,0.16532,-0.071884,0.23893,0.069483,-0.021572,-0.04458,0.21995,0.25004,-0.00010362,0.0093051,0.035999,-0.11585,0.08444,0.11068,0.032276,-0.31812,0.091985,-0.23945,0.052208,0.1428,0.00037896,-0.16472,-0.16281,-0.12688,-0.19571,0.0019762,0.088835,0.047246,-0.13935,0.081245,-0.32945,0.07016,-0.090445,0.02619,-0.12348,0.0025198,-0.19331,0.19273,-0.12174,0.18292,0.036236,0.17292,0.12972,0.012998,-0.085038,-0.18124,-0.14625,0.1258,0.051234,-0.14905,-0.062024,-0.12799,-0.0035316,-0.0030695
-0.13167,-0.089237,-0.06412,0.12025,-0.073035,0.11092,-0.012541,0.00078947,-0.060114,-0.09434,-0.044075,0.19369,-0.011895,0.0055792,-0.014761,0.001965,-0.0073395,-0.041912,0.078425,-0.047717,0.014578,-0.061136,-0.069221,0.0043016,0.12159,0.026909,0.050676,0.042277,0.16845,0.00059184,0.092016,0.18032,-0.088198,-0.0022948,0.070031,0.077048,0.10513,0.013547,-0.16716,0.076742,-0.26665,0.035274,-0.023908,-0.06094,-0.026667,0.023788,0.12017,0.018067,-0.22469,-0.05151,0.12001,-0.22637,0.19785,-0.025367,-0.070675,-0.1588,0.090219,0.15282,-0.015584,0.15172,-0.12318,0.030694,0.11722,-0.007953,0.078822,-0.13527,-0.001578,-0.090036,0.14961,-0.044177,0.032519,0.042629,-0.034971,-0.20176,0.018411,-0.0043475,0.18629,-0.11526,0.036227,0.070229,0.067617,-0.12495,-0.11339,-0.28518,-0.17157,0.099714,-0.026036,0.11805,0.19919,0.17049,-0.11432,-0.011464,-0.036593,-0.15414,-0.10812,0.19608,-0.058651,-0.11175,-0.068727,-0.10345
-0.073077,0.09994,-0.073601,-0.039857,0.034239,-0.056402,0.11913,0.026176,0.065146,0.00066727,-0.17805,0.10274,-0.1728,-0.081798,-0.066307,-0.042511,-0.21995,0.017098,0.021679,-0.15252,-0.051739,-0.12426,0.094811,-0.0031785,0.039777,-0.11118,-0.013243,-0.070262,0.02825,-0.20588,0.022993,0.18034,-0.14101,0.015196,-0.11297,-0.13343,0.047399,-0.11639,-0.1132,-0.044712,-0.070345,-0.023356,0.17026,-0.022755,0.10604,-0.015022,0.10009,0.1011,-0.20022,-0.10138,0.13417,-0.24232,0.16006,0.12858,-0.084185,-0.26012,-0.08084,0.054027,0.062685,0.15287,-0.12102,-0.0098465,-0.035733,0.15839,0.068424,0.001768,0.18573,-0.041424,0.10972,-0.078932,0.064384,0.13249,0.027502,-0.12836,-0.020218,-0.08055,0.16233,0.16222,0.10911,-0.07284,0.071722,-0.26257,-0.061204,-0.19898,-0.082266,0.17341,-0.099329,-0.03032,0.27333,0.051034,-0.10583,-0.056399,-0.0038138,-0.024872,0.080594,0.061732,-0.067998,-0.17573,-0.031973,-0.11521
0.047006,0.043711,0.062362,0.026933,0.11632,0.086191,0.0035107,0.069736,0.20088,0.072434,-0.04115,0.10908,-0.21166,-0.17434,-0.19196,-0.09753,-0.069546,-0.022416,0.01517,-0.089239,0.14885,-0.090956,0.11634,-0.080915,0.21769,0.092799,0.29593,-0.048863,0.0029334,-0.15455,0.077909,0.24082,0.00094797,0.13081,-0.040559,-0.036904,0.083414,0.17352,-0.17364,0.027101,-0.048433,0.131,0.13879,-0.071623,0.024805,-0.10614,0.18051,0.0049912,-0.10212,-0.086048,0.0040439,-0.15948,0.0091745,0.049376,-0.075983,-0.0090752,0.094241,0.10284,0.081774,0.37016,-0.28458,0.022923,-0.067405,-0.061532,-0.011852,0.071538,0.021341,-0.12083,0.19744,0.020885,-0.11205,-0.060231,0.047439,-0.16028,0.017997,-0.12743,0.19394,0.16092,0.10775,-0.04783,0.0035824,-0.12003,0.0087015,-0.24826,-0.12244,0.017125,-0.15586,0.064627,0.13399,0.26636,-0.14806,-0.021895,0.0083445,-0.18205,0.048871,0.1277,-0.05248,-0.0029795,-0.1602,-0.115
0.10918,0.063163,-0.16854,-0.013725,0.085414,-0.059598,-0.0034502,0.067924,0.063402,0.1182,-0.050489,0.064187,-0.21493,0.31168,0.017436,0.070251,-0.12186,-0.12009,-0.19816,0.096444,0.29734,-0.24915,-0.025139,0.0036009,0.045964,-0.063695,0.013985,0.084631,0.10795,-0.22976,0.062679,-0.056221,0.036454,-0.10049,-0.10483,0.11934,-0.17439,0.034187,-0.028459,-0.16391,-0.12259,0.20212,0.048232,0.36152,-0.12181,0.30918,0.16664,-0.11716,-0.014705,-0.18168,0.01923,-0.044257,0.08887,0.054931,0.12123,-0.028668,0.078151,0.16517,0.16325,0.38698,-0.024574,0.10613,-0.069016,-0.0060269,-0.075029,0.13438,-0.081832,-0.13049,0.011312,0.021927,-0.068375,-0.14986,0.08328,0.069552,0.028872,0.12163,-0.28715,-0.2507,-0.017644,-0.1583,0.16447,0.045897,0.042572,-0.076786,-0.36559,0.15236,-0.18069,-0.0023299,0.11848,-0.071187,-0.0023774,-0.062499,-0.22297,-0.034935,0.020824,-0.14173,0.0034251,-0.048033,0.12654,-0.10613
-0.093761,0.070088,-0.0022715,-0.20626,0.15987,-0.0036033,-0.10696,0.026737,0.26011,0.031695,-0.022031,0.034119,-0.15786,0.21842,0.17323,0.060955,0.12487,0.15721,-0.23164,-0.087479,-0.10656,-0.055195,-0.01592,0.095769,-0.10841,-0.061987,-0.020493,0.32464,-0.093344,-0.20666,0.0072255,-0.24079,-0.046171,-0.049721,-0.13489,-0.055029,0.0011611,0.070859,-0.14549,-0.10596,-0.2595,0.11328,0.031408,0.064413,-0.088384,0.19909,-0.0092267,0.010165,0.12919,0.015317,0.087871,-0.18074,0.046478,0.12765,0.057094,-0.087353,0.011912,0.081516,0.21042,0.13774,0.029345,0.29828,0.094205,0.041741,-0.12755,0.18644,0.11056,-0.095026,-0.02773,-0.095041,0.042754,-0.092477,0.086311,-0.012134,-0.05157,-0.0090505,-0.072048,-0.10354,-0.091556,-0.086841,0.046479,0.014639,0.0433,0.013096,-0.17512,0.15706,0.088135,0.1734,0.13868,-0.07069,-0.027347,-0.18138,0.13248,0.013111,0.09827,-0.002995,0.13041,0.1136,0.13408,0.22278
-0.00060672,0.15064,-0.0085621,-0.099031,0.11786,-0.10183,0.010627,0.089254,0.20887,-0.056567,-0.001902,0.10521,-0.072856,0.20612,0.066561,-0.0017489,-0.1945,0.034333,-0.17899,-0.15407,-0.0072562,-0.14477,0.080378,0.066178,-0.088112,-0.085063,-0.054603,0.16385,0.036835,-0.18231,0.1677,-0.26552,-0.043375,-0.1047,-0.226,0.11625,-0.068261,-0.038757,-0.086942,-0.1042,-0.12363,0.19236,0.054738,-0.04262,-0.062945,0.15516,0.0076308,0.021422,0.10106,0.088658,0.12662,-0.1352,0.12406,0.081048,0.12493,0.076514,-0.02822,0.010419,0.11997,0.29243,-0.093392,0.063332,0.15072,-0.1711,-0.0611,0.1999,-0.066511,-0.046759,-0.016492,-0.0071595,-0.05493,0.035619,0.082044,0.016696,-0.099857,-0.10421,-0.11871,-0.1217,-0.19472,-0.032898,0.088151,0.01968,0.030028,-0.010412,-0.15005,0.1406,0.0016597,0.085693,0.12672,0.11742,-0.085128,-0.14133,0.021718,-0.029631,0.14387,-0.030313,0.052577,0.078812,0.18579,0.25087
-0.081776,0.0438,0.12112,-0.06602,-0.0092104,0.25159,0.14109,0.075584,0.01716,0.045472,0.1371,0.10149,-0.087879,0.092291,0.034615,0.0094935,0.084536,-0.051574,-0.12315,0.070858,0.026493,-0.082512,-0.081282,-0.0027609,0.044357,0.17615,0.10136,-0.035101,0.14576,-0.23556,0.13305,0.0093717,-0.026253,0.036842,-0.13976,-0.0088366,-0.088243,-0.15196,-0.12476,-0.091019,-0.14821,-0.01849,0.10014,-0.015979,-0.14031,-0.1383,0.053419,-0.066574,0.015738,-0.091778,0.060395,-0.078584,0.088994,-0.03643,0.098753,0.0038573,0.20107,-0.097764,-0.057086,0.18201,-0.079304,-0.022525,0.18332,-0.11177,-0.052552,0.26265,0.2402,-0.078578,0.15087,-0.13274,-0.072453,0.086476,-0.085822,-0.14988,-0.06006,0.048666,-0.16835,0.073826,-0.056595,0.049555,0.057835,-0.14042,-0.1517,0.15247,-0.048398,0.018586,-0.052074,0.14397,0.076426,0.057535,-0.065528,-0.039955,0.038997,-0.23176,-0.0090275,-0.19792,-0.17753,0.0029849,-0.060971,0.029801
-0.045667,-0.18574,-0.035837,0.089618,0.18435,0.0085834,-0.022659,0.027265,0.034977,-0.073943,-0.12172,0.11355,-0.1023,0.0012045,-0.060045,-0.10192,-0.0038445,0.14578,0.0046674,-0.14412,0.050518,-0.061328,-0.057602,-0.030183,0.091881,-0.13492,0.0086529,0.26521,0.15493,-0.16621,0.012193,0.095,-0.14771,0.19166,-0.052134,-0.0064835,0.06359,0.078314,-0.19236,-0.10186,-0.12878,-0.074969,0.0045536,-0.13239,0.026848,0.060612,0.075609,0.2104,-0.12155,0.035763,0.15834,-0.12661,0.095362,0.046017,-0.078797,-0.096717,0.24284,0.091505,0.020034,0.27651,-0.23817,0.051592,-0.0015481,-0.035269,0.1004,-0.027384,0.17417,-0.11659,0.014011,-0.1115,-0.022544,-0.045673,-0.063737,-0.16629,-0.0093036,-0.21505,0.22708,0.15041,0.08506,-0.20861,0.24565,-0.075652,-0.024316,-0.17557,-0.034909,0.13339,-0.22953,0.27207,0.10696,0.30859,0.0062122,0.033058,-0.0075173,-0.13114,0.055797,-0.12711,-0.044645,-0.05921,-0.050448,-0.18155
-0.059184,0.13419,-0.20508,0.18918,-0.049799,0.18741,-0.051199,-0.079485,0.10721,-0.18068,-0.059037,0.15562,-0.067061,-0.0064255,-0.099552,0.048612,-0.097672,-0.14289,0.0008611,-0.096824,-0.047814,-0.032345,-0.016964,-0.019279,0.069041,-0.043334,0.023144,-0.20385,0.11895,-0.018451,0.0028742,0.27588,0.04115,0.249,-0.10299,0.072567,0.068379,0.15155,-0.099783,-0.033147,-0.22155,0.070407,0.056722,-0.10057,-0.061566,0.17738,0.24136,0.19387,-0.12927,-0.056738,0.16567,-0.1907,0.14458,0.028631,-0.18193,-0.15361,0.010809,0.058104,-0.15023,0.23192,-0.16213,0.14665,-0.0080291,0.13689,-0.032892,-0.17531,0.089114,0.02963,0.12145,-0.045514,-0.074303,0.05197,-0.084663,-0.15587,0.023118,-0.119,0.31038,0.20716,0.029278,-0.21637,0.22524,-0.17686,-0.047851,-0.15907,-0.108,0.0057346,-0.09059,0.12585,0.11598,0.03359,-0.010681,0.080614,0.059532,-0.12805,0.046149,0.047876,0.11587,0.070083,-0.087404,-0.255
0.0050453,-0.14281,-0.11355,0.074484,0.052862,0.0051606,0.11568,0.034918,-0.030465,-0.16305,-0.056176,0.12862,-0.19998,-0.11351,-0.15578,-0.058244,-0.022005,0.0094695,-0.084999,-0.026594,0.082802,-0.041766,-0.12516,0.095926,0.23862,-0.14522,0.22071,0.042022,0.10154,-0.20773,0.00052343,0.20121,-0.14192,0.10198,-0.035653,0.081352,0.11374,0.14214,-0.2144,-0.034498,-0.11791,0.18771,-0.00029915,0.10409,-0.034735,0.041124,0.09881,0.077443,-0.22493,-0.075139,0.084525,-0.15197,0.029171,0.064431,-0.059199,0.066875,0.08658,0.055183,-0.1229,0.12871,-0.13524,0.098817,-0.09304,-0.071196,0.1775,-0.086722,0.10585,0.048076,0.14539,0.052087,-0.09105,0.012019,-0.016432,-0.30098,0.040652,-0.079186,0.19597,0.10392,-0.075775,-0.04933,0.29504,-0.16399,-0.065677,-0.053352,-0.12202,0.15104,-0.059905,0.20884,0.24322,0.1607,-0.092877,-0.0089746,-0.11852,-0.14187,0.018271,0.18734,0.098075,-0.0020708,-0.0087265,-0.20737
-0.019532,0.16867,0.00481,0.039398,0.22061,0.049635,-0.089942,0.14149,0.30165,-0.019938,0.0056955,-0.018701,-0.17349,0.062604,0.020093,0.010693,-0.20336,0.1341,-0.13035,0.0082188,0.027502,-0.07965,0.23856,-0.13843,-0.037439,0.027239,0.014765,-0.082778,-0.093734,-0.031683,0.020137,-0.00082217,-0.032538,0.092934,-0.064021,0.14507,0.003448,0.094817,0.13553,-0.14986,0.038621,0.10846,-0.21614,-0.00034339,-0.046092,0.24359,0.12047,0.075131,0.063687,0.044079,0.090459,-0.22991,0.019037,0.087022,-0.033036,-0.052149,0.11273,0.082819,-0.012568,0.094473,-0.10663,0.21756,0.033417,0.094437,-0.099996,0.13234,-0.08742,-0.045568,-0.19483,0.10446,0.036641,-0.036965,0.034751,-0.09381,-0.044584,-0.080585,-0.16964,-0.23006,-0.010014,-0.20927,0.23095,-0.091803,0.059903,0.012929,-0.069092,0.30553,-0.078655,0.12279,0.21164,-0.077581,0.07551,-0.11753,-0.034293,-0.13244,0.058138,0.18171,0.016659,0.29596,0.14001,-0.060185
-0.044774,0.18229,0.0031068,-0.16525,0.12461,-0.15319,0.02181,0.074797,0.16609,0.14812,0.012569,0.02768,-0.15953,0.34008,0.079247,0.098476,-0.092144,-0.06495,-0.052029,-0.085281,0.12465,-0.054015,0.067612,-0.14381,-0.11278,-0.10066,-0.083402,0.14019,0.12829,-0.1047,0.10743,-0.042874,-0.019267,-0.10647,-0.19113,0.014319,-0.10708,0.0085901,-0.022348,-0.11411,-0.025783,0.04927,-0.13676,0.034219,-0.22473,0.19204,0.14752,-0.1634,0.046798,-0.073679,0.097596,-0.17117,0.22003,0.081263,0.12371,-0.052109,0.099322,0.2205,-0.0010857,0.29784,-0.073382,0.1022,-0.10916,-0.17005,-0.049655,0.15544,-0.091505,-0.12787,0.021685,-0.045689,-0.072276,-0.036724,0.11804,0.039451,-0.048316,-0.10935,-0.16698,-0.11299,-0.12273,-0.19108,0.32139,0.089925,0.068182,0.017506,-0.19183,0.15747,-0.056389,0.24238,0.11809,0.088228,0.19737,-0.17718,-0.19164,-0.15282,0.010917,0.07137,-0.034677,0.20706,0.16293,-0.010893
0.065834,0.081165,-0.015857,-0.027382,-0.0016378,0.3348,-0.064481,-0.037058,0.081291,-0.012972,0.028375,-0.1003,-0.084777,0.065709,-0.057699,0.090227,0.10948,-0.14461,0.17669,0.09634,-0.18242,-0.19482,0.057536,-0.16478,-0.091891,-0.01476,-0.033195,-0.15976,0.054349,-0.12562,-0.052577,0.2522,0.042677,-0.010999,-0.10473,-0.0039711,-0.031202,-0.18222,0.14988,-0.24573,-0.14981,0.10685,-0.2183,0.13535,-0.13646,0.020108,0.092122,-0.087541,0.01303,-0.0047334,0.11435,-0.2726,-0.032493,0.12513,-0.087077,-0.14063,0.058076,0.098232,-0.19789,0.046224,-0.0062549,-0.10885,0.1832,0.020781,-0.053545,-0.0079692,0.044776,0.075092,0.079655,-0.015429,0.11694,0.14797,-0.18147,-0.075265,-0.14741,0.077856,-0.091592,0.12701,0.10496,0.22061,0.016723,-0.11345,0.10038,-0.057683,-0.24288,-0.1247,0.068537,0.13334,0.011626,0.075343,0.11177,0.061182,0.1111,-0.083463,0.19366,-0.083518,-0.078308,-0.034847,0.1368,-0.1092
-0.091597,-0.0070384,-0.19352,-0.055037,0.031005,-0.048104,0.10376,2.6918e-05,-0.041846,-0.1308,-0.070948,0.15703,-0.19128,-0.15465,0.027821,-0.042597,-0.13902,-0.018187,-0.01445,-0.067459,0.045561,-0.11427,0.060597,-0.042043,0.1249,-0.059995,0.083948,0.11942,0.23863,-0.23276,0.094655,0.20494,-0.1096,0.086666,-0.098087,-0.01468,0.17497,0.055663,-0.14462,-0.0013447,-0.11999,0.10007,-0.021854,-0.088155,-0.0020188,-0.15761,0.1728,0.079817,-0.085715,-0.0035384,0.072272,-0.074043,0.29099,-0.014112,0.065494,-0.029316,-0.090326,-0.032695,-0.09036,0.27807,-0.14769,0.12836,-0.087083,-0.10407,0.037326,0.021002,0.18858,0.020146,0.064107,0.014732,-0.086931,0.015196,-0.088744,-0.16718,-0.058513,-0.16642,0.2468,0.17677,-0.040225,-0.12291,0.26199,-0.091005,-0.062896,0.0083401,-0.010472,0.077272,-0.032523,0.18305,0.12384,0.20958,-0.11542,0.12361,0.043016,-0.11297,0.068728,-0.022658,0.05436,-0.057697,-0.11621,-0.16386
-0.1467,0.14505,-0.012607,-0.16172,-0.06268,0.11649,0.01493,-0.024459,-0.01427,0.093753,0.025066,0.13226,-0.14697,0.13804,0.12836,0.052151,0.15978,-0.054841,0.0085191,-0.13487,-0.01425,-0.16746,-0.1418,-0.071394,-0.077237,0.11784,0.085547,-0.02924,0.16309,-0.23848,0.17373,0.058675,0.0071883,-0.048692,-0.28339,-0.18738,-0.014226,-0.16789,-0.14516,-0.15972,-0.20955,-0.02207,0.039985,-0.099793,-0.05256,-0.086888,-0.10782,-0.207,-0.0058925,-0.20966,-0.013123,-0.13878,0.13741,-0.036681,0.19914,-0.027186,0.12326,-0.13553,0.046853,0.10357,-0.098298,0.01204,0.036697,-0.033949,0.09535,0.23236,0.29993,-0.058126,0.05076,-0.013528,0.046867,0.24351,-0.020734,0.049528,-0.095629,-0.015775,-0.18382,0.090649,0.0043315,0.029405,0.027018,-0.076798,-0.16082,0.12897,-0.03349,0.11149,0.0063356,0.16634,0.054659,0.021049,-0.012544,-0.063479,0.030176,-0.098018,-0.0258,-0.16564,-0.15925,0.012186,-0.00167,0.050832
0.014351,0.13735,-0.12231,0.21598,-0.054315,0.10982,-0.16831,0.022879,0.19222,-0.0095828,-0.014468,0.12728,-0.067681,0.15595,0.15996,0.10176,0.1033,-0.12,-0.15718,0.073121,-0.13,0.041129,-0.054664,0.17352,-0.12734,-0.10681,0.08572,-0.14433,0.066201,0.025665,0.060308,-0.099593,-0.046843,0.14052,-0.10205,-0.013849,-0.097592,0.16795,-0.084898,0.048487,-0.14943,0.047541,-0.03808,-0.075396,-0.13929,0.39025,-0.01639,0.083657,0.21354,0.025599,0.068399,-0.098116,0.065863,0.076744,0.072184,-0.15748,0.078875,-0.065401,-0.017154,0.17243,-0.14261,0.040285,0.079536,0.07426,-0.010115,-0.0015643,0.082563,-0.041683,0.032063,-0.028526,-0.20903,-0.010377,-0.042188,0.074037,-0.12445,0.092869,-0.015235,0.16886,-0.11681,-0.078072,0.054777,-0.054327,0.042346,0.2594,-0.0047839,-0.023603,-0.023578,0.17204,0.12262,-0.082962,0.081006,-0.1998,0.018472,0.0035427,-0.061056,0.0068171,0.0777,0.064633,1.8475e-05,-0.13571
0.020703,-0.056816,0.076675,-0.028099,0.040302,0.31051,-0.15363,0.16292,0.1022,-0.093476,-0.0094697,-0.10955,-0.038949,0.058414,-0.16789,0.04564,-0.13365,-0.097234,-0.21352,0.024395,-0.28998,0.031933,-0.088549,-0.0066984,0.045934,-0.13778,-0.069109,0.022768,-0.049807,-0.047619,0.017492,-0.10168,-0.18735,-0.0050388,0.10888,-0.22749,-0.15985,0.13825,-0.20649,0.015907,-0.18084,0.34432,-0.26702,-0.098794,-0.011317,-0.0046277,0.040693,0.11146,-0.0372,-0.038906,0.0027124,-0.080183,-0.12118,0.23197,0.05001,-0.20389,-0.031317,-0.049358,-0.13649,-0.10719,0.037353,-0.14855,-0.038844,0.085345,-0.13298,-0.11969,-0.09768,-0.096774,-0.013002,-0.041381,-0.0034333,0.079521,0.18441,0.14128,-0.096882,0.0062627,-0.12754,0.001467,-0.052035,-0.023606,-0.00082203,-0.049201,0.012665,0.051375,-0.0040979,-0.028164,-0.087996,0.1789,0.14439,0.075601,-0.01513,-0.2593,-0.19181,-0.099553,0.17999,-0.0089057,0.047742,0.14359,-0.081988,0.0061303
0.04553,-0.0014272,-0.0065148,0.0058235,-0.050662,0.085945,-0.0082436,0.032879,-0.019966,0.15626,-0.056274,-0.09788,0.017412,0.033729,0.058459,-0.25388,0.13136,0.085886,-0.21241,0.072104,-0.2655,-0.11989,0.086619,-0.13068,-0.097805,0.013436,-0.083291,0.001295,0.059341,-0.063048,0.019249,0.065946,-0.14634,-0.081885,-0.057583,-0.10501,-0.02372,0.050752,-0.076422,-0.079153,-0.23615,0.12195,-0.0055651,-0.0077458,-0.01824,0.024449,0.066791,-0.11756,0.064984,-0.12466,0.027673,0.065989,0.19229,-0.024844,-0.021098,0.083422,-0.091431,-0.027626,0.013109,-0.060981,0.082998,9.9688e-06,0.19795,0.18801,0.045915,-0.13757,-0.085332,-0.043002,0.046745,-0.066543,-0.015522,0.088715,-0.011222,0.12216,-0.095493,0.10378,-0.079271,-0.22127,-0.018414,-0.052034,-0.07811,-0.086936,-0.11622,0.07629,-0.12636,0.084316,-0.053156,0.035284,0.14308,0.08599,-0.00078937,-0.086031,-0.003378,0.080389,0.024196,0.01068,0.13063,-0.2021,-0.16941,0.015611
-0.098924,-0.06291,-0.082538,0.1176,0.041161,0.22522,-0.10462,0.023848,0.021477,-0.22946,-0.20872,0.15571,-0.23264,0.016227,-0.15888,-0.016845,-0.12012,-0.13147,-0.011058,-0.075174,0.0020799,-0.036766,0.098672,-0.20611,0.22923,0.079282,0.14719,-0.15651,0.00018853,-0.098542,-0.076502,0.20794,-0.0087619,-0.019568,0.088512,-0.080868,0.16703,0.082048,-0.088892,-0.17032,-0.088937,0.011485,-0.18608,-0.098253,0.15505,0.050565,0.0904,0.032117,-0.1926,-0.026441,0.16817,-0.28127,0.054883,0.1125,-0.22116,-0.13222,-0.063915,0.046617,-0.044551,0.22163,-0.1492,0.13299,0.021753,0.11537,-0.048226,-0.053653,0.13034,-0.19174,0.12719,0.10521,0.014571,-0.006845,-0.1142,-0.26119,-0.013052,-0.029718,0.17497,0.053375,0.16973,0.10296,0.058444,-0.17851,-0.084369,-0.22532,-0.17467,0.10532,-0.11839,0.22281,0.21885,0.048233,0.072577,-0.033821,-0.050721,-0.033979,-0.036117,0.13818,0.011945,-0.0039463,-0.21792,-0.17137
-0.0054719,0.14574,-0.025435,-0.1436,0.10522,-0.023433,0.0919,0.1419,-0.0093508,0.086668,0.10082,-0.0042464,-0.013317,0.33049,0.16328,0.0079857,-0.050486,0.0010853,0.028933,0.013192,0.16297,-0.15322,0.11001,-0.010001,-0.25462,-0.1162,-0.1347,-0.13667,0.08466,-0.10646,0.041307,-0.11576,0.013038,-0.14618,-0.083826,0.10436,-0.0081337,0.051155,0.012098,-0.10952,-0.11141,0.050319,-0.079472,0.050318,-0.15893,0.18281,0.13349,-0.11693,0.13015,0.11287,-0.086314,-0.10085,0.099096,0.15481,0.027286,-0.082176,-0.013725,0.22597,0.019506,0.11386,-0.071784,0.049006,-0.03381,-0.017945,-0.11787,-0.10395,-0.014662,-0.1231,-0.031305,-0.066987,-0.05252,-0.055803,0.21385,0.14074,0.054403,-0.11087,-0.038341,-0.26666,-0.057052,-0.19559,0.13192,0.030964,0.10706,-0.040866,-0.023074,0.056301,-0.11328,0.17137,0.082711,0.0083983,-0.03406,-0.0024346,-0.066717,-0.069,0.080589,0.062126,-0.037053,0.097923,-0.0075762,-0.16615
0.11521,-0.12607,0.025651,0.010269,0.068558,-0.081886,-0.10099,-0.079041,0.035698,-0.065471,-0.094214,0.048232,-0.24121,0.013967,-0.045407,-0.16098,0.0080562,0.020923,-0.055343,-0.050914,0.03121,-0.16462,-0.063729,-0.054743,-0.11318,-0.054819,0.030393,0.1051,0.081576,-0.1645,0.077568,0.1151,-0.12534,0.24456,-0.14549,-0.014204,0.027422,0.05597,-0.051889,0.0052464,-0.042025,-0.069517,-0.031857,-0.085346,-0.041807,0.037008,0.10876,0.197,-0.16701,-0.051602,0.1114,-0.059474,0.10823,0.10015,-0.11988,0.0097294,0.31833,0.11811,-0.020873,0.33987,-0.19113,0.11434,-0.033196,-0.035472,0.24219,0.068655,0.10998,-0.16651,-0.0065657,-0.092309,-0.12212,-0.046066,0.037977,-0.22269,0.026102,-0.19128,0.14163,0.17669,-0.090394,-0.099598,0.16576,-0.072933,0.08197,-0.25588,-0.11666,0.0030597,-0.23558,0.11511,0.14429,0.37226,0.056666,0.15961,-0.028748,-0.17187,0.096273,-0.14712,-0.040338,0.044946,-0.086048,-0.19494
-0.038248,0.059073,0.10904,0.022985,-0.19431,0.33714,-0.041594,0.28849,0.14268,0.034879,0.013316,0.17303,-0.097299,0.18501,-0.030816,-0.036288,0.10014,0.036058,-0.11581,0.182,-0.13479,-0.23417,-0.050511,-0.046934,0.095343,0.014721,0.043761,-0.13225,0.070844,-0.22836,0.15136,0.0079993,0.1406,-0.007487,0.16828,-0.0017147,0.0014204,-0.030736,-0.12102,0.040342,-0.25466,0.12248,-0.11079,-0.086054,-0.073223,0.09153,-0.098303,-0.031355,0.067846,-0.23571,0.18047,-0.16001,0.13367,0.017537,-0.15425,-0.097393,0.22223,-0.031762,0.086301,0.046817,-0.10054,-0.11915,0.14575,0.067051,-0.17107,0.1553,-0.066681,-0.010113,0.10156,0.063358,-0.063505,0.011137,-0.075621,-0.057876,-0.15051,0.15673,-0.1583,-0.06552,0.086127,0.1353,-0.050734,-0.01066,-0.19972,-0.074204,-0.19099,0.026042,-0.10098,0.12156,0.10639,0.079247,0.015385,-0.11386,-0.099348,-0.2444,-0.089743,-0.060187,-0.008251,0.025222,0.024546,0.02238
0.003396,-0.050502,-0.034535,0.039552,0.13689,-0.065458,-0.12379,-0.12357,0.2088,0.052641,0.023306,-0.045722,-0.12318,0.28721,-0.018665,-0.021552,-0.048739,0.062313,-0.21444,0.037603,0.19432,-0.20665,-0.02497,-0.078835,-0.024545,-0.046491,0.056306,0.28628,0.040787,-0.20838,0.11604,-0.19282,-0.058999,-0.029984,-0.14496,0.12625,-0.19181,-0.036018,-0.070039,-0.10854,-0.1404,-0.017984,0.17962,0.17013,-0.087591,0.23112,0.17824,-0.22268,-0.007307,-0.19406,-0.072343,0.010494,0.059611,0.024589,0.21989,-0.082935,0.063323,0.025083,0.17498,0.44797,0.0018566,0.1366,0.00839,-0.067099,0.060015,0.24486,0.087127,0.026109,-0.016819,-0.079652,-0.073369,0.076622,0.10295,0.2553,-0.044747,0.11206,-0.2984,-0.22364,-0.093897,-0.10576,0.006383,0.14402,0.051178,-0.060216,-0.28933,0.31291,-0.25141,-0.0036444,0.064332,0.085099,0.058248,-0.0036816,-0.10961,0.092886,0.16868,-0.21557,0.012924,0.095373,-0.088261,0.0091655
-0.0076678,0.065215,-0.012801,-0.10801,-0.074101,0.10882,0.063059,0.0057267,0.11129,0.10398,0.020401,-0.11685,-0.16741,0.18603,-0.021154,0.040715,0.046175,-0.098631,-0.17052,-0.052953,0.001854,-0.14303,-0.15924,-0.012678,0.10972,0.0091206,-0.037162,0.071255,0.097934,-0.24528,0.22392,-0.066212,0.038878,-0.1483,-0.12011,-0.14737,-0.18588,-0.13778,-0.16902,-0.10053,-0.22965,-0.052804,0.051224,-0.088862,-0.13589,0.084972,0.03403,-0.1368,-0.034384,-0.14564,0.076351,-0.18793,0.17043,0.080055,-0.01574,-0.11166,0.13309,0.0072136,0.037757,0.16437,0.020492,-0.075917,0.24055,-0.068892,0.077717,0.16129,0.14841,-0.046085,0.036946,-0.045305,-0.029905,0.20324,-0.025049,-0.02497,-0.2821,0.22472,-0.25412,-0.021135,-0.049661,-0.14189,0.024326,0.15317,-0.076021,0.15641,-0.22045,0.14924,-0.027029,0.065582,0.13492,0.11062,-0.05793,-0.08596,-0.10121,-0.1952,-0.0031942,-0.11292,0.037693,0.020455,0.083247,0.010544
0.030193,-0.1374,-0.017933,0.016819,0.16239,0.0062988,-0.10879,0.0030044,0.089235,-0.058382,-0.10509,0.12614,-0.17812,-0.059307,-0.16758,-0.074552,0.046432,0.053537,0.061092,-0.16472,0.054947,-0.10544,-0.033164,-0.047336,0.068454,-0.13181,0.0091079,0.14566,0.085194,-0.10298,0.040184,0.1893,-0.085405,0.23728,-0.059602,-0.031398,0.092202,0.053771,-0.16096,-0.038461,-0.12464,-0.17161,0.061001,-0.1064,0.024359,0.095959,0.15262,0.21249,-0.1229,0.033673,0.14533,-0.17701,-0.038309,0.070041,-0.06844,-0.11058,0.22203,0.13779,0.037248,0.33137,-0.2349,0.10286,0.069267,-0.072747,0.095064,-0.027238,0.17588,-0.049645,0.06561,-0.10396,-0.043386,-0.021203,0.016808,-0.17143,0.057362,-0.14408,0.25215,0.17841,-0.028109,-0.15272,0.25922,-0.14113,-0.088675,-0.29594,-0.089492,-0.001369,-0.30371,0.20976,0.13171,0.30094,-0.015002,0.023722,-0.024229,-0.1376,0.062272,-0.13527,-0.088719,0.0058961,-0.13685,-0.1677
-0.23177,0.0928,-0.02278,-0.12765,-0.070018,0.11248,0.0054956,0.090666,0.035904,0.070746,0.082017,0.17775,-0.30602,0.049705,0.069973,0.13387,0.047911,-0.06431,-0.062574,-0.13163,-0.16547,-0.15609,-0.12322,0.038986,0.048869,0.038131,0.033827,0.045254,0.075531,-0.22405,0.18832,-0.007945,0.13056,0.12195,-0.12673,-0.070592,0.09795,-0.10406,-0.051453,-0.12574,-0.1649,0.037417,-0.090659,-0.1048,-0.22356,0.20487,-0.18971,-0.11532,0.041283,-0.21922,0.16602,-0.10399,0.1683,0.088818,-0.1723,-0.11445,0.017461,-0.080199,0.1602,0.10823,-0.19513,-0.046695,-0.058532,-0.12953,0.04469,0.24999,0.0030933,-0.16148,-0.13014,0.17271,-0.14582,0.20615,-0.11408,-0.12759,-0.18717,0.081887,-0.24861,-0.041231,0.054149,0.12224,0.0071147,0.082889,-0.14641,-0.12004,-0.077785,-0.010641,-0.087256,0.24839,-0.058354,0.071546,-0.089037,-0.10432,0.0032864,-0.032742,-0.022825,-0.12956,-0.09599,-0.042578,0.12045,0.17994
-0.10059,0.047519,0.048814,-0.076709,0.021556,0.16274,0.047778,0.007147,0.19174,0.14883,0.02701,-0.016811,-0.0966,0.19668,0.030338,-0.050915,0.15103,-0.007068,-0.11118,0.0099399,-0.067875,-0.12744,-0.18574,-0.033413,0.11704,0.07496,0.026189,0.038153,0.0085804,-0.30928,0.15868,0.0022649,-0.049063,0.022761,-0.10939,-0.11056,-0.1411,-0.17165,-0.18778,-0.056837,-0.1564,-0.023782,0.06703,-0.0060879,-0.22427,-0.028396,0.019131,-0.080459,0.046476,-0.1809,0.0028952,-0.17763,0.14818,0.062898,0.058921,-0.15361,0.22455,-0.089466,0.11058,0.22549,-0.055509,-0.069309,0.1987,-0.13045,0.012763,0.32197,0.22904,0.017448,0.1544,-0.027962,-0.020787,0.15906,-0.065993,-0.031524,-0.17243,0.16129,-0.21795,0.030664,-0.018317,0.047395,0.0023113,0.0085255,-0.20931,0.17207,-0.12398,0.20534,-0.093475,0.21685,0.14363,0.037674,-0.075496,-0.12822,-0.010224,-0.099357,0.039092,-0.23209,-0.11566,0.053253,0.010189,0.088412
-0.098331,0.14833,-0.019375,0.085621,0.18577,-0.087095,-0.085932,0.037407,0.25361,0.085059,-0.050338,-0.0094752,-0.054095,0.23008,0.061641,-0.11402,-0.065366,0.010144,-0.10882,-0.013245,0.1105,0.028713,0.091308,0.028481,-0.14822,0.24328,-0.10349,-0.014764,-0.010669,-0.06221,-0.02824,-0.059597,0.057044,0.23326,-0.12109,0.11773,-0.16293,0.20471,-0.016642,-0.23076,-0.061956,0.029974,-0.16752,0.014497,0.056224,0.20895,0.13205,0.071581,-0.11327,-0.026784,0.11553,-0.10179,0.078271,0.21592,-0.043816,-0.15459,-0.052834,-0.07769,-0.16152,0.16826,-0.10364,0.079407,0.032485,0.12081,-0.095283,0.086164,-0.0085062,-0.10149,-0.090233,0.16101,-0.041198,-0.10424,-0.045369,0.067384,-0.20364,-0.12527,-0.1214,-0.13961,0.0032746,-0.18136,0.20074,-0.078813,0.065937,-0.10707,-0.12655,0.24115,-0.082051,0.062366,0.11245,-0.056776,0.22666,-0.1735,-0.024131,-0.042517,-0.066323,0.15221,0.14143,0.33865,0.15488,-0.082872
-0.033268,-0.0071705,0.050873,0.18505,0.057881,-0.048854,0.093085,0.011098,0.11806,-0.041485,-0.16973,0.24447,-0.098302,-0.082564,-0.053127,-0.071812,-0.19629,0.081288,0.056023,-0.16313,-0.012465,-0.18009,0.011806,0.076444,0.15063,0.097633,0.030487,0.043099,0.20282,-0.22536,0.023883,0.12694,-0.033444,-0.066828,-0.16688,0.027901,0.079864,-0.048623,-0.010053,-0.035692,0.012893,0.16512,0.022949,0.020431,0.018903,0.14821,0.0163,-0.0025153,-0.2218,-0.12687,0.085552,-0.24222,0.1273,0.11359,-0.023714,-0.15815,-0.026833,0.0072772,0.084471,0.013859,-0.16772,-0.15751,-0.085692,-0.017992,0.058113,-0.00134,0.05532,-0.17495,0.066413,0.064159,0.068805,0.019387,0.025623,-0.24882,-0.16588,-0.13055,0.18219,-0.0078028,0.11026,0.058285,0.13771,-0.1655,0.10434,-0.057558,-0.028363,0.15942,-0.072723,0.039651,0.036266,0.15248,-0.085018,-0.097393,-0.08103,-0.041245,0.078366,0.081142,0.067308,-0.18277,0.03609,-0.044468
0.023852,0.026321,-0.17021,0.045443,0.1817,-0.04043,-0.13323,0.0019223,0.192,-0.15421,0.040299,0.021472,-0.14895,0.12101,-0.24427,-0.032541,-0.07534,0.069756,-0.15366,0.094606,0.08443,-0.051988,0.054482,-0.049333,-0.16823,0.082045,-0.013802,-0.13091,-0.094439,0.042916,-0.051477,-0.030463,-0.056858,-0.0047924,-0.15627,0.07251,0.0032552,0.041651,0.014167,-0.073382,-0.11538,0.2636,-0.1214,0.093933,0.13059,0.16514,0.088703,-0.049505,0.028465,0.075833,0.031668,-0.22525,-0.0051608,0.11498,0.032507,0.058816,-0.067553,0.049446,0.0057348,0.11647,-0.097624,0.030675,0.091135,-0.011488,0.032692,0.075903,-0.033224,0.093491,-0.025912,0.15358,-0.015775,-0.0011882,0.024484,-0.22432,-0.17499,0.026721,-0.081074,-0.023481,-0.087577,0.0040353,0.066219,-0.16795,0.070495,-0.086826,0.080131,-0.15018,-0.13031,-0.0067197,0.06095,-0.057536,0.066244,0.044905,-0.060165,-0.12456,0.15788,0.16476,0.22136,0.23718,0.16675,-0.023803
0.075995,0.087532,-0.12962,0.079981,0.039136,-0.073281,-0.11363,0.1432,0.19551,-0.037914,0.18277,0.042802,-0.25125,0.09587,0.014584,-0.078603,-0.024381,-0.07279,0.052914,0.016169,0.076063,0.21288,0.17022,0.10994,-0.17548,0.049804,0.075379,-0.093868,-0.00034811,0.051371,0.14757,0.19928,-0.090752,-0.078465,0.068689,0.016936,-0.012388,0.18756,0.023811,0.023305,0.089335,0.023107,-0.12667,-0.00098251,0.1424,0.1092,0.10996,-0.041172,0.13607,-0.03449,-0.15835,-0.062071,0.27377,-0.00016617,0.064089,-0.081735,0.017781,-0.079419,0.018901,0.074764,0.20048,0.037793,0.15948,0.16908,-0.19384,0.098375,-0.16427,-0.066407,-0.16335,0.0084676,0.13093,0.048686,0.18928,0.018741,0.076302,0.062137,0.08398,0.00203,0.22001,0.037778,0.091429,-0.052151,-0.071268,-0.12461,-0.088686,-0.068671,0.048083,0.26705,-0.099144,-0.096141,0.26771,-0.035349,0.12721,-0.184,0.20536,0.18161,-0.26909,0.23218,-0.074041,0.045618
-0.083612,-0.037446,-0.076023,0.1693,-0.017338,-0.033992,0.053988,0.058082,0.21983,-0.14239,-0.044118,0.16201,-0.1274,-0.033495,-0.032483,-0.16578,0.0091647,-0.14738,-0.0093523,-0.14075,0.25978,0.022568,0.20115,-0.0038512,0.12257,-0.051738,0.070299,-0.053186,0.12064,0.0055172,-0.010084,0.16541,-0.0083298,0.07716,-0.038527,-0.14189,0.16798,0.09588,-0.20605,-0.057719,-0.2652,0.098676,0.18702,-9.7065e-05,0.085848,-0.048728,0.04834,0.13798,-0.25432,-0.16779,0.038323,-0.15859,0.092362,-0.11677,0.0198,0.015587,0.06947,-0.16632,-0.0072324,0.37952,-0.17932,0.093813,0.098972,0.063735,0.091887,0.0089122,0.15315,-0.14152,-0.012551,0.07579,0.045026,0.092593,0.0099054,-0.19455,0.050077,-0.16123,0.13556,0.02796,0.019943,-0.12562,0.056498,-0.15293,-0.137,-0.11622,-0.081601,0.15786,-0.10778,0.050174,0.28076,0.29747,-0.092741,-0.14191,-0.082856,-0.091615,0.00067928,-0.010261,-0.075792,-0.10344,0.060392,-0.17137
0.17077,0.08582,-0.032294,-0.034347,0.014417,0.0025289,-0.03349,0.14005,0.23412,-0.090481,0.32875,0.074964,-0.25803,0.12024,-0.01696,-0.12016,-0.022576,-0.109,0.048126,-0.087857,-0.19675,0.11114,0.16277,0.086716,-0.054478,-0.041792,0.043945,-0.1558,0.034947,-0.023523,0.022847,0.0092837,-0.022631,-0.073355,-0.062787,0.13329,0.04424,0.22289,0.0010314,-0.097873,-0.029402,0.14016,-0.2039,0.039501,0.025253,0.079464,0.12607,-0.16754,0.11464,-0.060712,-0.061498,-0.032056,0.15305,0.11979,-0.091584,-0.037586,0.0041363,-0.031894,-0.0030961,0.10147,0.17895,0.25578,-0.026725,0.11015,-0.13632,-0.003105,0.029582,0.10467,-0.26134,0.050505,0.095604,0.02653,0.17112,0.011374,0.05593,0.11399,0.0047093,0.0072597,0.21413,-4.2965e-05,0.12136,-0.076324,-0.129,-0.063709,-0.19105,-0.082948,0.069731,0.093392,0.11823,-0.22456,0.067427,-0.11186,0.11696,-0.14595,0.23328,0.11888,-0.12588,0.085141,0.019448,-0.043888
-0.0089264,0.11306,0.11461,0.01747,-0.019673,0.14661,-0.056533,0.16616,0.21979,-0.064057,-0.13309,0.12491,-0.14711,-0.012763,-0.065931,-0.11401,-0.094051,0.0078732,0.03321,-0.046015,-0.043979,-0.013406,0.12771,-0.18881,0.17914,0.00075,0.032794,-0.09911,0.067964,-0.075613,-0.018674,0.16905,0.029863,0.032722,0.069632,-0.024717,0.27263,0.20196,0.049565,-0.026396,-0.2109,0.04399,-0.031332,-0.12731,0.1719,-0.085998,0.22732,0.10992,-0.14561,-0.037393,-0.044241,-0.2049,0.094973,0.07319,-0.043613,0.026195,-0.144,-0.055353,-0.11777,0.29363,-0.092302,0.11621,0.062273,0.056648,-0.1138,-0.2019,0.15665,0.023366,0.11704,0.017111,0.15973,0.032451,0.068895,-0.30368,0.0039504,-0.19496,0.19208,-0.047069,0.066523,-0.00068019,0.20193,-0.17574,0.088036,-0.16768,-0.1616,-0.047287,-0.081398,-0.041582,0.079266,0.13396,0.035864,0.033424,0.0079952,-0.081165,0.10994,0.028475,0.00020089,-0.14068,-0.086294,-0.013957
0.023773,0.0027997,-0.13675,0.19305,0.12224,0.065461,-0.21686,-0.14562,0.14717,0.022886,0.11589,-0.042467,-0.060304,-0.044208,-0.10881,-0.22935,0.1506,-0.091831,0.085778,-0.075244,-0.023998,-0.086157,0.064604,-0.22041,-0.090072,0.013607,0.080389,0.12757,0.013587,0.0085055,-0.027441,0.23962,-0.14709,-0.035271,-0.007429,-0.015855,-0.04152,0.35606,0.097676,0.016958,-0.15719,0.020003,-0.12762,-0.022943,-0.17403,0.081917,0.15531,0.10629,-0.041573,-0.14273,0.024342,-0.19065,0.052523,-0.030523,-0.11782,0.05832,0.037562,0.089383,-0.2138,0.31633,-0.23051,-0.048701,0.027244,0.065837,0.013593,0.17962,0.15691,-0.13014,0.12781,-0.13956,-0.13153,-0.16872,0.0054633,-0.11736,0.072384,-0.12751,0.12265,-0.10665,0.058617,0.027563,0.064989,-0.081304,0.054872,-0.17976,-0.12895,0.098382,-0.10487,0.15708,0.018486,0.13606,0.13024,-0.054124,-0.0041159,-0.091414,-0.00086547,-0.087642,-0.11033,-0.013662,-0.20653,-0.12354
0.034188,0.056154,-0.16753,0.06351,-0.11002,0.183,0.15411,0.010056,0.036015,-0.26798,0.0034013,0.20704,-0.26619,-0.14452,0.0013266,0.18378,0.060286,-0.11102,-0.12737,0.037143,-0.10439,-0.047635,-0.0084297,-0.20459,0.025977,-0.12795,0.098894,0.033431,0.071182,-0.14195,0.084813,0.22493,-0.0045499,0.18632,-0.12899,0.063326,0.076102,0.011076,-0.028284,0.02612,-0.12449,0.029405,-0.15155,-0.032305,-0.012081,0.24185,0.070079,0.13804,-0.15962,-0.089191,0.1115,-0.008313,0.13321,-0.0049842,-0.093051,-0.26179,-0.073138,-0.084156,0.027728,0.064639,-0.11203,0.22651,0.0053881,-0.10151,-0.070582,-0.14456,0.10329,0.14617,0.095049,-0.12584,-0.12587,0.034056,-0.0028041,0.0024416,-0.058377,0.036552,0.14518,0.11011,-0.087063,-0.082033,0.18021,-0.065652,-0.12555,0.069079,-0.19384,0.02851,-0.11562,0.10739,0.18131,0.12583,-0.17949,-0.069497,0.17739,-0.061603,-0.043945,0.08828,0.10087,0.023927,-0.16229,-0.13123
-0.086535,-0.14953,-0.068397,0.093715,0.13271,0.0029918,0.045717,0.019422,0.064626,-0.1323,-0.10695,0.2284,-0.1172,-0.0076274,-0.03326,-0.040406,0.047706,0.16396,0.059733,-0.015301,0.08189,-0.080092,-0.14447,0.016852,0.099345,-0.07091,-0.0039343,0.29255,0.18842,-0.14192,-0.020958,-0.0052961,-0.071579,0.12098,-0.088619,0.040532,0.045138,-0.056926,-0.19431,-0.058764,-0.19039,-0.056426,-0.059664,-0.13709,0.043784,0.15034,0.057061,0.15696,-0.25727,-0.044681,0.11926,0.0064981,0.067827,0.11548,-0.11491,-0.12169,0.25221,-0.058402,0.046614,0.18119,-0.17982,0.040493,0.060542,-0.09884,0.08324,-0.017134,0.1491,-0.028564,0.062247,-0.10952,-0.042848,-0.031816,0.058252,-0.090834,0.13772,-0.16492,0.23355,0.05203,0.058038,-0.16223,0.28521,-0.13103,-0.070832,-0.0015072,-0.01446,0.065399,-0.2359,0.21527,0.124,0.34821,-0.040708,0.0026795,-0.051823,-0.14791,0.027399,-0.12982,0.061558,-0.0046122,-0.11043,-0.12856
0.092432,-0.046881,-0.089829,0.0093697,0.16587,0.04212,-0.047716,-0.073217,0.087094,-0.16592,-0.051591,0.072543,-0.20041,-0.15643,-0.0003193,-0.061455,0.072348,0.10159,0.033551,-0.177,0.11433,-0.010058,-0.078124,-0.010945,0.11234,-0.023864,0.094194,0.11026,0.19479,-0.12674,0.058838,0.26179,-0.13153,0.20994,-0.090871,-0.10306,-0.0073167,0.081184,-0.033626,-0.0035976,-0.069621,-0.12432,-0.039789,-0.076487,0.057273,-0.051323,0.16832,0.16727,-0.19405,-0.035965,0.007182,-0.074476,0.00059331,-0.15848,-0.0057772,-0.050817,0.04455,0.097098,0.072524,0.20552,-0.10957,0.18696,0.01016,-0.0014058,0.07983,-0.10113,0.20609,0.051389,0.017882,-0.055741,-0.17869,-0.083275,0.071402,-0.25416,-0.045198,-0.25424,0.2341,0.13693,-0.077636,-0.18578,0.30678,-0.13181,0.018688,-0.071443,0.13569,0.11975,-0.26227,0.17394,0.16984,0.33205,-0.022469,-0.0023318,0.040626,-0.061202,0.19091,-0.050452,-0.10384,-0.040336,-0.14034,-0.075091
-0.046677,-0.077904,-0.045597,-0.12109,0.09877,-0.12192,-0.028456,-0.0035085,0.070743,-0.098845,-0.10998,0.2021,-0.24733,-0.10262,-0.081248,0.002694,-0.0092559,0.063002,0.082638,-0.1581,0.063538,-0.19509,0.027448,-0.049181,0.19163,-0.038694,0.015099,0.064101,0.13392,-0.1573,0.099723,0.19147,0.016365,0.19849,-0.043555,-0.032069,0.056132,-0.0594,-0.05616,-0.0094567,-0.11604,-0.027361,0.033711,-0.13769,-0.015371,-0.043716,0.13853,0.24136,-0.11661,0.049567,0.17062,-0.14585,0.1389,0.072458,-0.0097448,-0.072111,0.16872,0.024477,0.10754,0.27473,-0.12457,0.098708,-0.017865,-0.057439,-0.0097804,-0.14161,0.16439,0.008552,0.19619,-0.062853,-0.0050203,0.01285,-0.063939,-0.11883,-0.11493,-0.072606,0.25866,0.18119,-0.087757,-0.055235,0.076754,-0.17196,-0.025378,-0.25666,-0.06447,-0.018432,-0.21623,0.15744,0.12987,0.19395,-0.091063,0.081641,0.04721,-0.092759,0.092037,-0.11587,0.12209,-0.049334,-0.055103,-0.17399
