-0.11444,0.093636,-0.075006,0.15388,0.15576,0.0093649,-0.10401,0.044003,0.16148,-0.047834,0.05769,-0.061658,0.017626,0.043303,0.032472,-0.14344,-0.24671,0.03205,0.042023,0.11894,0.0055587,-0.10052,0.097753,-0.009027,-0.14684,0.0019563,-0.029547,0.063163,0.056337,-0.10257,0.03954,0.023944,0.0065027,-0.035285,-0.03893,0.1954,-0.091518,0.12933,-0.064574,-0.31883,-0.051304,0.12275,-0.15055,0.073475,0.048617,0.12223,-0.14067,-0.058344,0.0088924,-0.08264,0.0078044,-0.3083,0.067943,0.13,-0.13549,0.050482,-0.047283,-0.059078,0.1084,0.20641,-0.063982,0.095229,0.010045,0.043018,-0.13445,0.019155,-0.11265,-0.054362,-0.043105,0.1959,0.0056816,-0.05966,0.046051,0.096038,-0.045163,0.021968,0.065966,-0.2311,-0.030182,-0.16384,-0.033183,-0.18784,0.12304,0.043636,-0.040694,0.2051,-0.16718,0.16884,0.19046,-0.057475,0.12473,-0.15464,-0.013702,0.022121,0.031172,0.092938,0.10974,0.19014,0.0832,-0.02496
-0.10103,0.0986,-0.078906,0.26778,0.0018659,0.21076,0.081608,-0.072641,0.077271,-0.031053,-0.056207,0.094968,0.036217,-0.062848,0.012515,-0.13741,-0.23196,0.10235,0.12645,-0.067747,-0.050518,-0.058666,-0.12603,0.054831,0.14053,0.06235,0.030028,0.067688,0.27465,-0.17043,0.032526,0.064063,-0.10147,-0.15944,-0.098588,0.1311,0.041841,-0.03179,-0.014057,-0.11611,-0.020557,0.15776,-0.055726,-0.2062,-0.0034008,0.023479,0.068925,-0.15054,-0.26315,-0.21726,-0.0039418,-0.18505,0.22014,0.22204,-0.09675,-0.10698,0.0040561,0.045321,-0.15251,0.062636,0.066568,-0.025862,-0.030709,0.0056615,-0.063705,-0.16391,0.13128,0.080291,0.20028,0.0067997,0.21141,-0.043629,0.24925,-0.046915,0.19844,-0.12276,0.23433,-0.064511,0.044307,0.068624,0.14843,-0.27788,0.0044089,0.071628,0.010195,0.020749,-0.060636,0.17905,0.069786,0.14013,-0.019829,-0.059556,-0.08284,0.086666,0.15785,0.1014,0.075587,0.012558,-0.12365,-0.14968
-0.082842,-0.01737,-0.084722,0.092973,-0.014353,-0.057303,0.092246,0.09918,0.0083604,-0.089745,-0.082561,0.16576,-0.13883,-0.10469,-0.085132,-0.1242,-0.11733,0.049776,-0.0062548,0.073796,0.11847,-0.010955,0.0031386,0.1067,0.12909,-0.058019,0.051367,0.1691,0.13466,-0.18314,0.029449,0.21986,-0.09809,0.09596,-0.1809,0.091121,0.096456,0.022779,-0.15031,-0.16497,-0.019962,0.074976,0.10575,-0.0074608,0.017792,-0.059514,0.18433,0.069019,-0.29029,-0.11427,-0.045043,-0.17322,0.010955,0.081977,0.017115,-0.021419,0.098452,0.021479,-0.092602,0.11199,-0.11478,0.070409,0.0063844,0.04203,0.10904,-0.0090318,0.093864,0.0020225,0.14247,-0.042798,-0.02325,0.012857,0.11427,-0.20194,0.099091,-0.15739,0.17911,0.074862,-0.013259,-0.11142,0.24285,-0.2309,-0.064048,0.033764,0.00015604,0.082345,-0.029907,0.16193,0.18925,0.18782,-0.18732,-0.07116,-0.14225,-0.21081,0.063037,0.12446,-0.017102,-0.0577,-0.044612,-0.16832
0.0022518,0.077062,0.10023,0.20018,0.16228,0.10526,-0.10519,0.089825,0.25012,-0.1521,-0.094233,-0.069829,-0.11006,0.16201,0.12938,-0.025021,-0.279,0.081063,0.030169,0.038762,0.040269,-0.12805,0.06983,-0.085917,-0.043382,0.096147,-0.088678,-0.12608,-0.071985,-0.055883,-0.056229,-0.12868,0.066129,0.023903,0.067751,0.086891,-0.053112,0.1377,-0.15767,-0.29278,-0.066203,-0.0015407,-0.16522,0.14978,0.10013,0.23674,0.063618,-0.054634,0.067018,0.075418,0.10759,-0.20896,0.065166,0.1258,-0.003401,0.022355,-0.03207,0.17797,0.078864,0.15918,-0.14154,0.1449,0.12624,0.036717,-0.16674,0.048319,-0.071925,-0.23073,-0.10481,0.027992,0.014955,-0.035889,0.06813,0.07012,-0.12853,-0.038132,0.058276,-0.29206,-0.026733,-0.12332,-0.027329,-0.15213,0.1337,0.0064451,-0.048537,0.2688,0.0097919,0.11658,0.17112,0.094378,0.11025,0.0042366,0.040126,-0.093855,0.011241,0.11008,0.088383,0.23192,0.013293,0.043594
-0.0052856,0.034554,0.061166,0.26357,-0.0036245,0.21696,-0.0062897,0.013353,0.13525,-0.16832,-0.16461,0.063405,-0.066347,-0.025635,-0.031576,-0.12454,-0.14469,0.21435,0.059269,0.043419,-0.038556,-0.11841,-0.057092,-0.045354,0.178,0.058917,-0.14552,-0.12718,0.010654,-0.016826,-0.034023,0.0077073,0.030888,-0.0055088,-0.020967,0.11984,0.14681,0.093667,-0.19376,-0.17649,-0.050083,0.13167,-0.04659,-0.11667,0.15401,0.095046,0.077663,-0.15122,-0.25439,0.0155,-0.01228,-0.28951,0.006135,0.18088,-0.16193,-0.11534,0.065699,0.021009,0.012389,0.017784,-0.25705,-0.030656,0.079925,0.084056,-0.14206,-0.1389,0.04897,-0.19783,0.054905,-0.027776,0.12854,-0.020486,-0.0338,-0.092056,0.024468,-0.068464,0.28128,-0.13247,0.21699,0.023453,0.010172,-0.22066,0.1256,-0.015339,-0.043211,0.12577,0.017683,0.10325,0.014624,0.16692,-0.0080432,-0.029751,0.024137,-0.18459,0.0096374,0.076698,0.096658,-0.080663,-0.21229,-0.12339
0.033268,0.020217,0.1661,-0.059548,0.15719,-0.21613,-0.0021925,0.038073,0.2856,0.14651,-0.098558,-0.077489,-0.10422,0.026397,-0.073407,-0.017284,0.04879,0.23225,-0.20207,-0.076032,-0.13958,-0.10121,0.11362,0.34092,0.14204,0.149,0.16905,0.018103,0.024853,-0.31274,0.12026,-0.23855,-0.029549,-0.038987,0.030508,-0.033684,0.060817,0.16084,0.042775,0.11195,0.11138,0.1063,-0.064803,-0.023833,0.027092,0.12274,0.15881,-0.062828,0.016471,-0.034512,0.047115,-0.13338,-0.030142,0.20922,0.040908,0.18,0.0364,-0.16692,0.14667,0.18601,-0.10358,0.02106,-0.0057188,-0.17612,0.0023532,0.24679,0.073564,0.072693,-0.1768,-0.070048,-0.19017,-0.16859,-0.010945,-0.071573,-0.10204,0.16341,-0.25654,0.11992,0.0041524,-0.30248,0.004803,0.12663,0.0090826,0.22491,-0.19472,0.054009,-0.06295,0.22013,0.14538,0.11164,-0.0099208,-0.23835,-0.073737,-0.032142,0.14234,-0.041088,0.017641,-0.030742,0.17478,0.085137
0.32589,0.2433,-0.26335,0.016328,0.387,0.35177,-0.044384,0.28056,0.46185,0.0054597,-0.14033,0.064598,-0.094738,0.2303,-0.049451,0.11814,-0.21939,0.087194,-0.34863,-0.046763,0.097783,0.040073,-0.071366,-0.054552,-0.059572,0.28927,0.088644,-0.13939,-0.094947,-0.25966,0.15923,-0.10255,-0.25339,0.32591,-0.16327,0.25883,-0.22331,0.23378,-0.18812,0.19144,-0.12438,-0.12404,-0.18625,-0.21649,0.16727,0.30269,-0.15648,0.015858,-0.0054653,-0.21486,-0.049069,0.059697,-0.18703,-0.11025,-0.13244,-0.040823,-0.1854,-0.01214,-0.0073237,0.038658,-0.084955,0.26014,-0.053206,0.11823,-0.068933,0.10037,0.16988,-0.14333,-0.19107,0.10017,-0.1633,0.099971,0.29968,0.018442,0.14954,-0.31018,-0.10369,0.056388,-0.13684,-0.2174,0.26751,0.36133,0.24886,-0.097137,-0.28906,0.28391,-0.1149,0.22587,0.12812,-0.067412,0.27368,-0.3436,0.037458,0.21147,-0.14357,-0.010476,0.12784,0.27525,-0.19509,-0.013478
0.038965,-0.031131,-0.034876,-0.17424,0.093452,0.27567,-0.061755,0.1672,0.14192,0.027139,-0.0026879,0.066809,-0.082225,0.032335,0.025359,-0.054737,-0.00049675,0.12084,-0.15206,0.12617,-0.27534,-0.22339,-0.092975,-0.051775,0.10559,0.080657,-0.0069544,-0.32666,-0.15791,-0.07622,0.059138,-0.10225,-0.13256,0.048306,0.07992,-0.056838,-0.0063463,0.16692,-0.06437,-0.037522,-0.16135,-0.020843,-0.050026,0.091108,-0.01417,0.070186,-0.06991,0.092613,0.021354,-0.21129,-0.047095,0.039532,0.10547,0.052787,-0.096545,-0.15235,0.10525,0.049201,-0.12325,-0.04916,-0.10192,-0.17507,0.048575,0.0411,-0.089994,-0.18543,0.0029408,-0.054731,0.07337,-0.012631,-0.050038,0.17263,0.073174,0.0042221,-0.068526,-0.0077131,-0.18388,-0.067135,-0.067875,0.033476,-0.14598,0.072356,-0.16183,-0.12865,-0.00093195,0.025745,-0.13827,0.18015,0.063948,0.11728,-0.020668,-0.012907,-0.084395,-0.20373,0.057087,-0.23305,-0.048736,0.060806,0.054928,0.17582
-0.072308,-0.025283,-0.13291,0.084202,0.15563,0.070476,-0.29719,0.076396,0.28728,0.065191,-0.16526,0.016772,-0.14529,0.15314,-0.041465,-0.068214,-0.2778,0.20515,-0.15352,-0.12447,-0.007238,-0.28475,0.043307,0.056704,0.098006,0.075371,-0.084657,-0.014889,-0.14298,-0.11946,-0.043088,-0.061576,-0.031575,0.11489,0.04374,0.13542,-0.049798,0.1004,-0.18757,-0.16062,0.10114,-0.013558,-0.31527,-0.057611,0.037565,0.24192,-0.053388,0.0085212,0.13927,-0.0014809,0.10443,-0.19639,0.014432,0.080124,-0.1532,0.080239,0.096208,0.2029,0.0292,0.06868,-0.3495,0.28288,0.0020089,0.10095,-0.033601,0.074211,-0.09334,-0.097706,-0.14565,0.073699,0.07685,-0.011949,0.094371,-0.012023,-0.0048974,-0.044638,-0.21265,-0.20674,0.035068,-0.10293,-0.053343,-0.066606,-0.010158,-0.063308,-0.027526,0.29651,-0.16315,0.16505,0.13108,-0.06054,-0.057543,-0.16747,-0.069818,-0.053133,0.11322,0.1623,0.23932,0.15631,0.07108,-0.14206
-0.027132,0.10332,-0.11385,0.1664,0.045663,0.14916,0.11454,-0.032867,0.011987,-0.039126,-0.03486,0.057866,-0.048606,-0.069627,-0.026214,-0.036421,-0.18174,0.089714,-0.028818,-0.11166,-0.088533,-0.017679,0.033041,-0.11228,0.14035,-0.054445,0.017508,0.029675,0.22366,-0.27063,-0.01213,0.18928,-0.060265,-0.16195,-0.0067631,0.049818,0.092558,0.036718,-0.035617,-0.15899,0.030798,0.16661,-0.049416,-0.11133,-0.10065,-0.020457,0.1554,-0.09256,-0.19165,-0.18478,0.14176,-0.20852,0.19384,0.11158,-0.066831,-0.10749,0.0049106,0.074905,-0.082088,0.13562,0.06331,0.033979,-0.10422,0.016161,0.011095,-0.20917,0.17097,0.008417,0.16079,0.033169,0.14328,0.0062456,0.061435,-0.10595,0.032439,-0.044206,0.21046,0.095031,-0.079475,-0.0059205,0.07952,-0.26905,0.01564,-0.08465,0.014004,0.16404,0.022768,0.21389,0.14544,0.092849,-0.061314,-0.10789,0.026969,0.047038,0.21331,0.13816,-0.082737,-0.086193,-0.089899,-0.22761
0.080692,-0.029875,0.0015994,0.1361,-0.074816,-0.010591,-0.32929,0.063747,0.20861,0.045496,-0.0063402,0.098046,0.072813,0.081065,0.036073,0.035893,-0.099529,-0.083883,-0.10502,0.098855,-0.11646,-0.14892,-0.071148,0.076571,0.14206,-0.057814,-0.0036981,0.0062616,-0.12855,0.069404,-0.029041,-0.06135,-0.10864,0.086036,0.037243,-0.071348,0.23118,0.084551,-0.10719,-0.11307,0.055062,0.16953,-0.1669,-0.042932,0.1365,0.042014,-0.005973,0.12778,0.20515,-0.12151,0.06409,-0.19633,-0.020131,0.16236,-0.0509,0.0073438,0.097688,-0.19853,-0.012886,0.073998,-0.32409,0.032005,0.0086444,0.046384,0.13036,0.26472,-0.01957,0.20919,-0.22019,0.04826,0.00048435,-0.088053,0.078451,-0.057449,-0.1696,0.031875,-0.0080042,-0.0087589,0.017978,-0.017306,-0.096056,-0.081232,0.061669,0.032267,0.13716,0.097095,-0.067329,0.034529,0.23455,-0.076119,0.12529,-0.083881,-0.04841,-0.22108,0.020785,0.035168,0.10848,-0.11175,-0.021714,-0.050008
0.032667,0.088431,-0.074012,0.15699,0.023544,-0.011371,0.037278,-0.042433,0.21718,0.12834,-0.075285,0.10785,-0.12199,-0.13778,-0.17833,0.058884,0.0084189,-0.12772,-0.033857,-0.10074,0.062153,-0.10222,-0.0070562,-0.058505,0.25938,0.15808,0.21043,-0.077151,0.014405,-0.030426,-0.056837,0.27897,-0.013735,-0.056741,0.17583,0.048983,0.17822,0.23182,-0.046688,0.10154,-0.040309,0.22494,-0.063171,-0.078483,-0.074479,0.072586,0.18474,-0.020095,-0.19228,-0.18579,-0.010197,-0.23177,-0.014588,-0.063214,-0.1128,0.022342,0.18601,0.064602,0.013752,0.038797,0.020266,-0.066065,-0.04799,0.031485,-0.037933,-0.18886,-0.1254,-0.088665,0.19384,0.1635,0.033307,-0.034917,-0.005523,-0.13809,0.030786,0.019232,0.13676,-0.065659,-0.021785,-0.020392,-0.019217,-0.32243,0.071632,-0.35882,-0.017301,0.058575,-0.109,0.28694,0.2352,0.12708,-0.055494,-0.10261,-0.018331,-0.28747,-0.0097301,0.35001,-0.017424,-0.044406,-0.07836,-0.0023389
-0.025528,0.11363,-0.10452,0.20072,-0.0047133,0.14087,0.087501,-0.13711,-0.01221,-0.077114,0.0037736,0.11923,-0.076345,-0.021103,-0.015359,-0.021122,-0.10189,0.12253,-0.047677,-0.052205,-0.028274,-0.099831,-0.098563,-0.038877,0.08885,-0.066303,-0.0092164,0.047711,0.15255,-0.25943,0.0086202,0.031719,-0.12174,-0.2111,-0.039376,0.084138,0.04183,0.089019,-0.072173,-0.18987,-0.063899,0.074167,-0.081828,-0.15551,-0.0099312,-0.0074025,0.11296,-0.14041,-0.17683,-0.23451,0.10215,-0.29315,0.13428,0.046659,-0.11142,-0.16971,-0.044507,-0.055208,-0.042284,0.033053,0.0094026,-0.024259,-0.022687,0.0063796,0.043351,-0.19003,0.1351,-0.0071042,0.18809,0.041917,0.14443,-0.017278,0.074258,-0.017512,0.08119,-0.031232,0.22472,0.035564,-0.022682,0.043606,0.099854,-0.25781,-0.010165,0.075995,-0.030518,0.13581,-0.032229,0.19156,0.2201,0.20069,-0.013862,-0.12606,0.033914,0.063582,0.24437,0.13748,-0.09183,-0.077015,-0.13188,-0.17602
-0.05664,-0.032991,0.063515,-0.039868,0.0096949,0.016649,-0.018165,-0.06272,0.14548,-0.073056,-0.11772,0.18308,-0.15954,-0.056499,-0.10053,-0.03675,-0.099886,-0.12165,0.048512,-0.12977,0.095364,-0.040046,0.036604,-0.13162,0.10779,-0.08666,0.012599,-0.06386,0.048082,-0.21449,0.075613,0.23143,-0.051472,0.067521,-0.15683,-0.21714,0.086135,0.067675,-0.097797,0.10041,-0.12568,0.053759,0.098012,-0.016302,0.030762,0.011205,0.089977,0.030603,-0.14108,-0.11659,0.020184,-0.218,0.05426,-0.14064,-0.075166,-0.086311,0.073178,0.001983,0.14895,0.18445,-0.097592,-0.046225,-0.085842,0.091007,0.16849,-0.054352,0.1665,-0.047875,0.23285,-0.080445,-0.023623,0.11116,0.10647,-0.16501,-0.070572,-0.12541,0.16341,0.083025,0.011583,-0.046739,-0.0019833,-0.13804,-0.064792,-0.12036,-0.025272,0.23919,-0.056401,-0.043256,0.21996,0.23006,-0.10361,-0.10813,-0.066318,-0.10918,0.075497,0.1261,0.026505,-0.20578,-0.036501,-0.14112
-0.12739,0.21421,-0.021976,0.11561,0.079239,0.028456,-0.0036517,0.20657,0.14496,0.058729,0.045201,0.032984,-0.21516,0.12302,0.071531,0.06255,0.0046039,0.034132,-0.17385,-0.0048283,-0.073417,-0.080439,0.080647,0.015561,-0.2752,0.23467,0.028697,-0.0010652,0.0099197,-0.15993,0.092324,-0.14383,-0.10132,-0.026911,-0.065757,0.10539,-0.025939,0.12117,-0.082312,0.16295,-0.18907,0.097542,-0.069742,-0.068931,-0.018463,0.18074,-0.095732,0.066681,0.15629,0.00045146,0.089198,-0.1147,-0.04793,0.025872,0.032285,-0.079159,-0.0094741,-0.098807,0.083302,0.0017115,-0.016081,-0.00042241,0.015867,0.036565,-0.21515,0.17026,-0.14089,-0.10541,-0.0091065,0.050743,-0.15356,-0.1251,-0.051907,-0.047491,-0.32498,-0.019446,-0.061292,-0.12682,-0.1133,-0.02942,0.023245,-0.025684,-0.11469,-0.07215,-0.13214,0.057994,-0.14371,0.22135,0.082405,0.010435,0.15824,-0.14946,-0.0058627,-0.10127,0.037054,0.12396,0.28914,0.21793,0.10406,0.14477
-0.057125,-0.054693,0.1439,0.22801,-0.10236,0.1523,0.10712,0.15309,0.15443,-0.128,-0.13505,0.16538,-0.010439,0.034701,-0.049115,-0.11408,-0.15216,0.13641,0.075538,0.072511,0.019425,-0.043871,0.0058962,-0.062819,0.19657,-0.0068379,-0.063605,-0.044434,-0.00081486,-0.0085629,-0.023626,0.028914,0.038537,0.079594,0.099883,0.11255,0.24822,0.11561,-0.22693,-0.16815,-0.098802,0.10315,-0.016071,-0.054408,0.16746,0.070257,0.12326,-0.099329,-0.20272,-0.018136,-0.0049378,-0.17063,0.11678,0.23469,-0.18215,-0.074167,0.02027,0.023703,-0.01697,0.15671,-0.17902,0.013732,-0.0071471,0.021968,-0.11914,-0.16232,0.065567,-0.11804,0.079207,-0.022469,0.17954,0.10501,-0.0081706,-0.068227,0.075476,-0.13872,0.23393,-0.10827,0.19163,0.0063088,-0.029575,-0.27659,0.085857,-0.083722,-0.053792,0.1025,0.012993,0.041125,0.059202,0.17974,-0.10206,0.045524,0.0040997,-0.2583,-0.1151,0.16358,0.13367,-0.094074,-0.11061,-0.16597
0.011184,0.012048,0.11421,0.1838,-0.010453,0.22848,0.088897,0.086697,0.15606,-0.15251,-0.15707,0.099434,-0.10536,-0.041318,-0.0038294,-0.062765,-0.14403,0.17719,0.1394,0.07604,-0.039949,-0.050669,0.032392,-0.13603,0.21517,0.062456,-0.074757,-0.15486,-0.0035303,-0.042652,-0.016731,0.0097798,0.056474,0.036222,-0.019656,0.077891,0.14807,0.02876,-0.16482,-0.17181,-0.096926,0.15478,-0.070467,-0.16336,0.068451,0.11393,0.13153,-0.13554,-0.24315,0.024389,0.010451,-0.17914,0.080639,0.20857,-0.10449,-0.12249,0.014464,0.092858,0.050936,0.038072,-0.11306,0.026422,0.032866,0.059328,-0.14463,-0.20851,0.0035664,-0.12527,0.10271,-0.028578,0.12985,-0.0087269,0.071712,-0.087564,0.096491,-0.026899,0.16455,-0.0096537,0.15553,-0.08584,0.025967,-0.24494,0.066587,-0.08662,-0.0024862,0.099072,0.06121,0.094487,0.10311,0.14637,-0.060128,-0.028847,-0.018566,-0.19237,-0.065885,0.089154,0.14073,-0.11372,-0.15886,-0.13798
-0.10016,0.084091,-0.127,0.17746,0.079538,0.075361,0.011805,0.056845,0.18269,-0.031164,-0.15433,0.26262,-0.11743,-0.14435,0.030714,-0.021715,-0.088256,0.12723,-0.15432,-0.016719,-0.019329,-0.12719,-0.13701,-0.032675,0.22975,-0.043483,0.086815,-0.11658,-0.027366,-0.10376,-0.11459,0.19797,-0.13094,0.097682,-0.044986,0.0069876,0.15666,0.14878,-0.099683,-0.070148,-0.14735,0.12212,-0.08194,-0.15858,0.062652,0.22397,0.08714,0.086621,-0.088593,-0.16725,0.038994,-0.21729,0.26151,-0.0032029,-0.12679,-0.17473,-0.078304,0.03787,-0.1295,-0.045176,0.0091381,0.1653,-0.30099,0.20319,-0.051958,-0.26367,0.13241,0.013972,0.014682,6.0529e-05,-0.081327,-0.075715,-0.13604,-0.23696,-0.053186,-0.16779,0.096053,-0.021525,0.19659,-0.14217,0.1672,-0.20093,0.0018633,0.1663,-0.074141,0.22263,-0.12878,-0.017052,0.23213,0.047193,-0.022493,-0.028755,0.017698,-0.0072946,0.058625,0.22093,0.072243,-0.11123,-0.14096,-0.22375
-0.048268,0.087729,-0.079041,0.073682,-0.069775,0.13428,0.021488,0.19473,0.12646,-0.013747,-0.046409,0.034345,-0.14608,-0.071076,-0.0074223,-0.115,-0.054354,-0.10554,0.014145,0.051411,-0.09678,-0.0018923,0.070745,-0.0831,-0.016903,-0.10307,-0.029654,-0.085029,-0.069593,-0.11581,-0.015826,0.31301,-0.046187,0.17163,-0.10055,-0.041674,0.29122,0.17367,-0.12919,-0.19095,-0.15317,0.039472,-0.086064,0.036851,0.10108,0.061332,0.24157,0.19156,-0.24475,0.0087197,0.057617,-0.25464,0.067215,0.029642,-0.16245,-0.21922,-0.12425,-0.028944,-0.090168,0.21437,-0.19136,0.11987,-0.0035714,0.27555,-0.037101,-0.057287,0.10755,-0.01448,0.059861,-0.04085,-0.068543,0.0036391,0.10453,-0.1725,0.012452,-0.16827,0.12146,0.0086909,0.10646,-0.2237,0.075843,-0.15885,-0.092615,-0.10294,-0.015284,0.12566,0.0022572,0.12361,0.1124,0.092945,-0.10117,0.055511,-0.023883,-0.29609,0.21059,0.26946,-0.010761,-0.21458,-0.144,-0.12398
-0.17358,0.089318,-0.18403,-0.022497,0.04663,0.1818,0.044836,0.061908,-0.099328,0.13993,0.040123,0.042704,-0.10103,-0.013246,0.051394,-0.21395,-0.095274,-0.087656,-0.24349,0.0030923,-0.0032357,-0.15851,-0.19239,-0.020459,0.10264,0.039478,0.041405,-0.23592,0.10841,-0.15053,-0.016459,-0.067393,0.062806,0.021989,0.009776,-0.056372,0.031817,0.0412,-0.13247,0.056903,-0.06573,-0.0057583,-0.045597,-0.16601,-0.049073,-0.016519,-0.088002,0.054433,0.10908,-0.20426,0.015081,0.047654,0.15829,0.1133,-0.1016,-0.029325,0.082493,-0.20857,-0.012393,-0.080546,-0.046754,-0.1807,0.050405,0.018334,0.010265,-0.095061,0.099983,-0.022562,0.055925,-0.03484,0.028922,0.16374,-0.011549,-0.12614,-0.15928,0.24066,-0.21777,-0.10815,-0.23054,0.0099652,-0.11494,-0.13943,-0.055889,-0.013285,0.017704,-0.10609,-0.19844,0.19363,-0.034949,-0.043859,-0.07568,-0.071843,0.16244,-0.097503,0.062863,-0.034937,0.10553,-0.092747,0.05344,0.10219
-0.084025,-0.014352,-0.085768,-0.022915,-0.016315,0.057559,-0.11292,0.14768,-0.02496,0.17129,-0.04452,0.10587,-0.25029,-0.035617,0.011833,0.0048741,0.22863,-0.055932,-0.023055,-0.18778,-0.12294,-0.27656,-0.09919,-0.038534,0.13214,0.13986,0.19971,0.13592,-0.053467,-0.23216,0.11828,-0.015485,0.11861,-0.090877,-0.15229,-0.071768,-0.17277,-0.065048,-0.055906,-0.071108,-0.1139,0.12436,0.04481,-0.051787,0.041886,-0.072707,-0.2084,-0.15983,-0.023481,-0.18199,0.094684,-0.020854,0.13376,0.034803,0.091946,-0.14981,0.33727,-0.21155,0.14036,0.031501,-0.093615,-0.15809,0.047797,-0.094096,0.014519,0.16009,0.15506,-0.097521,0.07983,0.10237,-0.071393,0.13001,-0.045159,-0.091437,-0.25289,0.084149,-0.10546,0.14221,-0.11884,0.0429,0.032753,0.053322,-0.073143,-0.081985,-0.16342,-0.037976,-0.22238,0.1629,0.13843,-0.068495,-0.052066,0.0023242,0.05859,-0.28822,-0.09711,-0.078513,0.11233,-0.028238,0.17283,0.13416
0.19823,0.047205,0.026514,-0.027118,0.044347,0.24256,-0.18034,-0.028444,0.16641,0.073517,0.13636,0.025083,-0.062873,0.06425,0.01862,-0.0099649,0.09952,-0.067837,-0.13723,0.035669,-0.074118,-0.057006,0.11638,-0.24663,0.098671,0.084652,-0.014902,-0.093073,-0.092385,-0.17865,0.065735,0.12883,-0.24158,0.023741,0.043332,-0.17529,0.1313,-0.14173,-0.12469,-0.33431,0.099889,0.20286,-0.063864,0.013389,0.16567,0.15269,0.018019,-0.060568,0.011185,-0.091806,-0.051605,-0.019774,0.17945,0.046508,0.020118,-0.06522,0.089722,-0.18557,-0.090144,-0.095587,-0.09205,-0.12954,-0.10624,0.0072321,0.033592,0.036476,-0.12879,0.10973,-0.087359,0.18443,-0.055677,0.15741,-0.09176,-0.27018,0.081968,0.26623,-0.25979,-0.094684,-0.038692,-0.011738,-0.22079,-0.13295,-0.20036,-0.028896,0.0098425,0.030624,-0.054415,0.11695,0.020825,0.16719,-0.074877,0.096124,-0.0385,-0.10624,-0.10415,-0.09426,0.074004,-0.19059,0.029393,0.10588
-0.21402,-0.036517,0.048637,-0.18787,-0.1415,-0.12009,-0.07777,0.0083661,0.18455,0.25462,-0.14097,0.10693,-0.19672,0.17664,0.072181,-0.18941,-0.20342,-0.15566,0.14869,0.0136,-0.20744,0.15201,0.33976,-0.1435,-0.069517,-0.077295,-0.18011,0.20732,0.03445,-0.078221,-0.11363,-0.062461,0.22679,0.027326,0.081847,0.054216,-0.25862,0.085983,-0.010857,0.021581,-0.037122,0.17209,-0.26553,-0.030325,-0.087959,0.061031,0.12686,-0.033712,-0.19114,-0.011265,0.046659,-0.10519,0.015447,0.010043,0.0023897,0.0013701,-0.00071161,0.34071,-0.064383,-0.050677,0.021033,-0.11934,-0.1887,0.2719,-0.10261,-0.022101,-0.0065835,-0.06273,-0.26687,-0.083946,-0.048283,-0.035886,-0.017489,0.028507,-0.12031,-0.10082,-0.080593,-0.14675,0.20203,0.057878,-0.0096215,0.16615,0.079886,-0.028531,0.25022,0.076277,0.028032,0.11291,0.17801,-0.23816,0.12005,-0.15107,-0.021675,-0.16364,-0.19935,0.14154,0.080562,0.20473,0.18824,-0.31717
0.021161,0.059413,-0.12689,0.096532,0.036224,0.012086,-0.046754,0.071023,0.10003,-0.14337,-0.027609,0.029923,-0.17135,-0.18307,-0.14563,-0.16368,-0.13502,-0.073679,0.045784,-0.07174,0.066089,-0.056973,0.052708,0.068583,0.077256,-0.0050751,0.065717,0.095336,0.091774,-0.19514,0.053808,0.27224,-0.13317,0.13918,-0.088788,-0.075359,0.14288,0.061641,-0.15336,-0.10617,-0.075532,0.016823,0.10498,0.063379,0.07309,-0.14809,0.10856,0.19007,-0.21423,-0.039588,-0.0020968,-0.22863,-0.024613,-0.044201,0.025055,-0.066787,0.037707,-0.020591,-0.049221,0.27871,-0.085678,0.050533,0.026223,0.073603,0.10242,0.0037139,0.16962,0.01027,0.10898,-0.082685,-0.034605,0.039575,0.058881,-0.18749,0.048514,-0.15723,0.19412,0.073597,-0.045645,-0.18021,0.217,-0.19301,-0.092558,-0.044011,-0.016185,0.093074,-0.13076,0.19785,0.17867,0.22556,-0.097628,-0.031604,-0.052958,-0.14437,0.15913,0.044513,-0.033209,-0.088603,-0.13877,-0.11889
-0.091615,-0.00021103,0.13253,0.032899,-0.19179,0.3784,-0.06287,0.29737,0.10295,0.16052,0.083762,0.24176,-0.057868,0.21602,0.08975,0.085959,-0.022305,-0.17989,-0.19652,0.038965,-0.13821,-0.073341,-0.19452,-0.048868,0.016247,-0.00039481,-0.25605,-0.3061,-0.078388,-0.1801,-0.060311,0.00065581,0.37581,0.039955,0.087331,-0.001213,0.0061958,0.0034642,-0.12898,-0.15679,-0.22148,0.1355,-0.038054,-0.062772,-0.12824,0.1281,0.06958,-0.012037,0.086928,-0.13508,0.025245,-0.19099,0.22601,-0.070386,-0.18986,-0.28657,0.16177,-0.023787,-0.0037602,0.011664,-0.052752,-0.12162,0.067288,0.12363,-0.11812,0.036331,0.024583,-0.095974,0.043322,0.087821,0.066311,0.2403,-0.018765,-0.014258,-0.30045,0.14835,-0.15193,-0.036273,0.11841,-0.0094802,-0.1761,-0.029744,-0.12071,0.17516,0.033828,0.089966,-0.13921,0.078272,0.21443,-0.069753,-0.16317,-0.17248,0.099319,-0.12282,-0.14565,0.048123,0.13843,0.016714,0.041154,0.00747
-0.042882,0.006107,-0.070954,0.10558,-0.083162,0.32427,0.14065,0.22058,-0.023572,0.14002,0.058972,0.14437,-0.0027589,0.28205,0.065744,0.017545,-0.037443,-0.12223,-0.18706,0.066781,-0.016748,-0.14837,-0.13233,0.0031145,-0.0084748,0.077995,-0.17724,-0.25162,0.070195,-0.13161,0.11162,0.034224,0.098322,0.055255,-0.068344,-0.015494,0.088337,-0.12971,-0.10262,-0.097869,-0.1917,0.034641,0.084787,0.015691,-0.032611,0.12731,0.036273,-0.069044,0.28432,-0.21425,0.032768,-0.12136,0.086693,0.012195,0.012867,-0.080661,0.018341,-0.057404,-0.019786,0.010063,-0.22205,-0.093374,0.15413,-0.059104,-0.075098,-0.049954,0.026874,-0.1013,-0.021768,-0.071786,0.12894,0.24999,-0.0049868,-0.0082345,-0.10863,0.14706,-0.22064,-0.053315,0.021579,0.0091375,0.05119,0.024456,-0.13052,0.23347,-0.043771,-0.023515,-0.17244,0.14643,-0.052751,0.064117,-0.19312,-0.072415,-0.026633,-0.1235,0.088312,0.061538,-0.11558,0.12376,-0.041143,-0.086391
0.0012237,0.17039,-0.040523,0.14667,-0.062788,0.051386,-0.090994,0.13483,0.034479,0.093304,-0.030771,0.1223,-0.23317,0.16472,-0.13586,0.027053,-0.16339,-0.00012479,0.018327,-0.069526,-0.052134,-0.082067,0.17381,-0.21637,-0.18028,0.04025,-0.08981,0.10209,0.021954,-0.010042,0.063383,-0.054848,-0.20368,-0.018022,0.021749,0.045946,-0.20635,0.049654,0.16337,-0.17951,-0.017188,-0.13104,-0.19495,-0.16423,-0.13685,0.07199,0.02036,-0.18521,0.074463,0.13576,-0.071967,-0.0045188,-0.05838,-0.093119,-0.071942,-0.065725,0.013639,0.25468,0.011487,0.057262,0.10296,0.32803,0.20279,0.065667,-0.048644,0.03793,-0.062058,-0.1032,-0.095677,-0.10111,-0.10489,-0.14312,0.090477,0.018968,0.038365,-0.25085,-0.10191,-0.21038,-0.10425,-0.095389,0.20462,-0.040739,0.044959,-0.075901,-0.13327,0.036691,-0.056819,0.18649,0.14917,-0.086362,0.025951,-0.19374,0.014841,-0.18195,0.026316,0.11339,-0.068868,0.25674,0.13734,0.095617
0.17362,0.16892,-0.0030408,0.28444,-0.044888,0.18157,-0.10377,0.11806,0.071939,-0.08701,-0.036289,0.18743,0.026974,0.15049,-0.058585,0.028434,0.05911,-0.10385,-0.13624,0.11089,0.033366,-0.11801,0.040976,-0.079553,0.12658,0.1789,-0.095439,0.025467,-0.04483,-0.032434,0.042603,-0.040278,-0.15447,0.13751,0.017828,0.033559,0.062466,-0.095999,-0.041817,-0.16545,-0.18269,0.10931,-0.096604,-0.18325,0.035194,0.081697,0.0076115,0.18835,0.19,-0.025526,0.0092188,-0.11067,0.1116,0.05656,-0.14982,-0.031934,0.13972,-0.039442,-0.02832,-0.049945,-0.033315,-0.14055,0.21841,0.0055258,-0.096121,0.11116,-0.11077,-0.047044,0.081946,0.0054608,0.011747,0.02996,-0.037526,-0.012444,-0.17945,0.060059,-0.10687,0.010802,-0.036327,0.1071,0.08899,0.013422,-0.081614,0.15706,0.056282,-0.19683,-0.044537,0.16264,-0.007177,0.16803,-0.072892,-0.11423,-0.088074,-0.19116,0.0089872,-0.22151,-0.12574,0.014347,-0.0017604,0.24167
-0.033091,0.0012258,-0.051291,0.2934,-0.066575,0.094728,0.019161,0.03217,0.021645,-0.036065,0.018247,0.15296,-0.0071653,-0.13232,-0.18309,-0.13734,-0.029233,0.048739,0.10269,0.12198,-0.098595,-0.10103,-0.10432,0.041952,0.12344,-0.059538,0.02149,-0.014538,0.095053,-0.075226,-0.012173,0.28171,0.012664,-0.022204,-0.0031357,0.20565,0.15307,0.11135,-0.15617,-0.2198,-0.18653,0.21007,-0.08736,-0.063793,-0.026175,0.088321,0.11336,-0.10346,-0.32424,-0.088929,0.12376,-0.38425,0.11728,0.20796,-0.25182,-0.0044044,0.018179,-0.00054712,0.0093632,0.15627,-0.066467,0.0097509,-0.060909,0.024785,-0.016953,-0.15344,-0.0053075,-0.028707,0.17951,0.12556,0.074026,0.028168,-0.013176,-0.17407,0.0002183,-0.001089,0.23609,0.012269,0.031677,-0.081244,0.074427,-0.2911,0.059239,-0.087747,0.0080284,0.14593,-0.064407,0.15972,0.21574,0.044586,-0.071068,0.0082437,-0.1314,-0.078615,-0.0084013,0.19618,-0.01844,-0.001742,-0.095374,-0.14526
-0.25948,0.078962,-0.13079,0.099972,-0.15337,0.06812,0.012279,-0.028005,0.15114,0.048451,-0.20019,0.16819,-0.12419,-0.10186,-0.11132,-0.17293,-0.099901,0.061985,0.021111,0.11971,-0.035693,-0.051466,-0.1009,-0.12906,0.045837,0.01861,-0.0092492,-0.096979,0.166,-0.023289,0.08219,0.1298,-0.080061,0.14762,-0.073391,0.024643,0.24605,-0.064882,-0.13069,-0.023095,-0.21098,0.19182,0.10082,-0.23327,0.0045847,-0.056365,0.19466,0.071877,-0.378,-0.15478,0.066298,-0.24,0.11112,0.24643,-0.19889,-0.13839,0.034587,-0.042502,-0.12139,0.037452,0.013824,0.056867,-0.10787,0.19317,-0.16552,-0.06219,-0.02026,0.0091977,0.12304,0.033586,0.069683,0.069163,0.15974,-0.16165,0.0022932,-0.27068,0.13454,-0.15734,0.12746,-0.058796,0.035242,-0.29996,0.09181,0.027776,-0.026802,0.068282,-0.049337,0.018615,-0.022821,-0.1378,-0.17132,0.029348,-0.11424,-0.23359,-0.024004,0.18491,0.28514,-0.059596,-0.15778,-0.094142
0.065645,0.047711,-0.086972,0.019991,-0.12054,0.26255,-0.095584,0.2303,0.16986,0.10594,0.12699,0.069423,-0.15452,0.11594,-0.0096008,0.017144,0.14885,-0.067572,-0.09813,0.27612,-0.16219,-0.096749,-0.1634,-0.082566,0.036973,-0.13049,0.040254,0.13592,-0.057771,-0.13945,0.008636,-0.049513,-0.015292,0.1218,0.021675,-0.16456,0.064168,0.040656,-0.11279,-0.29299,-0.18894,-0.052851,-0.15989,-0.13604,-0.15029,-0.0061807,-0.080582,-0.084982,0.19592,-0.14417,0.13809,-0.17576,0.11309,-0.01826,-0.2509,-0.0865,0.070293,0.17789,0.022285,-0.076831,-0.19442,0.047292,0.06888,0.024754,-0.056589,-0.030145,0.080541,-0.16398,-0.11341,0.035272,0.028863,0.14446,-0.015388,-0.11018,0.037476,-0.033511,-0.24018,-0.084282,-0.068552,0.0018076,0.035332,0.086119,-0.18255,0.019458,0.061652,0.022491,-0.13251,0.38011,0.17193,0.14082,0.002435,-0.20747,-0.11483,-0.16731,-0.077347,-0.10399,-0.038184,0.072843,0.00078043,0.031843
0.1145,-0.030153,0.10413,0.056614,-0.033395,0.063861,-0.21691,-0.0051609,0.27133,0.11679,0.073313,-0.075219,-0.18956,0.12168,0.0345,0.0050896,0.033283,-0.093281,-0.12801,0.13329,-0.080625,0.037944,-0.022082,-0.14568,-0.0018854,-0.022919,0.19869,-0.10085,-0.058613,-0.07366,0.13592,-0.073554,-0.036535,0.034501,0.11932,-0.31995,0.059066,0.1226,-0.09914,-0.25635,0.16982,0.19283,-0.06135,0.013644,0.024048,0.25961,-0.10489,-0.066967,0.1798,0.041158,0.0038937,-0.067867,-0.045734,0.097981,0.043025,0.030154,0.039461,-0.052827,-0.026182,0.086944,-0.099359,0.029457,-0.13338,-0.066505,0.084194,0.12415,-0.069389,-0.019902,-0.11814,0.012406,-0.084135,-0.088663,-0.094374,-0.090882,-0.10459,0.025514,-0.36309,0.0016057,-0.17552,-0.028073,-0.05198,-0.083112,-0.13425,0.023402,-0.008917,0.082209,-0.031203,0.15356,0.14026,0.11695,0.076161,-0.16914,-0.12281,-0.087297,0.017813,0.03081,0.098415,-0.046816,-0.046376,0.020264
-0.098962,0.11163,0.11885,0.16222,-0.11051,0.0077974,-0.049736,-0.038611,0.01528,-0.078571,-0.13273,0.18955,-0.11432,0.24422,-0.061002,-0.1713,0.06732,0.16272,-0.063583,-0.0013602,-0.21793,-0.13655,0.10817,-0.11318,-0.016679,-0.10639,-0.061467,0.085328,0.02082,-0.029742,-0.020019,0.024831,0.0089219,-0.10791,-0.11073,-0.24298,0.17551,0.0254,-0.13121,-0.022289,-0.11722,0.08167,-0.090784,0.095833,-0.03549,0.047306,-0.083992,-0.003091,0.043409,-0.15686,0.0054934,-0.12484,0.032639,0.079937,-0.077465,-0.049712,0.048181,-0.11605,-0.12906,0.035122,0.015107,-0.0090518,0.13495,0.067491,0.079435,-0.028584,-0.028898,0.039261,-0.0049087,-0.021255,0.055917,0.09576,0.016551,-0.1233,-0.078313,0.113,0.084745,-0.032693,-0.12321,-0.015027,0.09796,-0.11335,0.19159,-0.090922,-0.15752,0.14316,-0.086035,0.11499,-0.048784,0.14089,0.10462,-0.10772,0.030792,-0.24206,0.19845,0.15183,0.0037128,-0.044569,-0.066977,-0.071254
0.065345,-0.012154,0.21044,0.21528,-0.026941,0.21801,-0.010549,-0.0029311,0.12693,-0.18458,-0.073774,0.093572,-0.10103,-0.065003,-0.12303,-0.053677,-0.074849,0.11903,0.062593,-0.014803,-0.080268,-0.10231,-0.080399,0.01152,0.21093,0.096274,-0.0049787,-0.11255,-0.010145,-0.023778,0.030681,0.13197,-0.028226,0.04641,0.048737,0.08002,0.19472,0.15394,-0.11486,-0.12587,-0.15175,0.11191,-0.012734,-0.043991,0.059138,0.092202,0.20277,-0.096087,-0.21036,0.0448,0.019862,-0.34527,-0.025977,0.11192,-0.061615,-0.033228,0.057526,0.095318,-0.004828,0.035781,-0.13405,0.046149,0.071439,-0.0062301,-0.13412,-0.21803,0.028665,-0.11077,0.12705,-0.020685,0.17362,0.073538,-0.019689,-0.12133,-0.04181,0.022907,0.23307,-0.13441,0.081251,-0.018397,-0.038071,-0.24418,0.054732,-0.18961,0.010667,0.090568,-0.017865,0.13962,0.19776,0.10505,-0.034308,0.081321,0.021774,-0.15373,-0.04377,0.20883,0.032167,0.004977,-0.2111,-0.12764
0.053061,0.062749,0.0090996,0.085442,0.1204,-0.071507,-0.20037,0.20466,0.13264,-0.14487,-0.052349,-0.05223,-0.21447,0.15365,-0.084776,-0.09244,-0.06821,0.073657,-0.031777,-0.16734,-0.1562,-0.027162,-0.052433,-0.16119,0.05286,0.12457,0.065419,-0.11091,-0.011855,0.03908,0.08587,-0.15871,-0.012177,-0.060248,0.037956,-0.16621,0.092341,0.1637,-0.14286,0.029666,-0.086504,0.11165,-0.19518,-0.090832,0.003681,0.21661,-0.04801,-0.082261,0.011422,-0.087151,0.18334,-0.27828,0.044775,0.035583,-0.084416,-0.060336,-0.03494,-0.015807,0.041033,-0.10392,-0.09135,-0.074086,0.12831,0.13629,-0.028925,-0.10507,0.06905,-0.079709,-0.076315,0.18184,-0.039535,0.085309,0.11992,-0.0827,-0.17928,0.25181,-0.11773,0.02808,0.083612,-0.090748,-0.11359,-0.12237,-0.042014,0.13394,-0.08132,0.021847,0.0025739,0.06197,0.058654,0.075336,-0.063519,-0.1485,-0.2404,-0.12696,0.025929,0.096941,-0.14165,0.19264,-0.13058,0.012575
-0.030024,0.18589,0.046928,0.00012125,0.11899,0.089117,-0.071613,0.0022388,0.1217,0.033987,-0.029254,0.001197,0.090869,0.35584,0.029519,-0.13516,-0.10349,-0.059886,-0.30034,0.06179,-0.0060681,-0.033055,0.067355,0.038109,-0.057524,0.06873,-0.058736,-0.11551,0.061329,-0.064758,0.020359,-0.17408,0.10987,0.023104,-0.11175,0.13854,-0.031236,0.0060712,-0.10013,-0.061388,-0.25962,0.36353,-0.016656,0.071093,-0.058528,0.27589,0.083676,0.049146,0.15234,-0.15983,0.027321,-0.15674,0.033584,0.010171,0.031008,0.075267,-0.25374,-0.032254,0.05333,0.12377,-0.051014,0.18153,0.039918,0.044523,-0.20002,0.014554,-0.16955,-0.0818,-0.023304,0.01079,0.10335,0.025601,-0.04434,0.1973,-0.026973,-0.10818,-0.13969,-0.24952,-0.10986,-0.19881,0.013253,0.089025,0.12917,0.089628,-0.19367,0.051322,-0.093213,0.12224,0.068156,0.097837,0.0019801,-0.16643,-0.024234,-0.032905,0.14409,0.14481,0.08513,0.2222,0.11588,0.075215
0.058079,-0.040917,0.073629,0.21134,-0.012753,0.26871,0.010823,0.013806,0.18685,-0.15055,-0.12186,0.085142,-0.065647,0.0024946,-0.040355,-0.080201,-0.18168,0.15664,0.11406,0.0039341,-0.0064627,-0.017075,-0.02429,-0.083182,0.18254,0.012359,-0.05099,-0.24207,0.0058454,-0.035038,-0.02655,0.12867,0.025294,0.0753,0.040091,0.090155,0.12554,0.045061,-0.15854,-0.10295,-0.061472,0.062885,-0.020732,-0.06189,0.15534,0.085293,0.15285,-0.10491,-0.27215,0.045643,-0.0091947,-0.17255,0.01635,0.07934,-0.20054,-0.082288,-0.019512,0.12068,0.081738,0.075171,-0.16542,0.12903,0.015563,0.085931,-0.17003,-0.18059,0.11131,-0.14719,0.086632,-0.0049956,0.039142,-0.024261,-0.023778,-0.23925,0.014578,-0.10391,0.24427,-0.040171,0.14764,-0.024047,0.061117,-0.25562,0.10088,-0.087897,0.00032707,0.15053,-0.054602,0.05885,0.11375,0.1518,-0.076835,-0.063265,-0.017777,-0.24206,-0.010181,0.13973,0.10621,-0.088447,-0.23859,-0.10458
-0.088449,0.027281,-0.29042,0.14734,-0.029056,0.17159,0.093263,0.040664,0.19989,-0.062776,-0.14757,0.15518,-0.050926,-0.050988,-0.046291,0.087881,-0.14609,-0.14865,-0.039436,-0.027899,-0.19684,0.0070727,0.14405,-0.12327,0.17465,-0.08224,-0.011806,-0.040309,0.013016,-0.14876,-0.053015,0.21602,-0.067342,0.10528,0.017048,0.046147,0.11227,0.21708,-0.11016,-0.12946,-0.1821,0.037531,0.070307,-0.19751,0.020848,-0.02235,0.20599,-0.029724,-0.10496,-0.074015,0.044087,-0.17322,0.21373,0.012131,-0.25043,-0.089851,-0.034595,-0.013588,0.098152,0.15179,-0.085126,-0.058547,-0.056763,0.15429,-0.10399,-0.010551,0.12078,-0.060941,0.043094,0.0045065,0.058294,0.087407,-0.11841,-0.116,-0.0041164,-0.022927,0.1648,0.047056,0.092399,-0.071532,0.075565,-0.16357,0.098441,-0.17683,-0.21054,0.15256,-0.078888,0.060182,0.23501,0.074949,-0.14393,-0.10023,0.061892,-0.23517,0.10651,0.21186,0.055325,-0.074462,-0.091315,-0.17033
0.038643,0.096555,-0.026163,-0.0080486,0.052084,0.040372,0.057101,-0.058861,0.0081687,-0.070188,-0.08159,0.039265,-0.1501,-0.14506,-0.1119,-0.081429,-0.12729,-0.0337,0.044199,-0.19266,0.013099,-0.15789,-0.020759,0.0046661,0.1828,0.045055,0.071776,-0.0082323,0.12813,-0.22281,0.09894,0.22623,-0.097616,0.090928,-0.056124,-0.03254,0.087918,0.00017296,-0.12676,-0.0083212,-0.095233,0.15805,0.13178,0.032459,0.038597,-0.079844,0.13868,0.044439,-0.1737,0.032087,-0.048112,-0.17632,0.024296,-0.1041,-0.0079874,-0.031034,0.043394,0.034169,0.039503,0.32065,-0.11981,0.1405,0.094967,0.019702,0.080034,0.006585,0.19053,-0.038251,0.16597,-0.15605,-0.041084,-0.040566,0.030906,-0.13385,0.067444,-0.17145,0.27832,0.11236,0.042796,-0.075262,0.15759,-0.15863,-0.13563,0.057021,-0.097862,0.035431,0.0048846,0.2257,0.12496,0.22945,-0.070294,0.019986,0.071054,-0.08383,0.18047,-0.068413,0.12531,-0.032481,-0.15608,-0.043132
-0.11529,0.095327,0.022611,-0.030504,0.031485,0.25509,0.021496,0.050118,0.061977,0.149,0.043045,0.012638,-0.16111,0.033515,-0.087455,-0.025291,-0.10584,-0.1168,-0.18164,-0.0020378,-0.10548,0.0011739,-0.14254,-0.024543,-0.044938,0.036067,0.043372,-0.11221,0.00029307,-0.25208,0.10789,0.021547,-0.076511,0.022641,0.1958,-0.1162,-0.081373,0.11802,-0.074179,-0.11773,-0.059258,0.13107,-0.18025,0.08933,-0.14331,0.0094156,-0.028498,-0.024867,0.017747,0.010061,-0.13058,-0.00074404,0.066136,0.067818,-0.13887,-0.27391,0.21363,0.092353,-0.21378,-0.18405,0.023189,-0.20497,0.083679,0.063697,-0.035883,-0.01504,0.11796,-0.11541,0.012884,0.023691,0.0058603,0.29562,0.02703,-0.012913,-0.18845,0.050185,-0.21922,-0.046289,-0.14628,-0.14911,-0.10518,-0.064184,-0.12986,0.087001,0.059499,0.12291,-0.16003,0.21937,0.17826,0.07644,-0.07797,0.01199,0.13917,-0.17545,0.12688,-0.12937,0.027623,0.017262,0.017425,-0.031314
-0.051205,0.081409,0.12273,-0.067466,0.064696,-0.014881,-0.15604,0.15669,0.046351,0.0070621,-0.10752,0.0029311,0.0034487,0.2643,0.18456,-0.053172,0.036373,0.25791,0.04445,0.033363,-0.15307,-0.1969,0.088178,-0.12963,-0.20022,-0.098516,-0.081598,-0.070038,0.024268,0.13591,0.0014947,-0.021504,-0.015483,-0.018893,-0.075853,0.049779,-0.092732,0.057406,0.023766,-0.16351,-0.064883,0.008657,-0.17598,-0.079217,-0.02334,0.10686,-0.026176,0.12704,0.13661,-0.011842,0.11573,-0.13253,-0.0036789,0.14677,-0.07161,0.01648,-0.041342,0.35966,0.11817,0.1183,-0.029138,0.16186,-0.062764,0.020944,-0.15085,-0.077254,-0.024341,-0.13892,0.15651,-0.12614,0.01481,-0.11912,0.058487,0.24704,0.062471,-0.14808,0.017446,-0.28389,-0.11971,-0.1362,0.089622,-0.15564,0.038539,-0.065621,-0.074401,-0.060621,-0.15971,0.12153,-0.0017852,0.054381,0.0618,-0.051862,-0.14384,-0.090332,0.0836,0.049181,0.080891,0.17638,0.16252,-0.042466
0.15772,0.13856,-0.063188,-0.035547,0.22755,-0.083402,0.16862,0.10162,-0.013945,-0.053873,-0.048995,-0.021971,-0.0017217,-0.01037,0.0096765,0.021394,0.12597,-0.037192,-0.038528,0.012909,0.10093,-0.0053729,-0.14592,0.14984,0.067613,-0.1865,0.22201,0.080858,0.10697,-0.1421,-0.13889,-0.09402,-0.17315,0.013878,-0.065632,-0.14996,0.060965,0.049668,-0.18039,-0.013545,-0.049047,0.18335,-0.062217,0.22882,-0.029776,0.039725,0.05824,0.0017116,0.18031,-0.050396,0.17077,-0.0050345,0.05182,0.0043764,0.049097,0.028976,0.11115,-0.021402,0.0094387,0.048845,0.043697,-0.048176,0.063407,0.033451,-0.051432,0.057634,0.022306,0.10647,0.17448,0.079636,-0.14973,-0.086663,0.076162,-0.14445,0.019267,0.19299,-0.012379,0.12414,-0.14147,0.070634,-0.00664,0.074361,-0.095641,0.17882,-0.14137,-0.0070302,0.029754,0.22018,0.19277,0.052351,-0.020593,-0.13897,-0.085191,0.16618,0.09001,-0.13628,0.098044,-0.073267,-0.17276,0.10539
