-0.11812,0.12047,-0.095759,0.19469,-0.0020271,0.1558,0.11768,0.069351,0.069676,0.044938,-0.069326,0.061597,-0.0049897,-0.02741,0.029141,-0.094346,-0.24486,0.065122,0.099838,-0.12812,-0.059852,-0.04909,0.058621,-0.045445,0.16696,0.051371,0.041819,0.065149,0.27757,-0.23923,0.01731,0.11126,-0.058056,-0.11602,-0.0066903,0.065816,0.044944,-0.059699,-0.045543,-0.1503,0.020587,0.14027,-0.11032,-0.23603,-0.072467,-0.01046,0.086221,-0.099831,-0.18976,-0.15406,0.14204,-0.19421,0.30499,0.28402,-0.048978,-0.14497,0.044165,0.17132,-0.1349,0.1617,0.12743,-0.023676,-0.1128,0.070511,-0.043361,-0.26073,0.12543,0.09539,0.22052,-0.0091684,0.21298,-0.046675,0.20838,-0.032653,0.18311,-0.048001,0.12013,0.093347,0.0054206,0.0025278,0.12651,-0.24813,-0.064637,-0.10954,-0.021956,0.05131,-0.013286,0.20843,0.098345,0.087112,-0.038837,-0.044403,-0.047159,0.067161,0.10312,0.052127,0.00011738,-0.070581,-0.06544,-0.24512
-0.085669,0.25836,0.019945,0.098629,0.19859,0.015048,-0.030613,0.10616,0.24526,0.029107,-0.17397,0.069999,-0.12289,0.28124,0.047727,0.12215,-0.19898,-0.0016615,0.024325,-0.095232,0.083334,-0.15697,0.014177,-0.14054,-0.054409,0.096879,0.033632,-0.051853,0.038757,-0.066578,0.08403,0.081779,-0.11954,-0.060329,-0.12897,0.09578,-0.12262,0.017803,0.016124,-0.10083,-0.1447,0.067929,-0.12014,-0.0064131,0.0052813,0.085448,-0.039487,0.0057818,0.17015,0.0050057,0.12269,-0.24982,-0.035744,0.0019608,0.15202,0.089895,-0.097374,-0.047429,0.12922,0.063534,-0.0076063,-0.045612,0.059298,0.031036,-0.078187,0.068716,0.026028,-0.10358,0.031787,-0.049247,0.055455,-0.031209,0.049284,0.079047,-0.02507,-0.056696,-0.00086966,-0.24577,-0.12201,-0.015794,0.026742,-0.051702,0.11071,-0.084396,-0.023724,0.10788,-0.096436,0.029766,0.20967,0.045249,0.21156,-0.089268,0.044335,-0.029073,0.13513,0.082357,0.13614,0.054125,-0.01254,-0.084846
-0.21244,0.097748,-0.023671,0.23511,-0.12362,0.12003,-0.17104,-0.18182,0.19519,-0.038012,-0.093405,0.12263,-0.18926,-0.065679,-0.028242,-0.11489,-0.093334,0.1075,0.02934,-0.0036871,-0.048104,-0.087233,0.10064,-0.096313,0.14975,0.17833,0.041141,0.0073837,0.30091,-0.10078,-0.060947,0.25429,-0.12795,0.064898,0.016785,-0.10188,0.08469,-0.058769,-0.080734,-0.047656,-0.28513,0.10494,-0.074605,-0.17417,-0.13047,0.099474,-0.093512,-0.012512,-0.37672,-0.023469,-0.036779,-0.19341,0.17276,0.15167,-0.1551,-0.13375,-0.11617,-0.023862,-0.071584,-0.012274,-0.034023,0.0063982,-0.016642,0.15086,-0.095551,-0.017396,0.046692,-0.068189,0.19611,0.097534,0.038203,0.016565,0.1181,-0.16795,-0.10812,-0.23513,0.12626,0.023644,0.12918,0.12819,0.082886,-0.23864,-0.098329,-0.11499,0.077301,0.23241,-0.020373,-0.049211,0.13959,0.034446,-0.016466,-0.064196,-0.14064,-0.014633,0.029334,0.10927,-0.059562,-0.0035985,-0.16939,-0.18516
-0.15607,0.055426,0.022871,0.14546,-0.093335,0.069411,0.034958,0.053441,0.12087,0.001509,-0.021232,0.11858,0.062079,0.0099273,-0.015688,-0.11656,-0.184,0.075149,0.041745,-0.057479,-0.014667,-0.098161,-0.11547,0.08373,0.068098,-0.064537,0.0053543,0.16219,0.19685,-0.15516,-0.018018,0.084679,-0.088064,-0.096616,0.024352,0.15724,0.19232,0.037012,-0.025098,-0.1273,-0.043042,0.167,-0.064962,-0.082921,0.077439,-0.028737,0.066394,-0.056108,-0.16476,-0.25372,0.046122,-0.18335,0.16618,0.265,-0.078364,-0.16784,0.051227,-0.0025306,-0.13418,0.20968,0.029775,-0.055462,-0.062004,0.039071,-0.0055156,-0.17122,0.20171,0.13765,0.22361,0.0010624,0.18602,0.068491,0.12709,0.012919,0.2304,-0.10926,0.23237,-0.065554,0.037757,0.0020595,0.15719,-0.26758,0.029706,-0.025218,-0.059688,0.05586,-0.0060841,0.17917,0.070255,0.2003,-0.050734,-0.037213,-0.098237,-0.044075,0.14389,0.11837,-0.010158,-0.054302,-0.038454,-0.20111
-0.032805,-0.053407,0.03838,0.24756,-0.10139,0.1079,0.0024789,0.11267,0.040242,-0.056006,-0.11677,0.17623,0.0020374,-0.083198,-0.085307,-0.10708,-0.15743,0.086739,0.14959,0.098997,-0.016247,-0.11898,0.13901,-0.14144,0.092228,0.040648,-0.013339,-0.0095825,0.05177,-0.12189,-0.098079,0.17953,0.11587,0.060229,-0.059914,0.11317,0.18324,0.058487,-0.055031,-0.1287,-0.085928,0.18067,-0.23727,-0.12659,0.11049,0.1973,0.058735,0.0022756,-0.20637,0.04974,-0.0011148,-0.31332,0.1296,0.19412,-0.19553,-0.1425,0.0037164,0.066331,-0.088428,0.11254,-0.13932,0.12358,0.042756,0.045594,-0.11241,-0.1057,0.023202,-0.031152,0.10893,0.17385,0.13557,-0.0015137,-0.031198,-0.067331,0.049547,-0.075048,0.24498,0.019791,0.16649,-0.015527,0.06453,-0.18179,-0.0033471,-0.18482,-0.14848,0.085356,-0.047169,0.15947,0.16762,0.13787,-0.15194,-0.016877,-0.1691,-0.16725,-0.04436,0.10674,0.089394,-0.069283,-0.067965,-0.05761
-0.041724,-0.093634,-0.12832,0.027515,0.0023952,0.090398,-0.10841,0.19513,0.15414,0.10812,-0.038324,0.065657,-0.14662,0.019405,-0.11795,-0.071606,-0.17674,0.13709,0.035091,0.030534,-0.17192,-0.044568,0.12364,-0.10919,0.22162,-0.089356,-0.10187,-0.039684,-0.14176,0.11568,0.07803,0.050671,0.11405,-0.014207,0.10627,-0.049414,-0.015216,0.1759,-0.11712,-0.09693,0.17436,0.055039,-0.13729,0.074414,-0.063705,0.074205,0.13766,0.134,0.31357,-0.11558,0.1264,0.0057414,-0.03352,0.044859,-0.20383,-0.11791,0.12183,0.17662,0.1313,-0.12846,-0.23304,0.11691,-0.085753,0.095324,-0.09032,0.0047354,-0.0068601,0.098654,-0.19608,0.1098,0.083157,0.085686,0.10447,-0.050706,-0.078207,0.10581,-0.18921,0.061333,-0.055118,0.0022334,-0.081416,-0.051235,-0.16734,-0.1862,0.024359,0.22102,0.095938,0.17575,0.21233,-0.044984,-0.0020047,-0.28533,-0.22787,-0.00034949,-0.046883,0.10699,0.0034025,-0.057492,-0.077699,-0.14597
0.098643,0.11023,-0.14248,0.1179,-0.17769,0.22037,-0.14224,0.069547,0.072109,-0.14718,-0.18844,0.19289,-0.1537,0.0061366,-0.11475,0.06723,0.032191,0.081653,-0.13001,0.09593,-0.14104,-0.16099,-0.059784,-0.11663,0.12462,0.0030241,-0.11394,0.040165,0.037119,-0.048,-0.048907,0.10508,-0.14222,0.11366,-0.010976,-0.032724,-0.00070211,0.010357,-0.054272,-0.19903,-0.17584,-0.0074372,-0.047429,-0.11563,-0.01248,0.062936,0.046715,0.042218,-0.28199,0.032641,0.033745,-0.30088,0.1227,0.036327,-0.1379,-0.16074,-0.020734,-0.050538,-0.15085,-0.027554,-0.10391,0.096851,0.17056,0.047926,-0.12684,-0.19798,0.12302,-0.07256,0.12617,-0.18647,-0.066302,-0.062798,0.098257,0.048579,-0.058961,-0.21476,0.19419,0.0089395,0.08989,0.047797,-0.099342,-0.14714,-0.044503,-0.071739,-0.1404,-0.021115,-0.11979,0.12211,0.025392,0.20329,-0.041377,-0.1323,-0.13934,-0.22202,0.11561,0.13245,-0.19374,-0.084693,-0.11807,-0.030311
-0.07861,-0.10126,-0.056013,0.15341,-0.029116,0.3269,-0.042461,0.1675,0.014891,0.13679,0.23066,0.059664,-0.10002,0.027458,-0.099745,0.028814,0.013551,-0.13878,-0.016843,0.1292,-0.15864,-0.2528,-0.21314,-0.039909,0.10758,0.18932,-0.025491,-0.23712,0.03388,0.044894,0.098919,0.029817,0.094858,0.026034,0.13992,0.0077742,0.0084019,-0.018015,-0.034767,-0.18671,-0.078651,0.10484,-0.017195,0.092576,-0.059208,0.0012367,0.0012107,-0.11464,0.15247,-0.14941,0.034845,0.049277,0.057066,0.15184,-0.17906,0.033113,0.15375,0.026882,-0.10294,-0.15279,-0.059147,-0.22521,0.063553,0.065247,-0.12823,-0.087359,0.05923,-0.15047,0.045078,0.062674,0.015077,0.23002,-0.021134,-0.044652,-0.065563,0.12077,-0.2412,-0.13945,-0.08173,0.016859,-0.15491,0.079365,-0.05601,-0.043436,-0.12001,0.054383,-0.18136,0.18159,0.019556,-0.047537,0.02412,-0.047668,0.10128,-0.25759,-0.022282,-0.019478,0.029336,-0.0053992,0.044823,-0.0046197
0.022862,-0.021011,-0.16922,0.25695,-0.12226,0.24519,-0.053433,-0.035989,0.18376,-0.19928,-0.076216,0.087723,-0.063562,0.012232,0.021661,-0.055053,-6.9966e-05,0.085232,-0.13518,0.040371,-0.091235,-0.16744,0.11393,-0.13492,0.13724,-0.051844,0.19519,0.043045,0.15208,-0.12685,-0.069062,0.16043,-0.12559,0.043995,0.037471,0.097831,0.16009,0.026267,-0.18693,0.12732,-0.27764,0.15572,-0.080897,0.019154,0.053907,0.13554,-0.074074,0.17356,-0.21266,-0.077459,0.053938,-0.029686,0.13652,0.024861,-0.18664,-0.11286,-0.041844,-0.12077,-0.062745,0.081697,-0.12677,0.13721,0.082352,-0.065439,-0.020688,0.013112,0.093814,0.086244,0.10747,0.083507,-0.033502,0.068602,-0.071452,-0.15531,0.040279,-0.24756,0.27499,0.014041,0.029479,-0.045508,0.17781,-0.13676,-0.11338,0.075657,-0.12034,0.19051,-0.041552,0.1157,0.13815,0.25904,-0.017799,-0.017628,-0.11275,-0.12704,0.087715,0.067715,-0.035911,0.054137,-0.11708,-0.14906
-0.031559,0.042836,-0.070339,0.086226,0.3,-0.016623,-0.10559,0.086414,0.23714,0.090374,-0.10648,0.0069873,-0.22842,0.10477,0.0059673,0.015624,-0.12231,0.16965,-0.16313,0.094598,0.14825,-0.19632,0.16437,-0.14751,-0.043762,0.11284,0.03993,0.031061,-0.0076835,-0.069647,-0.079213,-0.068034,-0.081993,0.21862,0.015679,0.10968,-0.032925,0.11271,-0.037506,-0.12235,-0.12233,-0.024921,-0.40147,0.01335,0.063527,0.37591,-0.047095,-0.052785,0.029563,0.098685,-0.0049547,-0.17849,0.036051,0.16907,-0.092439,0.02877,0.0059352,0.23319,0.066374,-0.021794,-0.080159,0.20896,-0.0072249,0.084422,-0.04351,-0.0019223,-0.15469,-0.19819,-0.08748,0.20193,0.076281,-0.088589,0.024036,0.089382,-0.11388,-0.23419,-0.1009,-0.19961,-0.026232,-0.096149,0.19799,-0.046598,-0.060179,-0.087537,-0.18768,0.23159,-0.036401,0.076173,0.010561,0.01322,0.097928,-0.041306,-0.025754,-0.066783,0.013691,0.083847,0.016509,0.2198,0.10434,-0.037211
-0.020027,-0.029742,0.056668,0.2689,-0.075756,0.07978,-0.039124,0.085695,0.081616,-0.06648,0.048527,0.089174,0.00013501,-0.10857,-0.13311,-0.12394,-0.010051,0.036024,0.080796,0.035953,-0.089844,-0.10488,-0.029203,0.069663,0.13396,-0.015409,0.081712,-0.010308,0.12613,-0.077983,0.016978,0.29679,0.029517,-0.0176,0.029858,0.17747,0.19773,0.083669,-0.1201,-0.16876,-0.17252,0.20679,-0.061772,0.023618,-0.050873,0.11074,0.084113,-0.086158,-0.28162,-0.10283,0.094049,-0.35604,0.045601,0.18696,-0.21704,-0.020848,0.069886,0.075081,0.077612,0.20789,0.019001,-0.018918,-0.058607,0.030485,-0.049638,-0.2236,0.040628,-0.012998,0.20225,0.092146,0.085447,0.040598,0.033941,-0.1557,0.024909,0.038003,0.19688,0.0022402,-0.0259,-0.1261,0.055511,-0.31751,0.047499,-0.16608,0.052556,0.1139,-0.066486,0.23518,0.21931,0.05032,-0.072659,-0.026203,-0.11899,-0.10719,-0.0060789,0.19323,-0.06196,-0.028834,-0.082948,-0.11993
0.09102,0.019379,-0.15867,0.25541,0.15843,0.062512,-0.35702,0.12595,0.30789,-0.044164,-0.12773,0.0060329,-0.10883,0.10681,-0.082599,-0.12541,-0.29283,0.15803,-0.19878,0.022197,0.00055886,-0.19654,0.013937,-0.0096687,0.09669,0.022844,-0.15578,0.034997,-0.093785,-0.010131,-0.06066,-0.04434,-0.062242,0.11008,0.049966,0.14282,0.058637,0.037062,-0.22247,-0.1544,0.11463,0.11297,-0.24274,0.015951,0.0668,0.21834,-0.021882,0.014832,0.073257,0.00345,0.073062,-0.13762,0.029218,-0.013362,-0.16315,0.0064512,-0.013546,0.11332,0.0039052,0.10641,-0.27544,0.16595,-0.043309,0.046568,-0.021633,0.18749,-0.076237,-0.0049748,-0.28841,0.076482,0.019003,0.05847,0.094059,-0.084859,-0.066444,-0.097215,-0.10257,-0.19642,0.080777,-0.10453,-0.02971,-0.098297,-0.016162,-0.020101,0.043806,0.24538,-0.18183,0.086014,0.11766,0.027019,0.073582,-0.046538,-0.010192,-0.057817,0.12246,0.14973,0.15697,0.2086,0.10619,-0.032764
0.095007,0.056853,-0.072535,0.13567,0.21127,-0.040594,-0.17369,0.027683,0.31301,0.049966,0.088498,-0.05702,-0.32842,0.054358,-0.020737,-0.16323,0.18868,0.13027,-0.058371,0.021501,-0.1083,0.13642,0.14352,-0.017883,-0.19858,0.21736,0.094241,-0.13215,0.0098679,0.1471,-0.10909,0.097677,-0.16631,0.17323,-0.11535,-0.028116,-0.12247,0.21276,-0.049295,0.12745,-0.1419,-0.04078,-0.080948,0.018281,0.14782,0.0053536,0.14767,0.056174,0.064862,-0.075721,0.071144,0.00017816,0.015543,0.19373,0.082,-0.062908,0.046924,-0.18158,0.014775,0.005469,0.26845,0.16492,-0.017343,0.099406,-0.13351,-0.0087639,-0.0075756,0.1411,-0.17988,0.13179,0.23018,0.045633,0.13958,0.060425,-0.093751,-0.030281,-0.033066,-0.056376,0.10419,-0.12164,0.063256,-0.27187,0.0088426,-0.06614,-0.027464,0.033577,-0.036067,0.14409,0.024706,-0.15577,0.23479,-0.069441,0.16587,-0.11569,0.1182,0.0025006,-0.033639,0.058244,0.018103,0.013972
0.098897,0.12023,0.036115,0.21269,-0.083963,0.20695,-0.17221,-0.061039,0.088586,0.029724,-0.17636,0.20582,-0.38949,0.11891,-0.070754,0.10958,-0.031077,0.10072,-0.22671,-0.0034332,0.043667,-0.19677,-0.077446,-0.13733,0.2051,0.11083,0.17483,0.097858,0.20028,-0.22963,-0.049027,0.2982,-0.13682,0.22668,0.059544,-0.097385,0.14309,0.17871,-0.061132,0.033144,-0.1876,0.27096,-0.20044,0.078429,-0.08091,0.1658,-0.11113,0.048148,-0.25149,-0.0046229,0.13228,-0.16358,-0.080918,0.093697,-0.27756,-0.20521,-0.057567,-0.071483,-0.13754,-0.076854,-0.25038,0.24217,-0.071901,-0.019539,-0.051169,0.0083129,0.047975,-0.15328,0.092238,0.20072,-0.06921,-0.078543,-0.024576,-0.12688,-0.079863,-0.22904,0.22643,0.083776,0.10891,0.025822,0.21335,-0.20913,-0.049945,-0.026204,-0.19986,0.093884,-0.033822,0.12956,0.16566,0.17816,-0.013113,0.0056964,-0.046146,-0.18598,0.068539,0.092811,-0.094305,0.093593,-0.21245,-0.14998
-0.15865,0.11236,-0.25601,0.15556,0.10994,0.0056912,0.046885,0.084459,0.17275,0.063649,-0.17839,0.20356,-0.067868,-0.26299,0.04941,-0.093935,-0.10748,0.011298,-0.084402,-0.12778,-0.077731,-0.036123,0.088061,-0.1387,0.34322,0.082212,0.17551,-0.11036,0.007161,0.012688,-0.0079965,0.25978,-0.02966,0.087105,0.015884,-0.029254,0.15259,0.19888,-0.037326,-0.053671,-0.078295,0.15759,-0.12048,-0.16191,0.044877,-0.13943,0.27043,0.00023122,-0.12481,-0.13226,0.026135,-0.1262,0.31484,-0.047221,-0.27496,0.063669,-0.025644,0.049691,0.047025,0.15685,-0.18966,0.079884,-0.062121,0.18936,0.027991,-0.23432,0.21873,-0.090024,-0.042289,-0.064149,-0.067273,-0.036117,0.057743,-0.15664,0.026673,-0.13875,0.11392,0.0045683,0.10722,-0.086986,-0.099632,-0.1499,-0.010934,-0.13533,-0.14986,0.17517,0.036124,0.086416,0.10861,0.057581,-0.16272,-0.043826,-0.018256,-0.21402,-0.015122,0.15318,0.1017,-0.18645,-0.099483,-0.026568
-0.021117,-0.01238,0.16724,0.20049,-0.054244,0.1489,0.034414,-0.041875,0.10191,-0.16853,-0.13951,0.13129,-0.0076278,0.019294,-0.075891,-0.10754,-0.14524,0.21866,0.065825,0.072978,-0.045986,-0.10048,-0.052953,0.045074,0.22004,0.10017,0.012396,-0.069469,0.029342,-0.068109,-0.053668,0.10803,0.043636,0.038589,0.027828,0.11219,0.20786,0.091994,-0.20124,-0.14268,-0.066628,0.13813,-0.030855,-0.023744,0.067638,0.14428,0.22303,-0.1131,-0.33719,0.012072,0.042012,-0.31072,0.011922,0.14964,-0.15506,-0.017635,0.089162,0.11592,-0.018135,0.040579,-0.15328,0.052323,0.024224,0.035057,-0.10372,-0.19744,0.028993,-0.14408,0.10646,0.029332,0.14414,-0.019096,-0.0086537,-0.13828,0.025397,-0.021212,0.27105,-0.15956,0.14451,0.039446,0.038282,-0.25612,0.05806,-0.14851,0.034475,0.079652,0.0743,0.088202,0.18435,0.12876,-0.050558,0.067262,0.02037,-0.26816,0.008547,0.17349,0.093618,0.014171,-0.16764,-0.12877
-0.14601,-0.034311,-0.21918,-0.26288,0.0087066,0.18272,-0.084159,-0.035872,0.16459,0.18043,-0.022057,0.088233,0.013187,0.18711,-0.12216,0.06911,0.11507,-0.18426,-0.068526,-0.075393,-0.057011,-0.17593,-0.046786,-0.21172,-0.034677,0.11762,-0.075217,-0.18391,0.14073,-0.025967,-0.08991,0.24114,0.15073,-0.069647,-0.026725,0.079156,-0.057325,-0.086906,0.045499,-0.045017,-0.25376,-0.010165,0.17361,-0.089082,-0.15478,-0.0032304,0.14142,-0.069886,-0.087846,0.0078481,0.11984,-0.26797,0.23399,-0.075426,0.093102,-0.24431,0.20496,-0.087096,-0.11885,0.052645,-0.092851,-0.26862,0.083165,-0.0055011,0.068749,0.24903,0.083247,-0.037179,0.1225,-0.16403,-0.029796,0.28508,-0.043938,0.11201,-0.038158,0.15212,-0.080055,0.11098,0.21767,-0.027046,0.20757,0.0028637,0.083917,0.0003903,-0.17181,-0.046431,-0.059967,0.17611,0.12985,-0.1332,0.028266,-0.026124,0.15515,-0.10424,0.10087,-0.13731,0.057136,0.12636,0.1331,0.15141
0.0074665,0.052062,-0.00028917,-0.0095385,-0.056118,0.30745,-0.052919,0.21811,0.17264,0.18626,0.15363,-0.0003891,-0.12138,-0.024229,0.16344,-0.099878,0.052253,-0.075177,-0.21167,0.14483,-0.16009,-0.25385,-0.1303,-0.049445,0.21938,0.15552,-0.18626,-0.31904,-0.10815,-0.14201,0.042739,-0.01597,0.13199,0.038363,-0.090323,-0.034259,0.043239,0.029312,-0.22009,-0.029537,-0.10027,0.089572,-0.054962,-0.061104,0.1191,0.13564,0.091072,0.046965,0.046026,-0.15298,0.082323,-0.11726,0.066112,0.1001,0.060385,-0.12073,0.012518,-0.048155,-0.051206,0.05774,-0.11984,-0.020632,0.13811,0.069321,-0.057897,0.1382,0.13459,-0.11664,-0.043273,0.20131,-0.022574,0.22749,-0.064323,-0.10244,-0.16257,0.12967,-0.26894,-0.19059,0.10077,-0.12529,-0.078394,0.035145,-0.16471,0.092076,-0.026626,0.078305,-0.022368,0.098595,0.077662,0.011869,-0.18561,0.048658,0.037119,-0.12587,0.034526,0.03763,0.020914,0.11247,-0.0048011,0.13586
-0.037621,0.015664,0.076994,0.049094,-0.060384,0.21512,0.08121,-0.051028,0.061326,-0.12333,0.055102,-0.04007,-0.0076599,0.19982,-0.032935,-0.091403,0.1918,0.084359,-0.12107,0.11149,-0.043513,-0.070005,0.01405,-0.15484,0.03864,0.033456,0.016889,-0.23749,0.085376,0.017437,0.075157,-0.06053,-0.072993,0.11175,0.09212,-0.097114,0.018612,-0.075964,-0.10121,-0.17754,-0.1733,-0.056081,-0.024128,0.10501,-0.0065919,0.1717,0.071529,-0.033087,-0.061828,-0.10155,0.14627,-0.045171,0.11017,0.13211,-0.26344,-0.061171,0.10372,0.18745,-0.035931,-0.0084348,-0.11841,-0.081922,0.18311,0.089303,-0.161,0.037717,0.10128,-0.13637,0.068989,-0.18084,0.04081,0.20488,-0.10677,-0.076278,-0.11149,0.11797,-0.16798,-0.12263,-0.16199,0.0052675,0.018079,-0.017244,-0.28145,0.032112,-0.042132,0.04139,-0.10022,0.214,0.035767,0.053471,0.018719,-0.00066542,-0.046419,-0.095486,0.00011636,-0.23448,-0.052137,0.066041,0.016944,0.028188
-0.0059298,0.075825,-0.0088845,0.097883,-0.2404,0.23349,0.031191,0.2413,-0.076771,0.11888,0.073468,0.13306,-0.14849,0.1353,0.11872,0.14279,-0.0093612,-0.17966,-0.12442,-0.093328,-0.13132,-0.26276,-0.24823,0.025914,0.015671,-0.0097259,-0.10696,-0.094202,0.091844,-0.21815,-0.00087604,-0.0068224,0.19541,-0.10932,-0.030704,0.036676,-0.057808,-0.11743,-0.087833,-0.13749,-0.1516,0.18183,-0.035779,0.054874,-0.07807,0.082219,0.013835,-0.14364,0.13621,-0.07733,0.16637,-0.065912,0.094527,-0.025531,-0.098167,-0.21129,0.14027,-0.067778,0.021777,-0.069992,-0.10938,-0.13069,0.12981,0.036706,-0.14385,0.075082,0.17986,-0.14013,0.095189,0.011059,-0.027285,0.17742,-0.028616,-0.11726,-0.19681,0.13467,-0.1266,0.018577,0.028815,-0.010974,-0.049737,-0.063936,-0.12263,0.11746,-0.11364,-0.040213,-0.13171,0.22252,0.11431,-0.021382,-0.15375,-0.056594,0.016622,-0.20481,-0.10006,0.09167,0.12731,-0.015807,0.035723,-0.12897
-0.088355,0.10151,-0.014891,0.16407,0.083221,0.18345,0.02728,0.11708,0.045558,-0.12545,-0.13268,0.15134,-0.1577,-0.13881,-0.04202,0.038065,-0.10234,0.13381,0.016601,0.0956,-0.20127,-0.085898,-0.069397,-0.052668,0.077823,-0.022982,-0.12025,0.011412,0.14161,-0.13889,0.07093,0.078091,-0.062163,-0.016873,-0.26847,-0.025707,0.14062,0.080456,-0.0028608,-0.055011,-0.14978,0.15566,-0.15528,-0.16608,0.12664,0.1354,-0.026038,0.015608,-0.26335,-0.11296,0.12945,-0.39328,0.092174,0.08619,-0.1579,-0.23126,-0.041123,0.0099909,0.046684,-0.10144,-0.11668,-0.063818,-0.16695,0.19094,-0.035012,-0.23263,0.0444,-0.026241,-0.056191,0.07684,-0.0046804,-0.01492,0.14268,-0.083304,-0.058413,-0.2196,0.24143,-0.042798,0.021795,-0.15742,0.15009,-0.073786,0.14453,-0.13013,-0.0085093,0.02666,-0.023526,0.13728,0.027224,0.076013,0.16027,0.14172,0.13096,-0.40997,0.14094,0.23306,0.018436,-0.1522,-0.24937,-0.017004
-0.034271,-0.042603,0.028704,0.1753,0.18021,0.20548,-0.12218,-0.13925,0.1292,-0.042861,-0.093091,-0.056507,-0.16354,0.18586,0.0086833,0.092263,-0.095632,-0.21261,-0.017235,0.0023466,0.091923,0.028009,0.011021,-0.21011,-0.10397,0.015645,-0.010563,-0.08705,0.023621,-0.19604,0.10498,0.024469,0.01254,-0.068026,-0.15493,0.070865,-0.033233,0.12702,-0.0055448,-0.080291,-0.11703,0.021743,-0.23033,0.033688,0.045825,0.34436,0.14734,0.016092,-0.069262,-0.07333,0.023336,-0.062709,-0.020295,0.14011,0.046115,0.085473,-0.010654,0.064997,-0.22332,0.1228,-0.10243,0.062014,0.020153,0.070699,-0.051399,-0.0041997,-0.066619,-0.013365,-0.097525,0.15237,-0.18609,-0.052785,0.25788,-0.12647,-0.063496,-0.067848,-0.072451,-0.059519,-0.0071754,-0.29264,0.22364,-0.091193,0.25014,0.041702,-0.11165,0.16721,0.059129,0.052186,-0.0012291,-0.059728,0.13638,-0.075517,-0.22705,-0.18608,-0.010376,0.12154,-0.031502,0.093828,0.11782,-0.029312
0.091876,0.051704,0.048704,0.30754,-0.018262,0.15465,-0.081054,-0.0068086,-0.028957,-0.071752,0.00043929,0.07751,-0.095475,-0.1619,-0.16335,-0.043829,-0.066709,0.019552,0.085121,-0.0044577,-0.045401,-0.024419,0.1096,-0.22057,0.10033,-0.0053968,-0.028306,-0.083117,0.014106,-0.11163,0.0094503,0.20382,0.088479,0.062309,-0.026571,0.015237,0.20371,0.11656,0.019321,-0.071673,-0.13134,0.22979,-0.14709,-0.082655,0.038466,0.072034,0.087414,0.024106,-0.20202,0.018862,0.024526,-0.35202,0.06927,0.0649,-0.29545,-0.0092721,0.0070831,0.036239,0.02885,0.093677,-0.10546,0.13103,0.078054,0.011468,-0.077931,-0.13335,0.069287,-0.086471,0.063836,0.13461,0.065005,0.032681,-0.010191,-0.15854,-0.073319,-0.10881,0.28739,0.073315,-0.0067791,-0.014737,0.022811,-0.20682,0.024276,-0.2092,-0.10882,0.12668,-0.097822,0.15975,0.19774,0.144,-0.10781,-0.034078,-0.041428,-0.07758,-0.051704,0.20723,-0.039086,-0.028997,-0.1685,-0.035221
-0.0666,0.136,0.051497,0.15164,-0.17694,0.203,-0.0026944,0.16093,0.079062,0.01529,-0.018078,0.075865,-0.04178,0.13339,0.12509,-0.0060977,0.27423,0.0080518,0.0097564,-0.042695,-0.23029,-0.11878,0.023265,-0.07701,0.00065141,-0.012575,0.028287,0.018231,-0.11226,-0.13101,0.16507,-0.1905,-0.090374,0.12287,-0.20556,-0.030447,0.099692,-0.11144,-0.11622,-0.18913,-0.19859,0.11247,-0.018343,-0.16623,-0.062806,0.18295,0.038842,0.09014,0.0068804,-0.1628,0.11078,-0.17185,0.033966,0.08379,-0.15352,-0.14699,0.11944,-0.12483,0.060231,0.055189,-0.0060212,0.066878,0.28496,0.11846,-0.0062176,0.22267,0.25423,-0.19017,-0.13602,-0.0078337,0.0062313,0.13107,-0.054201,-0.092359,-0.083689,0.19515,-0.25025,0.0080898,0.057054,0.0035976,-0.0014816,-0.17706,-0.12443,0.047193,-0.15115,0.008224,-0.071595,0.059644,0.11358,-0.011203,-0.099346,0.0089294,-0.05169,-0.15399,0.085767,-0.19763,-0.054129,-0.046959,0.044565,0.089478
0.038141,0.0022002,0.021445,0.21402,0.010296,0.23087,0.12109,0.023755,0.09609,-0.16956,-0.16159,0.1194,-0.11224,-0.0084759,-0.17652,-0.095124,-0.1866,0.2368,0.10621,0.044803,-0.088608,-0.051493,-0.040303,-0.17617,0.15198,0.034979,-0.04869,-0.2034,-0.07796,-0.11376,-0.060745,0.099385,-0.0055364,0.038023,0.072059,0.049435,0.13862,0.041877,-0.20188,-0.12253,-0.062233,0.083759,-0.12917,-0.19978,0.057606,0.20475,0.078673,-0.13242,-0.24037,0.11597,0.054731,-0.25027,0.11557,0.16235,-0.10259,-0.056337,-0.0071111,0.072557,-0.0083543,0.13294,-0.12372,0.05233,-0.071,0.096298,-0.16356,-0.13345,0.087554,-0.19841,0.14135,-0.040447,0.16521,-0.043724,-0.068313,-0.079532,-0.033973,-0.027535,0.17515,-0.02177,0.20905,0.0064364,-0.0020405,-0.18424,0.10419,-0.11436,-0.050215,0.17547,-0.0073799,0.13523,0.026692,0.14044,-0.019692,-0.028265,0.0003441,-0.15774,-0.047505,0.057983,0.16783,-0.075574,-0.1813,-0.19465
-0.056425,0.086039,0.059133,-0.080537,-0.1239,0.27196,-0.12496,0.14127,-0.067218,0.099839,-0.084147,0.053415,0.080175,0.065038,0.21767,-0.14287,0.21918,0.19435,0.0047603,0.098977,-0.28554,-0.28013,-0.17911,-0.087687,-0.022744,-0.0086216,-0.044101,-0.12792,0.10281,-0.058262,0.15349,-0.0085033,-0.031037,-0.063079,-0.1075,-0.066733,-0.011259,-0.16007,-0.060506,-0.10426,-0.23813,0.037992,0.0035216,-0.31844,0.093987,-0.085771,-0.088792,0.066346,0.03785,-0.1379,0.10154,-0.083038,0.1527,0.1447,-0.055619,-0.079562,0.14438,-0.095608,0.058556,0.033438,-0.071294,-0.070554,0.14347,0.05266,-0.16568,0.08164,0.069499,-0.0098274,0.12845,-0.048594,0.12092,0.097527,-0.036246,0.07147,-0.078649,-0.054626,-0.084109,-0.040527,-0.0679,0.064057,0.012254,-0.23595,-0.065793,-0.071854,0.029699,-0.061002,-0.090876,0.13561,0.026997,-0.10839,0.075866,0.037265,0.080725,-0.2539,-0.066419,-0.23681,-0.046079,-0.0012837,-0.063378,0.10702
-0.030308,-0.015026,-0.037326,0.2173,0.0054512,0.2133,-0.15018,-0.020272,0.084991,-0.20261,-0.18544,0.087712,-0.17719,0.027691,-0.18249,-0.10959,-0.091379,-0.15492,-0.038248,-0.0095051,0.037818,-0.11801,0.010231,-0.21859,0.22393,0.049402,0.059336,-0.15684,-0.0034106,-0.074448,-0.032039,0.18395,0.009932,0.037178,-0.0067225,-0.03159,0.19307,0.078301,-0.09852,-0.095952,-0.037917,0.035613,-0.13723,-0.065545,0.13567,0.061803,0.051229,-0.0037785,-0.29479,-0.019615,0.11154,-0.34124,-0.030268,0.1005,-0.28085,-0.11945,0.0010811,0.087355,-0.059251,0.20809,-0.17996,0.13086,0.050872,0.084527,-0.015536,-0.055779,0.061222,-0.20296,0.090265,0.052185,-0.066872,-0.005724,-0.078672,-0.28559,-0.0071454,-0.1511,0.2301,0.010693,0.18232,0.13009,0.068304,-0.18121,-0.13551,-0.16507,-0.17975,0.082519,-0.054955,0.17662,0.11944,0.064671,0.12784,-0.019541,-0.084833,-0.043129,-0.069945,0.15765,0.032806,-0.00095378,-0.24544,-0.12263
-0.27936,0.022413,-0.17468,-0.10039,-0.14205,0.2116,-0.093023,0.074362,0.15874,0.17275,0.073687,0.25095,0.10725,0.035002,0.15294,-0.012852,0.061527,-0.14763,-0.10779,-0.015605,0.069515,-0.16722,-0.10609,-0.088232,-0.079039,0.058877,0.013765,-0.049374,0.18822,0.044436,0.11252,0.2395,0.15549,-0.17828,0.11697,-0.1004,-0.021703,-0.037432,0.00049377,0.10372,-0.1516,0.056846,0.18941,-0.18287,-0.14201,-0.090676,0.03836,-0.13444,-0.096629,-0.11185,0.007026,-0.15474,0.3161,-0.13902,-0.077162,-0.11638,0.32305,-0.16821,-0.098324,0.04526,-0.002347,-0.35828,0.12532,0.11044,-0.047388,0.33035,0.048487,-0.23518,0.044062,-0.10416,-0.0033913,0.30079,0.1294,0.20867,0.0012883,0.081126,-0.22151,0.17646,0.091889,0.017666,0.013842,-0.10108,0.0091983,0.053216,-0.031996,0.12019,-0.13715,0.19611,-0.0065278,-0.046671,-0.038536,-0.11706,0.20012,-0.16068,-0.088838,-0.11916,-0.14254,0.10094,-0.031813,0.059954
-0.19766,0.1182,-0.22029,-0.1989,-0.10905,0.197,0.16435,0.091985,-0.0070939,0.1311,0.094173,0.00042622,-0.064377,0.085066,0.12412,0.073345,0.0044622,-0.085653,-0.19402,-0.022094,-0.21474,-0.16033,-0.12071,-0.092721,-0.018165,0.032105,0.1679,-0.19967,-0.044517,-0.2134,0.14093,0.19536,0.025927,0.074549,-0.027055,-0.19581,0.064666,-0.10818,-0.21355,0.026385,-0.020436,0.060978,-0.029331,0.20296,-0.036288,-0.00028741,0.10263,-0.050702,0.27281,-0.21199,-0.0065561,0.087096,0.070566,-0.014025,0.12712,0.0067956,0.032959,-0.04067,-0.21406,-0.25311,-0.24769,0.0019721,0.068209,-0.026748,-0.046836,0.022973,0.06373,-0.15193,0.029721,0.01175,-0.089135,0.23102,0.051257,-0.12348,-0.10483,-0.085146,-0.10973,-0.045435,-0.020015,-0.062658,-0.046579,0.096975,-0.17789,0.15288,0.12568,0.08943,-0.12929,0.24934,0.065,-0.12291,-0.14263,-0.052058,0.14035,-0.14126,0.045051,0.14988,-0.0025344,0.1228,0.028446,-0.092272
-0.061661,0.14456,0.052515,-0.040671,-0.037831,0.28605,-0.05285,0.10102,-0.051734,-0.028506,0.04341,0.23356,0.062559,0.13654,0.10513,0.077873,0.033038,0.022636,-0.035621,-0.0117,-0.068114,-0.19614,-0.25049,-0.015598,-0.12129,-0.0065757,-0.083793,-0.13096,0.22158,-0.09475,0.10832,0.0745,0.17922,-0.1582,-0.062565,0.079919,0.1073,-0.1099,0.026772,-0.14039,-0.22224,0.050125,-0.087119,-0.079783,-0.012287,0.12478,-0.11138,-0.0093388,0.14088,-0.073897,0.11681,-0.21762,0.19347,0.12216,0.033898,-0.17515,0.12905,-0.073355,-0.098559,0.0039265,-0.099063,-0.12524,0.027276,-0.022104,-0.12324,0.0247,0.12643,-0.075789,0.083986,-0.015276,0.13503,0.1693,0.032919,-0.017787,-0.16571,0.0094632,0.0031644,0.078733,-0.13521,0.13939,0.072902,-0.23142,0.0016801,0.092156,0.068509,-0.093165,-0.19238,0.10122,-0.17617,0.034529,-0.0845,0.066273,0.00083312,-0.0696,0.0077656,-0.047723,-0.19571,-0.02611,-0.086287,0.021826
0.017195,0.037047,0.012358,0.1476,0.088014,0.1894,-0.14685,0.095036,0.14021,0.10269,-0.10079,-0.12708,-0.08941,0.059623,-0.061576,-0.16465,-0.19471,0.11991,-0.17363,-0.040069,-0.17258,-0.068077,-0.11954,-0.042878,-0.022716,-0.032161,-0.021438,-0.14184,-0.095413,-0.054712,0.011936,0.09551,0.056893,0.018508,-0.10466,0.2651,-0.064586,0.19641,0.10377,-0.22866,-0.06879,0.10075,-0.263,-0.15232,0.011341,0.21385,-0.055282,0.064482,-0.0069066,-0.21534,0.11188,-0.16783,-0.036673,0.1076,-0.14079,-0.0028622,-0.018645,-0.029055,-0.10657,0.13797,0.058613,-0.033748,-0.11896,0.13477,-0.03731,-0.030694,-0.20723,0.17161,0.17482,0.22963,0.10853,0.023637,0.20908,-0.079552,0.082747,-0.086213,-0.1247,-0.1092,-0.020022,0.0074322,0.2913,0.014415,0.094045,0.02216,-0.044576,0.19619,-0.050783,0.10274,0.29305,-0.032826,0.11523,-0.14735,-0.062876,-0.11509,-0.021873,0.07387,0.20935,0.22537,-0.044747,3.9774e-05
0.14982,0.16627,-0.090774,0.21024,-0.12719,-0.084235,-0.10882,-0.02753,0.12672,-0.16377,-0.074909,-0.010245,-0.13663,0.18777,0.08541,-0.14003,0.022315,0.060534,-0.24151,0.083537,-0.016276,-0.23712,-0.045068,-0.13872,0.09294,0.15525,0.08287,-0.25779,0.21367,-0.086264,-0.024013,0.17784,-0.013292,0.10685,-0.12047,0.13786,0.088918,0.046338,-0.0025475,-0.11084,-0.058534,0.083311,-0.024343,0.04778,0.035412,0.041675,0.14317,0.073935,-0.30506,-0.2777,0.00071883,-0.077849,0.086552,0.096507,0.24818,0.10696,0.11002,0.048991,-0.2222,0.23315,-0.092227,0.063897,-0.14235,0.19279,-0.070421,-0.16386,0.085294,-0.10282,0.17449,-0.12072,-0.034052,-0.070546,0.067127,-0.096532,-0.14406,-0.10151,0.059433,-0.11438,0.17134,-0.069484,0.047396,-0.18622,0.23422,0.12471,-0.077753,0.018004,-0.093998,0.15066,0.051653,0.14575,-0.04902,-0.0059343,-0.029529,-0.32232,0.23178,0.18768,0.14131,0.2076,-0.34022,-0.093292
-0.1475,0.097045,-0.095735,0.059379,-0.11859,0.31577,0.20792,0.19409,-0.00040222,0.037459,0.19186,0.05638,-0.027325,0.0557,0.082378,0.036703,0.14008,-0.113,0.021764,0.015942,-0.066695,-0.050591,-0.12314,-0.097252,-0.047315,0.029279,0.035303,-0.21633,0.14466,-0.22618,0.046376,-0.059809,0.041061,-0.14242,-0.13623,-0.0086837,0.0479,-0.098955,-0.095736,-0.096506,-0.25097,0.053365,-0.069353,-0.0087063,-0.077591,0.087686,-0.029045,-0.19402,0.11805,-0.018543,0.026673,-0.20664,0.062673,0.018589,0.082001,-0.058264,0.0998,-0.086707,-0.16089,-0.00027273,-0.084282,-0.096915,0.13913,0.032694,-0.02818,0.10246,0.27004,-0.039091,0.01003,0.009239,0.0093911,0.18214,0.10843,-0.12922,-0.021103,0.029316,-0.17721,-0.08007,-0.011327,0.13115,0.021905,-0.12885,-0.16661,0.062386,-0.022406,0.12396,-0.15195,0.20841,0.062796,0.033026,-0.14994,-0.11468,-0.020653,-0.1574,-0.072234,0.025558,-0.22187,-0.09325,-0.024448,0.010854
0.27067,-0.040801,-0.077134,0.21988,0.14018,0.15558,-0.25082,0.1129,0.30969,0.1516,-0.0058516,0.058701,0.055323,0.020653,-0.036604,0.15576,-0.099592,-0.026263,-0.077062,-0.0008562,0.1157,0.031274,-0.009821,0.0076347,-0.036474,0.19349,0.097671,0.011413,-0.10526,0.0057434,-0.11907,0.14187,0.0019874,0.10326,0.028859,0.18969,0.0015264,0.16157,0.028749,0.0016041,0.012002,0.048265,-0.12412,0.0063893,0.016946,0.30349,-0.048738,0.1306,0.0753,-0.056921,0.082589,-0.26655,-0.085051,0.15286,0.036691,-0.11214,0.17306,-0.08721,-0.076327,0.011146,-0.16067,-0.13735,-0.064942,0.096858,0.076183,0.13235,-0.0014679,0.016186,-0.095235,0.054927,0.040052,-0.061667,0.079516,0.02124,-0.0011185,-0.035531,0.021244,-0.07581,-0.061105,0.094232,0.088898,0.03696,0.14943,-0.024514,-0.011655,0.040927,-0.084892,0.094524,0.04414,-0.12822,0.15578,-0.24463,-0.096573,-0.017624,-0.051541,0.20327,-0.061315,-0.097876,-0.14566,0.023632
0.046537,-0.008853,0.0060258,0.2269,0.049596,-0.065618,-0.27496,0.10317,0.1468,0.29323,-0.017021,0.16376,-0.1189,-0.10691,0.12277,-0.011706,-0.26178,-0.14606,-0.15321,-0.068315,0.011097,0.082899,0.049567,0.014957,0.048405,-0.046369,0.10373,0.02613,0.029586,-0.10897,0.0031199,-0.037865,-0.055931,0.19144,0.029382,0.034646,-0.097046,0.22985,0.0077476,-0.025088,-0.027777,-0.016247,-0.1063,-0.092746,0.21392,0.089006,0.14495,0.0015974,-0.0040341,-0.1662,-0.0046097,-0.097041,-0.10782,0.0097351,0.039764,0.055123,0.011905,0.073027,-0.040652,-0.036972,-0.18852,-0.11371,-0.10532,0.27903,0.24917,0.055627,0.071977,0.020345,-0.17881,0.11569,-0.31519,-0.11609,0.012331,-0.062696,-0.12956,-0.092277,0.045221,0.064116,0.04844,-0.1539,0.074179,-0.034523,0.31554,-0.022642,0.14572,0.074912,-0.094578,0.20038,0.08422,-0.14682,0.11626,-0.1156,0.091449,-0.35207,-0.21256,0.2436,0.13973,0.060995,0.1402,0.14229
-0.055131,0.056034,-0.14578,0.11754,-0.027685,0.10973,-0.18524,-0.023268,0.15621,0.24558,-0.093072,0.11706,-0.15706,-0.13146,0.11847,0.05749,-0.22517,-0.12066,-0.1649,-0.072009,0.0645,-0.061142,0.082873,-0.10218,0.21724,0.29084,0.063712,0.099681,-0.17882,-0.10407,0.15409,0.10231,-0.0035657,0.093695,-0.17065,0.11275,-0.20441,0.17535,0.11724,-0.13119,0.18201,0.18,-0.11312,0.065169,0.049752,0.055811,0.070634,0.089389,-0.039876,-0.11324,0.04422,-0.13692,0.11224,-0.10005,0.064523,0.050046,-0.03174,0.15902,-0.06485,-0.011443,-0.071521,-0.093835,-0.12307,0.23427,0.085128,0.015205,0.053685,-0.053868,-0.061677,0.12214,-0.14637,0.20393,0.22645,-0.11558,-0.18901,-0.12551,-0.055191,-0.0035281,0.058893,-0.1628,0.075895,-0.060031,0.15335,-0.27306,0.025466,0.22094,-0.11488,0.067334,0.15915,-0.10366,0.13128,-0.20702,0.13978,-0.24484,0.035205,0.044516,0.11845,-0.070747,0.017667,-0.0014565
-0.17463,0.068303,-0.19127,0.053852,0.22824,0.01179,-0.12989,0.15427,0.33612,0.11141,-0.089008,0.15427,0.001947,0.0016671,0.011572,0.04543,-0.35833,0.053983,-0.24792,0.071577,0.098087,-0.15601,0.18336,-0.001761,0.12997,0.1919,0.0068022,-0.023445,-0.078048,-0.036958,-0.11595,0.0012846,-0.11435,0.12492,-0.096104,0.20802,-0.18734,0.15784,-0.017252,-0.095489,-0.044002,0.070883,-0.1919,-0.0024688,-0.011398,0.094932,0.065764,0.012379,0.054882,-0.041354,-0.030854,-0.098671,0.069174,-0.04061,-0.010518,-0.0085398,-0.11206,0.17418,0.037377,0.10493,-0.033955,0.10003,-0.013842,0.14312,0.02272,0.1896,-0.0061364,-0.20251,-0.12366,0.083219,-0.017196,0.020585,0.048199,0.076937,0.06361,-0.16204,-0.22419,-0.12961,-0.12219,-0.097401,-0.01821,-0.047564,0.10897,-0.19213,-0.069822,0.17249,-0.061317,-0.022145,0.16988,-0.027292,-0.022199,-0.20555,0.0049385,-0.029801,0.091184,0.18929,0.051378,0.056844,0.11088,0.01232
-0.08294,0.12681,-0.045102,0.15358,0.041517,0.057225,0.053171,-0.031969,0.069054,-0.10682,-0.03775,0.31855,-0.077744,-0.026014,-0.092298,-0.05851,-0.0039728,0.027358,0.027249,-0.023453,0.10846,0.054395,-0.18968,-0.14499,0.098782,-0.044792,-0.0097519,-0.18749,0.15732,-0.096161,0.090494,0.093739,-0.098535,-0.012902,-0.092248,0.11034,0.15957,0.01306,0.061353,-0.034804,-0.13561,0.10238,-0.15096,-0.13285,0.09725,0.16016,0.1663,0.19229,-0.27331,-0.17147,-0.048619,-0.24387,0.092618,0.083239,-0.060059,0.023395,-0.020873,-0.025609,-0.090472,0.015455,-0.0012105,0.13981,0.14172,0.13873,-0.06377,-0.23461,0.11827,-0.0099206,0.12634,-0.002803,-0.082366,-0.1326,0.055822,-0.26405,-0.078168,0.12666,0.18621,-0.011325,-0.02645,0.049706,0.19344,-0.27757,0.072753,0.079411,-0.095391,0.07727,-0.15805,0.073828,0.074094,0.13689,-0.19878,-0.11303,0.0022812,-0.035362,0.19996,0.15596,-0.032005,-0.041182,-0.29302,-0.034678
-0.10943,0.052518,-0.20072,-0.30158,-0.19855,0.10813,0.014921,0.17531,0.10424,0.11131,0.091863,0.18326,0.1405,-0.0015564,0.1808,-0.036358,0.061421,-0.20775,-0.10289,0.054548,0.029302,-0.15658,-0.049825,-0.16806,-0.1229,0.023138,0.018596,-0.091862,0.11687,-0.046955,0.033168,0.1314,0.079362,-0.079175,-0.062008,-0.013664,0.014907,-0.1316,-0.024999,0.064602,-0.27766,0.093156,0.2492,-0.16918,-0.09504,-0.10368,0.1079,-0.0066287,-0.15263,-0.10498,0.0028983,0.0024802,0.18319,-0.20802,-0.027681,-0.17219,0.22007,-0.17715,-0.11921,0.031607,-0.062396,-0.33833,0.041227,0.076647,-0.081339,0.1993,-0.016263,-0.14587,0.05731,-0.22712,-0.12279,0.32168,0.093873,0.065776,-0.030472,0.11287,-0.19282,0.14276,0.20319,-0.12695,-0.064374,-0.10033,0.04048,0.038235,0.02965,-0.050337,-0.15573,0.11005,0.17085,-0.059911,-0.11453,-0.094939,0.12442,-0.17094,-0.086592,-0.17111,0.086682,0.0026498,0.082919,0.12187
-0.058999,-0.015681,0.012178,0.085697,0.042323,0.32884,0.0045331,0.13598,0.015565,0.032478,0.076653,0.11612,-0.027801,0.095259,0.11419,0.028295,0.05096,-0.0493,0.020705,-0.01199,-0.16179,-0.19121,-0.18802,0.051817,-0.15076,-0.010405,-0.062685,-0.19592,0.14166,-0.15044,0.048554,0.050788,0.11608,-0.0075961,-0.072423,0.094403,0.075851,-0.11141,-0.030072,-0.093105,-0.28046,0.068282,-0.050615,0.019004,-0.044662,0.19199,-0.079905,-0.010139,0.10497,-0.081903,-0.019666,-0.15935,0.10276,0.1191,-0.0018436,-0.12025,0.18406,-0.037177,-0.030072,-0.088308,-0.052636,-0.14205,0.12383,-0.0079736,-0.13123,0.079578,0.10367,-0.059457,0.20875,0.01644,0.10011,0.26863,-0.025422,0.024443,-0.12706,0.17153,-0.033717,-0.018724,-0.017406,0.1108,0.032037,-0.13723,-0.0281,0.18212,-0.038878,0.0041199,-0.18619,0.13877,0.0049635,-0.0093715,-0.1268,-0.089414,0.042297,-0.12715,-0.013102,-0.021371,-0.22572,0.01177,-0.099126,-0.014751
-0.15721,-0.017367,-0.38554,-0.054622,-0.11301,0.22906,-0.018335,0.18109,0.19943,-0.026297,-0.12065,0.25998,-0.037246,-0.12441,0.067788,-0.058706,-0.093857,-0.16835,-0.0046479,0.043875,0.2108,0.070197,0.0074427,-0.23594,0.129,0.13546,0.077139,0.018528,0.28402,0.0029376,-0.091636,0.26773,0.054662,-0.11762,-0.12163,-0.0047457,0.023066,0.20438,0.047318,0.040969,-0.20349,0.084027,0.098087,-0.12013,-0.11596,-0.16244,0.1715,-0.0677,-0.37789,-0.090868,-0.0070557,-0.053212,0.23527,-0.058221,-0.083675,-0.090199,0.028606,0.025279,-0.23737,0.13323,-0.1352,-0.15228,-0.23348,0.076444,0.034421,-0.049772,0.017996,-0.14917,0.075624,-0.090777,0.085242,0.11484,0.27001,-0.012423,0.18742,-0.086288,0.056163,0.1386,0.10897,-0.27709,0.2644,-0.19145,0.1742,0.04544,-0.0041679,0.058904,-0.10959,0.14592,0.041883,-0.037932,-0.11122,-0.094344,0.040481,-0.046921,-0.056784,0.23633,0.16302,-0.050344,-0.011548,-0.03895
-0.21236,0.16151,-0.0048742,0.035384,-0.050804,0.24509,-0.041575,0.07818,0.15779,-0.048209,0.094752,0.049053,-0.1308,0.064636,-0.072549,0.039191,-0.047957,-0.15381,-0.067714,-0.027536,-0.10501,0.046221,-0.19969,-0.020527,-0.068514,0.026466,0.054038,-0.22889,-0.067834,-0.036613,-0.055192,0.031584,0.10236,0.14522,-0.002672,-0.029825,0.034535,-0.029962,-0.042922,-0.20465,-0.071797,0.032933,-0.17237,-0.039354,-0.087087,-0.059595,-0.044986,0.066314,0.00060988,-0.15196,-0.00093189,-0.13266,0.096143,0.1746,-0.049034,-0.079968,0.16062,0.0039254,-0.15994,-0.050942,-0.051228,-0.13243,-0.023086,0.062048,-0.046912,-0.03141,0.1159,-0.062319,0.087038,0.082521,0.055302,0.26126,0.1155,-0.016784,-0.14601,0.019793,-0.12131,0.0054776,-0.11223,0.038856,-0.13334,-0.29948,0.0075534,0.045016,0.2894,-0.011627,-0.23536,0.14221,-0.071403,-0.10078,-0.041598,0.0041643,0.081389,-0.11598,0.06313,-0.13469,0.038874,-0.052205,0.038104,0.056831
-0.084777,0.15811,0.023982,-0.067494,-0.17077,0.30812,0.074235,0.1086,0.1298,0.093083,0.019122,0.0098546,0.0037055,0.079811,-0.10358,0.17456,-0.030228,-0.22547,-0.13222,0.25658,-0.18121,-0.13974,-0.1777,-0.16199,-0.057617,0.010286,-0.0060425,-0.013763,0.0013859,-0.13777,-0.0099541,0.15336,0.034867,0.12378,0.071028,-0.009725,-0.098615,-0.08503,-0.082709,-0.24595,-0.10397,-0.050548,0.0076838,0.04673,-0.26702,-0.14063,0.12476,-0.1827,0.076286,0.022747,-0.09473,0.034304,0.10618,0.076351,-0.18383,-0.17969,0.044864,0.081725,-0.10822,-0.017592,-0.017712,-0.10985,0.086,-0.037895,-0.069582,0.029093,0.12643,-0.23923,-0.033352,-0.051362,-0.0098414,0.21992,0.022904,-0.087612,-0.10723,-0.091839,-0.30477,-0.10922,-0.0083306,0.085271,-0.25275,0.13169,-0.099454,0.10772,0.017886,0.019288,-0.052452,0.30792,0.10379,0.042616,-0.0063773,-0.085225,0.057863,-0.16293,-0.011728,-0.15644,0.01183,0.057468,0.063063,0.0014707
-0.095983,-0.08359,-0.10628,0.094451,-0.066838,0.1943,-0.084531,0.059888,0.053755,-0.17565,-0.17596,0.1834,-0.22292,0.039946,-0.095018,-0.08123,-0.11277,-0.11583,-0.061375,-0.0018613,0.061215,-0.082748,0.11335,-0.21677,0.24197,0.051829,0.12292,-0.13122,0.0034634,-0.08466,-0.042712,0.21277,-0.0083614,0.094113,0.066111,-0.007941,0.2068,0.066141,-0.1435,-0.15336,-0.036156,0.072206,-0.18826,-0.058175,0.14254,0.033515,0.09475,0.029348,-0.24564,0.0066108,0.13854,-0.31567,0.1115,0.098301,-0.29312,-0.14921,-0.10202,0.07581,-0.053484,0.21118,-0.15687,0.17179,-0.0026082,0.10682,0.0026433,-0.059728,0.11685,-0.16043,0.053224,0.1124,-0.026118,-0.016349,-0.12989,-0.26101,-0.033811,-0.13045,0.17388,0.075065,0.19142,0.10962,0.097674,-0.20096,-0.069125,-0.19788,-0.14558,0.14013,-0.042597,0.14815,0.1816,0.088231,0.022705,0.018908,-0.13609,-0.070084,-0.066496,0.18356,0.029736,-0.022732,-0.1354,-0.19585
-0.12469,0.088594,-0.066614,0.095797,-0.064524,0.26531,-0.22162,-0.021507,0.25624,-0.048496,-0.15107,0.042512,-0.20808,-0.11966,-0.13743,-0.082804,-0.11888,0.013715,0.065199,-0.020641,-0.080082,-0.068088,0.21211,-0.15793,0.12066,0.15424,0.043851,-0.0057742,0.20547,-0.15512,-0.073285,0.31073,-0.13403,0.05101,0.082915,-0.16045,0.13243,-0.011694,-0.093204,-0.070402,-0.25953,0.078025,0.0074158,-0.16112,-0.11534,0.10094,-0.032413,-0.019474,-0.24017,-0.021262,0.10719,-0.19592,0.13478,0.11553,-0.15984,-0.08825,-0.081818,-0.0039745,0.010859,0.077128,-0.046944,-0.065721,-0.060229,0.16956,-0.057193,0.015116,0.08181,-0.14039,0.16481,0.061315,0.056665,-0.019104,0.0012071,-0.20439,-0.099007,-0.25355,0.12358,0.042534,0.15298,-0.04024,0.078573,-0.26982,-0.060406,-0.20297,0.10474,0.26478,-0.062069,0.052198,0.14552,0.031026,0.048791,-0.015546,-0.11992,0.019551,0.12795,0.086797,-0.12097,-0.071646,-0.14384,-0.16742
0.081545,0.1119,0.11389,0.015791,-0.040778,0.28373,0.00045431,0.24977,0.22002,0.15368,-0.057233,0.18171,-0.16359,0.014046,0.010943,0.14131,0.0054849,-0.039451,-0.12021,0.12121,-0.25939,-0.28905,-0.052492,0.0012619,0.018317,0.013455,0.16054,-0.12294,-0.010612,-0.14347,-0.0928,0.043475,0.09562,-0.04768,0.05898,0.030548,0.13288,0.13847,0.0084034,-0.067698,-0.2674,0.21076,-0.040375,0.037782,-0.083151,0.10099,-0.070621,-0.010167,0.13228,-0.23634,0.1928,-0.12757,0.058955,0.075812,-0.26265,-0.16523,0.073488,0.035977,-0.066701,-0.070163,-0.10894,0.032193,-0.028206,0.052759,-0.21691,-0.089248,0.074567,-0.151,0.12262,0.095687,-0.010743,0.12259,0.093952,-0.12875,-0.12368,0.20256,-0.1122,-0.0065248,0.039213,-0.043176,0.029737,-0.10087,0.0069514,0.19658,-0.19244,-0.1026,-0.15443,0.17465,0.058598,-0.13182,-0.05158,-0.018682,0.034803,-0.19371,-0.10975,-0.025304,0.059597,-0.055918,0.086131,0.027325
-0.037756,0.16947,-0.07962,0.11863,0.17699,0.032101,-0.094361,0.0071052,0.13254,-0.0014073,0.024017,-0.080273,-0.01868,0.15524,0.065973,-0.10579,-0.27877,0.0076876,-0.073921,-0.084765,-0.012591,-0.14688,-0.023106,-0.024866,-0.15456,0.037475,-0.044845,0.074059,0.12881,-0.20136,0.0055795,-0.052503,-0.15227,-0.18539,-0.042825,0.16837,-0.12591,0.11851,-0.0039745,-0.24922,0.062052,-0.0036601,-0.14445,0.048885,0.057189,0.088914,-0.077181,-0.094834,0.046531,-0.17872,0.039811,-0.18585,0.10421,0.15552,0.044266,0.0024442,-0.0011794,0.069366,-0.046615,0.19917,-0.015772,0.13175,0.043876,-0.045287,-0.013117,0.033991,0.02801,-0.025769,-0.061421,0.044804,0.013491,-0.056074,0.16078,0.13594,0.0042679,-0.040901,0.10775,-0.27578,-0.13563,-0.05573,0.035923,-0.251,0.14477,0.15755,-0.053147,0.18269,-0.076504,0.1673,0.086618,0.075357,0.10519,-0.10574,-0.0068376,0.12713,0.19722,0.12792,-0.042492,0.25221,0.079609,-0.082592
-0.017016,0.10206,-0.052052,0.04149,-0.04254,0.21926,-0.1271,-0.08642,0.090212,-0.1114,-0.1841,0.034847,-0.28497,0.11561,-0.023126,0.02458,0.0028408,0.23707,-0.11497,0.044711,-0.10039,-0.13374,-0.043563,-0.22607,0.086527,-0.015567,0.040331,0.083215,0.24949,-0.24589,-0.024301,0.20907,-0.13111,0.15263,-0.086016,-0.10229,0.1199,0.024445,-0.077736,0.044342,-0.28625,0.11431,-0.30529,-0.11828,-0.00059459,0.15657,-0.019297,0.15866,-0.26676,0.043365,0.16621,-0.24357,0.02072,0.1519,-0.23539,-0.1898,-0.012449,0.037619,-0.029133,-0.069535,-0.13974,0.11213,-0.11513,-0.016065,0.02876,-0.021218,0.093053,-0.00067032,0.040525,0.06852,-0.00017056,-0.098267,0.066993,-0.10327,-0.031531,-0.27686,0.20078,0.031004,0.091867,-0.049157,0.3359,-0.15295,-0.024225,-0.11936,-0.058982,0.08089,-0.037911,0.050357,0.19469,0.13094,-0.1,0.099548,-0.20573,-0.18495,0.067617,-0.037587,0.093557,-0.060547,-0.22919,-0.1237
-0.0017064,0.040009,0.067039,0.069699,0.11061,0.15859,-0.070727,0.13765,0.19925,-0.10761,-0.12003,0.032309,-0.093121,0.1917,0.034134,-0.026388,-0.30265,0.12161,0.10299,0.11696,0.0303,-0.081294,0.11971,-0.11367,0.0063036,0.048202,-0.11278,-0.088897,-0.047853,-0.055329,-0.027479,-0.069995,-0.0012967,0.075326,0.11066,0.18182,-0.06783,0.065291,-0.1245,-0.31026,0.043118,0.059892,-0.13664,0.096369,0.12655,0.25399,0.12716,-0.093238,-0.0073416,0.08626,0.053399,-0.18274,0.10278,0.16595,0.019001,0.015067,-0.067765,0.16675,0.044908,0.21195,-0.087328,0.15317,-0.021429,0.11509,-0.14665,0.055564,-0.013352,-0.12341,-0.015802,0.089333,0.020645,-0.013092,0.069669,0.11239,-0.015906,-0.015643,-0.05443,-0.25373,0.067283,-0.13088,-0.032752,-0.10577,0.099429,-0.12789,-0.056001,0.22233,-0.088925,0.013717,0.18293,0.066046,0.14952,0.037738,0.045229,-0.11675,-0.058116,0.10164,0.13295,0.20701,0.039743,-0.037555
-0.044096,-0.040479,-0.061029,0.12577,-0.024822,0.23885,-0.019424,0.063438,0.16412,-0.06088,-0.15026,0.16279,-0.17707,0.052173,-0.083222,0.030337,-0.1148,-0.14627,-0.15828,0.077977,-0.070619,0.042111,0.073256,-0.20259,0.04494,-0.0044602,0.034429,0.072377,0.26637,-0.020272,0.0037215,0.28077,-0.15254,0.20082,0.14427,-0.075832,0.22916,0.11845,-0.19332,0.00043517,-0.22939,0.1145,-0.036605,-0.15739,-0.02118,0.10449,0.11223,0.058115,-0.21141,-0.060527,0.041576,-0.10582,-0.0057916,-0.006433,-0.25971,-0.056057,0.10467,0.0048291,0.037946,0.087839,-0.10614,0.12791,0.060252,-0.058593,-0.2436,0.059308,-0.076748,0.0042259,0.088568,-0.040676,-0.023223,0.13764,-0.053143,-0.1301,0.01043,-0.25885,0.19273,-0.00084398,0.075161,-0.12008,0.11636,-0.21391,0.01101,-0.17545,-0.19879,0.029235,-0.14076,0.1967,0.07936,0.25787,-0.082521,-0.021097,-0.049927,-0.36751,-0.055796,0.074526,-0.099703,-0.060432,-0.12492,-0.16254
-0.040982,0.10819,0.045919,0.089077,-0.14766,0.38512,0.023332,0.26454,0.054533,0.023962,-0.095583,0.15589,-0.17629,0.083511,-0.068822,0.05492,-0.038327,-0.062045,-0.22787,0.10226,-0.14447,-0.061784,-0.066164,-0.026458,-0.062838,0.020461,0.022799,-0.19772,-0.01668,-0.027571,-0.021503,0.065878,0.016186,0.082429,0.01186,-0.18745,0.014833,-0.15036,-0.1283,-0.11726,-0.15689,0.10057,-0.063501,0.16058,-0.09817,-0.00083894,-0.092077,0.066755,-0.21314,-0.24159,0.136,-0.13408,0.023274,0.11942,-0.063309,-0.19769,0.073236,-0.081925,-0.16894,-0.09539,-0.017395,-0.040613,0.19827,0.14122,-0.18233,0.18207,0.11412,-0.057826,0.059671,0.050424,0.15887,0.14713,0.075519,-0.090508,-0.19314,0.063635,-0.20338,-0.16365,0.050212,-0.040242,-0.079618,-0.12792,-0.17255,0.058731,-0.07665,0.041886,-0.12938,0.14632,-0.052789,-0.17156,0.015879,-0.11792,0.0098888,-0.37643,0.045942,-0.058455,-0.11553,-0.031838,0.074614,0.035228
-0.017146,0.12964,-0.12686,0.21851,-0.017139,0.13141,0.065814,-0.11364,0.054822,-0.031555,-0.084728,0.14262,0.010763,-0.049996,-0.10253,-0.08364,-0.13712,0.10575,-9.7431e-05,-0.049375,-0.012491,-0.070641,-0.10828,-0.024803,0.089221,-0.045016,0.015743,0.042536,0.20281,-0.1741,-0.041208,0.14871,-0.061396,-0.13811,-0.051684,0.16866,0.090017,-0.012413,-0.021684,-0.14137,0.046103,0.098145,-0.052195,-0.10806,0.00046179,-0.00042616,0.12917,-0.13003,-0.33612,-0.22467,0.098062,-0.21409,0.075407,0.19129,-0.15132,-0.087319,0.0069013,0.015191,-0.11154,0.078279,0.014038,0.044618,0.0014973,-0.012886,0.0023503,-0.15817,0.13351,0.028848,0.14744,0.074164,0.065061,-0.047699,0.11051,-0.088557,0.14471,-0.035169,0.30969,0.0014355,-0.028014,0.10097,0.14173,-0.32801,0.029226,0.023769,0.0029034,0.062189,-0.032671,0.1311,0.12321,0.15227,-0.090146,-0.083405,-0.017545,0.027689,0.24454,0.19153,-0.12376,0.05472,-0.17618,-0.17
0.16567,0.07322,0.032408,0.11438,0.072487,0.28354,-0.19265,0.048595,0.13617,0.087172,-0.090316,-0.057058,-0.048332,0.045112,-0.14011,-0.33446,-0.046498,0.10221,-0.32481,-0.12128,-0.12875,-0.039471,-0.1375,-0.018762,0.0054475,-0.050105,0.094446,-0.076541,-0.080599,-0.14797,0.066765,0.23463,-0.10003,0.19215,0.071744,0.14927,-0.015183,0.23274,-0.061741,-0.25163,-0.10609,0.072928,-0.34319,-0.041595,0.10218,0.21395,-0.14536,0.099743,0.023641,-0.24129,0.16504,-0.23921,-0.11471,0.094272,-0.067762,0.15489,0.04698,0.01266,-0.030422,0.23209,-0.037388,0.048045,-0.17625,0.076705,-0.0029596,-0.024702,-0.15337,0.045487,0.10049,0.21734,0.11219,0.1473,0.15519,-0.005777,-0.085364,-0.03688,-0.17291,-0.20158,-0.047116,-0.041837,0.06241,0.024075,0.036949,0.06135,-0.12808,0.26872,-0.2565,0.065376,0.057389,-0.0029493,-0.017975,-0.16926,-0.010712,0.10249,-0.14584,0.25066,0.047782,0.14324,0.019546,-0.10568
0.032972,-0.033122,-0.047879,0.09201,-0.043154,0.045003,0.046399,0.087604,-0.12398,-0.18456,-0.07986,0.17328,-0.002937,0.052234,-0.067048,-0.090967,0.0089209,-0.14969,0.072763,-0.041124,-0.052228,0.0056081,-0.12668,0.092964,0.1087,-0.09606,0.13204,-0.016733,0.1479,-0.070852,0.098994,0.1967,0.0084189,0.094132,-0.11676,0.13056,0.18435,0.11203,-0.15894,-0.031261,-0.25943,0.10568,-0.080573,-0.045976,0.058845,-0.011798,0.12359,0.16004,-0.28296,-0.14038,0.098893,-0.16953,0.091056,0.059382,-0.11858,-0.018416,0.021759,0.20598,0.01394,0.16836,-0.1727,0.1589,-0.069046,-0.019477,0.03439,-0.21961,-0.088586,-0.055414,0.19703,-0.0056227,0.018036,0.013466,-0.065485,-0.20544,0.031505,0.057648,0.26319,-0.10246,0.024482,0.042711,0.1912,-0.11031,-0.063829,-0.21414,-0.187,-0.012657,-0.00068141,0.055734,0.28093,0.051622,-0.16658,-0.044965,-0.035206,-0.1734,-0.15474,0.17078,0.12655,-0.017568,-0.1043,-0.10686
0.057527,0.1148,-0.1479,0.26434,-0.024286,0.016717,0.055242,-0.14705,0.16612,-0.041345,-0.091733,0.13717,-0.12308,-0.075253,-0.12437,-0.033295,-0.079772,0.14813,-0.17053,-0.065053,0.035244,-0.097179,-0.1196,-0.053321,0.19514,-0.0365,-0.03981,-0.099362,0.010161,-0.041266,0.087325,0.13003,-0.14961,0.19098,-0.16032,-0.068567,0.065055,0.2612,-0.14958,-0.060595,-0.083661,0.2158,-0.10346,0.0021778,0.093281,0.20034,0.16719,0.0046156,-0.25719,-0.18609,0.14681,-0.31138,0.10075,0.0058177,-0.23312,-0.017916,-0.011853,-0.10424,-0.076661,0.14588,-0.21733,0.113,0.12098,0.052387,0.071664,-0.028537,-0.05733,0.025116,-0.0073152,0.11376,0.082852,-0.073114,-0.033616,-0.1896,-0.034914,-0.025241,0.04756,0.071535,0.071242,-0.084851,0.13215,-0.19212,-0.024991,-0.004949,-0.033568,0.085552,0.072395,0.20872,0.093336,0.20197,-0.15692,-0.14303,-0.035625,-0.16824,0.19387,0.21467,0.071343,-0.087844,-0.081702,-0.01055
-0.050961,0.14439,-0.033094,0.34801,-0.043262,0.065011,-0.048327,-0.060814,0.10142,0.017967,0.030579,0.098166,0.073223,0.06571,0.0062623,-0.11538,-0.11752,0.050872,-0.057763,-0.085315,-0.060927,-0.094582,-0.2033,0.068738,0.090374,-0.036434,0.00031204,0.064009,0.23972,-0.18697,-0.037668,0.017406,-0.14552,-0.16423,-0.070833,0.13826,0.096021,-0.014805,-0.12984,-0.10455,-0.10865,0.15106,-0.031878,-0.016402,0.083303,-0.073329,0.034551,-0.10604,-0.29328,-0.17756,0.048184,-0.17099,0.11421,0.14753,-0.15284,-0.14496,0.053066,0.0034887,-0.09275,0.1191,-0.0028847,-0.064263,0.037289,-0.0084771,0.0049918,-0.20236,0.18899,0.026592,0.163,0.0034713,0.051982,0.082419,0.12087,-0.07222,0.10018,-0.077111,0.27973,-0.045228,0.01343,0.059711,0.13783,-0.28522,-0.046432,0.13684,-0.006516,0.10162,-0.070341,0.19398,0.074074,0.22308,-0.044121,-0.060449,0.019475,-0.022969,0.21286,0.16917,-0.082401,-0.046361,-0.19574,-0.1364
0.19051,0.23924,-0.12349,0.074592,0.049891,0.091522,0.099895,0.16284,0.079186,0.015029,-0.21926,0.05071,-0.27287,0.084076,-0.093285,0.0029583,0.075741,0.1949,-0.18763,-0.11104,-0.0023354,-0.080319,-0.018781,0.044036,0.03921,0.069392,0.073411,-0.066811,-0.0038253,-0.12492,0.073553,0.086415,-0.21721,0.30216,-0.13446,0.083205,0.27084,0.22228,-0.11715,0.043807,-0.17429,0.031874,-0.077404,-0.16417,0.24353,0.40447,0.19223,0.15352,-0.25349,-0.18228,0.089968,-0.21288,-0.24218,0.061145,-0.006834,-0.18026,0.024539,-0.068661,-0.1956,-0.14112,-0.26528,0.14755,0.0072638,0.061939,0.12141,-0.18278,0.061101,-0.12123,-0.059272,0.2161,0.021669,-0.012278,0.1447,-0.11,0.022748,-0.24614,0.18878,-0.028624,0.11284,-0.24383,0.47434,-0.1308,0.037632,-0.226,-0.17434,0.12987,0.056454,0.27571,0.26566,0.050906,0.11942,-0.040691,-0.044793,-0.31929,0.14852,0.018237,0.044449,0.051861,-0.15407,0.023381
-0.17286,0.072549,-0.1059,0.060327,0.0088399,0.061224,0.07248,0.12575,0.085648,0.17223,-0.20561,0.25946,-0.26227,-0.12245,-0.16822,-0.034885,-0.15285,-0.28374,-0.11993,0.059307,-0.030265,-0.095608,0.012382,-0.077685,0.20424,0.0044449,0.066693,-0.0233,0.072272,-0.093463,-0.10325,0.14658,0.096623,0.076739,0.018147,0.10014,0.096104,-0.024128,-0.2687,-0.14799,0.0077932,0.16074,-0.19401,-0.13058,0.094445,-0.0743,0.1475,-0.0053183,-0.27627,-0.20671,0.09231,-0.1039,0.18881,0.1217,-0.18346,-0.20621,-0.13642,-0.11551,0.063227,0.09434,-0.23698,-0.12724,-0.11011,0.024279,-0.068167,-0.055976,0.042258,-0.1304,0.082513,0.036613,0.081799,0.06119,-0.17122,-0.12806,-0.069557,-0.041611,0.11385,0.056352,0.15564,-0.055082,0.036539,-0.29276,-0.03743,-0.26181,-0.186,0.22388,-0.131,0.057496,0.21645,0.09114,0.066435,-0.065261,-0.098655,-0.22634,-0.033241,0.15859,0.18819,-0.16369,0.015324,-0.2797
0.12967,0.094858,-0.068857,0.048425,0.10323,0.094319,-0.13291,0.05213,0.087448,0.082148,-0.061689,-0.065944,-0.16333,0.25171,-0.016305,0.090456,-0.15473,-0.0028713,-0.085923,0.1565,0.066855,-0.15989,0.010977,-0.036391,-0.12141,-0.00015762,-0.11394,-0.028421,-0.011382,-0.099608,0.013603,-0.059985,-0.096004,0.035123,0.0026048,0.1639,-0.11263,0.067663,0.079846,-0.32045,-0.10357,-0.10305,-0.17078,-0.056777,-0.048475,0.22195,0.14729,-0.10233,0.049977,0.037141,-0.0070734,-0.10357,0.020621,-0.037551,-0.046658,0.053675,-0.018986,0.33846,0.083753,0.058845,0.031752,0.26937,0.11599,0.12223,-0.202,-0.013364,-0.15649,-0.24935,-0.08232,-0.11155,-0.07949,-0.13031,0.19436,0.177,0.14363,-0.29224,-0.074845,-0.21135,-0.08607,-0.16773,0.079338,0.017079,0.12426,-0.048393,-0.08341,0.043842,0.022754,0.092781,0.13499,0.035204,0.087077,-0.10304,-0.03173,-0.027097,0.060336,-0.059189,-0.15825,0.21672,0.054803,0.022961
-0.038424,0.13976,-0.074688,0.21114,0.03143,0.17789,-0.032515,-0.098539,0.086446,0.034615,-0.027259,0.04751,-0.035445,-0.12236,-0.1161,-0.16897,-0.27275,0.060978,0.053972,-0.13286,-0.035208,-0.013424,-0.096487,-0.0033348,0.09757,-0.06564,0.0032461,-0.023321,0.18139,-0.13609,0.020501,0.17706,-0.080206,-0.075247,-0.038225,0.073373,0.11564,0.049606,-0.023795,-0.13916,-0.025549,0.14814,0.061019,-0.19955,0.028622,-0.062206,0.13137,-0.08253,-0.20208,-0.16887,0.044462,-0.27214,0.1102,0.15326,-0.092698,-0.10495,-0.011191,0.084921,-0.16078,0.18844,-0.014524,0.056137,-0.033529,0.050337,-0.019518,-0.14659,0.19351,0.04543,0.17186,0.014775,0.17928,0.03548,0.13818,-0.14319,0.15508,-0.12329,0.27745,0.023329,-0.0093682,0.060012,0.14728,-0.25963,0.0030174,-0.12552,-0.085773,0.024617,-0.10253,0.11946,0.044079,0.11863,-0.0088022,-0.032786,-0.041812,0.046113,0.19931,0.099395,0.0032069,-0.0048482,-0.16337,-0.14937
-0.046089,-0.021249,-0.043214,0.069607,-0.016824,0.28048,-0.11668,0.030319,0.072056,-0.20957,-0.15346,0.12303,-0.24538,-0.04768,-0.12242,-0.049531,-0.13999,-0.14337,-0.024813,-0.057828,0.057547,-0.033287,0.1135,-0.17165,0.27157,0.11879,0.13939,-0.17397,0.026796,-0.13179,0.035388,0.1763,-0.0037358,0.054506,0.035288,-0.13306,0.20024,0.037211,-0.13128,-0.099617,-0.089323,0.12066,-0.12159,-0.12089,0.10129,0.080731,0.087093,-0.015829,-0.23295,-0.042634,0.1246,-0.30772,0.091208,0.061929,-0.25929,-0.11048,-0.033339,0.069685,-0.010646,0.19192,-0.085122,0.10089,-0.003965,0.10674,-0.036562,-0.090649,0.16025,-0.16942,0.10596,0.025928,0.018735,-0.0015225,-0.012644,-0.28554,0.020396,-0.090032,0.11427,0.0093364,0.11759,0.11277,0.049146,-0.16755,-0.098955,-0.17621,-0.098202,0.07176,-0.1076,0.11372,0.18141,0.060135,0.081595,-0.0041194,-0.079736,-0.052491,-0.065387,0.15326,0.11475,-0.011706,-0.2273,-0.10202
