0.0083359,-0.0038277,-0.12953,0.013793,0.1563,-0.029156,0.061186,-0.026206,0.13741,-0.16812,-0.090721,-0.01209,-0.13999,-0.11971,-0.067658,-0.074338,0.029911,-0.033863,0.059895,-0.12907,0.095812,-0.14514,0.049036,-0.14727,0.15469,-0.050699,0.030707,-0.057394,0.090392,-0.20065,0.11944,0.19283,-0.15323,0.083544,-0.13721,-0.11995,0.099972,0.080534,-0.12579,0.13251,-0.10577,-0.071059,0.088874,-0.043617,0.064734,-0.064768,0.18828,0.12188,-0.11705,0.0407,0.12097,-0.24921,0.033032,-0.003868,0.002255,0.071461,0.17087,0.042982,0.073123,0.33614,-0.057812,-0.0053345,-0.013671,-0.044549,0.069352,-0.070462,0.23614,-0.01808,0.12623,-0.089801,-0.010436,0.0023539,-0.050496,-0.23379,-0.034735,-0.068669,0.21212,0.056184,-0.099506,-0.06625,0.13127,-0.16508,-0.071114,-0.12289,0.04277,0.031667,-0.17741,0.21474,0.16165,0.25427,-0.094977,-0.00040382,0.023243,-0.09993,0.091257,0.0058039,0.027687,-0.13695,-0.14833,-0.10115
0.032997,0.030437,-0.065874,-0.17834,0.081214,0.041063,0.086051,0.082237,0.023192,-0.27359,-0.11216,0.16398,-0.18918,-0.051145,-0.044098,0.050513,-0.053008,0.020868,0.12279,-0.17082,0.013473,-0.19024,0.0042708,-0.029528,0.13752,-0.095337,0.10636,-0.068379,0.09275,-0.2204,0.032708,0.18783,-0.0092871,-0.020501,-0.091535,-0.0082221,0.12596,0.086307,-0.026172,0.027166,-0.16759,-0.099025,0.0089852,-0.0021446,0.012866,0.072053,0.12634,0.23499,-0.072518,0.069312,0.16672,-0.1631,0.13934,0.021884,0.065085,-0.047552,-0.012944,0.083903,0.070807,0.28329,-0.17675,0.17711,-0.11271,0.0011295,0.0012869,-0.14197,0.091719,-0.12345,0.18602,-0.06967,-0.061663,-0.081643,-0.038879,-0.25915,-0.10314,0.020181,0.30281,0.18036,-0.036811,-0.090714,0.082519,-0.10458,-0.074362,-0.2261,-0.056137,-0.165,-0.16774,0.13224,0.093103,0.13124,-0.10097,0.092437,0.071823,-0.0057276,0.15337,-0.097012,0.062167,-0.21544,-0.092639,-0.047553
-0.092339,-0.025038,-0.051468,0.10633,-0.009825,0.19024,-0.14912,0.097521,0.096791,-0.21168,-0.13167,0.12905,-0.18646,0.051809,-0.093051,-0.012965,-0.087021,-0.13902,-0.029684,-0.034134,-0.023468,-0.031877,0.1028,-0.18305,0.22572,0.10272,0.17323,-0.09279,0.016239,-0.11075,-0.097463,0.17114,0.042264,0.011445,0.072518,-0.096376,0.25246,0.011979,-0.1548,-0.11197,-0.12971,0.12,-0.21585,-0.016861,0.16798,0.031818,0.027791,0.041472,-0.22801,-0.045245,0.16085,-0.1793,0.11916,0.12573,-0.24063,-0.1251,-0.052903,0.050228,-0.0039159,0.27325,-0.08855,0.077943,-0.031004,0.098287,-0.024845,-0.098397,0.15476,-0.11125,0.10565,0.060583,-0.03354,0.043673,-0.03008,-0.24228,0.018755,-0.085695,0.13404,0.025166,0.14981,0.01833,0.098009,-0.22186,-0.060986,-0.11861,-0.08455,0.11711,-0.040552,0.19079,0.17379,0.15338,0.055305,-0.0009548,-0.068649,-0.081705,-0.056046,0.14056,0.03276,-0.072417,-0.19309,-0.15013
0.074277,0.030128,-0.12065,0.19792,-0.062041,-0.061171,-0.10316,0.05222,0.16064,0.18611,-0.062592,0.015846,-0.056159,0.24863,0.17651,0.11039,0.18052,-0.15337,-0.25704,-0.05663,-0.043005,-0.064627,-0.098281,-0.040838,0.1359,-0.090356,0.10661,0.066192,-0.04813,-0.12032,0.16136,-0.16762,0.15867,0.066965,-0.058301,-0.072063,-0.078178,0.042095,-0.042101,-0.095604,0.049588,0.10475,0.15312,0.009196,-0.064597,0.14186,0.036259,0.016986,0.191,0.055481,0.18752,-0.13202,-0.044014,0.1016,0.14769,0.022617,0.068672,-0.074335,0.099727,0.25717,-0.11098,-0.17824,0.072441,-0.18642,0.087535,0.22005,0.27904,-0.13088,0.033434,-0.047673,-0.079573,-0.096431,0.034236,-0.04871,-0.092678,0.085778,-0.18778,0.069077,-0.020005,-0.2002,0.0084832,0.0060883,-0.19128,0.27377,-0.15931,0.12567,-0.089744,0.15398,0.20234,-0.011955,-0.16825,-0.20256,-0.055345,0.018396,0.1356,-0.087661,0.13043,0.00025075,0.049617,0.071466
-0.085808,-0.10245,-0.12549,-0.075688,-0.041618,0.075105,0.24379,0.14726,0.1378,0.099389,0.023043,-0.029055,-0.029848,0.18569,-0.076641,0.026186,0.24618,-0.024872,-0.054631,-0.086,-0.041919,-0.049169,-0.00067243,-0.16356,0.043764,0.022351,0.059666,-0.012791,0.085263,-0.1439,0.21437,0.042763,0.05186,0.060268,-0.2841,0.016901,-0.017818,-0.086291,-0.086278,-0.1074,-0.2352,0.047206,0.1543,0.032655,-0.1355,0.10043,-0.097954,-0.12493,0.066882,-0.075634,-0.059192,-0.14931,-0.051661,0.021976,-0.052704,0.059107,0.038324,-0.064857,0.071972,0.19892,-0.14472,-0.15606,0.084218,-0.22309,0.10929,0.10715,0.13179,0.0091507,0.027974,-0.017739,-0.16192,0.16086,-0.14496,-0.051506,-0.060423,0.13819,-0.28009,0.013374,0.015316,0.066421,0.050217,0.078764,-0.24528,0.031701,-0.091857,0.010454,-0.25886,0.088241,0.2234,0.10643,-0.21716,-0.13495,-0.16213,-0.041608,0.11146,-0.2081,0.073625,0.026561,-0.0015142,0.064675
-0.014729,0.090329,0.071066,0.067815,-0.053684,0.052507,-0.07828,0.17679,0.050475,-0.11464,-0.23826,0.33254,-0.14717,0.12285,-0.066162,0.037123,0.076515,0.18802,-0.067281,-0.31308,0.063048,0.15193,-0.035103,-0.098202,0.092881,0.00039121,0.1661,0.0069325,0.13925,-0.14664,0.16963,0.16338,-0.086345,0.07722,-0.071788,-0.047223,0.12188,0.25918,0.043157,-0.24131,-0.16318,0.071473,-0.24238,-0.034434,0.10312,0.26649,0.14641,0.1648,-0.28007,-0.35664,0.017056,-0.12156,-0.066019,0.014724,-0.20051,-0.088774,-0.16146,-0.068811,-0.010797,-0.056186,-0.063134,0.010119,0.0062216,0.20208,0.069575,-0.23431,0.018526,-0.095599,0.16268,0.13916,0.0035342,-0.17396,0.16818,-0.25946,0.14136,-0.11739,0.32946,0.0041994,0.012225,-0.22575,0.28067,-0.32509,0.1886,-0.14671,-0.045367,0.01141,-0.011435,0.11903,0.21532,0.023344,-0.030466,-0.020629,-0.089818,-0.33061,0.27821,0.16662,-0.018847,0.041855,-0.21974,-0.0074113
0.051171,0.014083,-0.15659,0.041054,-0.037586,0.20535,0.034181,0.043586,0.081519,-0.19689,-0.20732,0.14968,-0.048081,-0.089118,-0.15719,-0.0017826,-0.085007,-0.0047194,0.02411,0.10581,0.0012925,-0.11812,-0.039329,0.0013512,0.23044,-0.011262,0.010207,-0.1249,0.08874,-0.16215,-0.13387,0.19599,0.0029916,0.15375,-0.12759,0.13396,0.19468,0.18336,-0.0856,0.014596,-0.13377,0.024107,-0.1819,-0.18248,-0.039147,0.090192,0.21959,0.24752,-0.21978,-0.004209,-0.022631,-0.1391,0.11161,0.00026398,-0.12503,0.0078518,-0.034192,-0.024037,-0.14832,0.033722,-0.23538,0.25956,-0.056368,0.043657,-0.0026413,-0.0028548,0.14274,-0.06815,0.10394,-0.025048,0.028134,-0.04563,-0.030832,-0.18813,0.031113,-0.21083,0.27614,-0.036852,0.092908,-0.02289,0.20688,-0.12323,-0.12365,-0.054492,-0.06968,0.13529,-0.1351,0.14525,0.067007,0.05356,0.1226,0.070265,-0.09827,-0.085008,0.010992,-0.025888,0.25442,0.03717,-0.12081,-0.1961
-0.012436,0.1949,-0.12154,0.23304,0.24003,0.026227,-0.15386,0.16275,0.10124,-0.035577,-0.039246,0.056949,-0.14643,-0.019081,0.095112,0.0036544,-0.19171,-0.11836,-0.21153,0.094578,-0.12772,-0.028025,-0.092083,-0.070865,-0.078394,0.043281,0.18503,0.010714,-0.083104,0.042086,0.030534,-0.097617,-0.093886,0.012457,-0.11692,0.2031,-0.080142,0.17993,0.073523,-0.11814,-0.051651,0.21218,-0.20157,0.029259,-0.10657,0.079785,0.11144,0.008395,0.1525,0.050144,-0.091463,-0.24265,0.23553,-0.080091,-0.10484,0.049321,-0.22922,0.013851,-0.12232,0.052973,-0.097612,0.024832,0.037935,0.10267,-0.11587,-0.0091764,0.17513,-0.093557,-0.058616,0.0069713,-0.12504,0.082251,0.066717,0.052702,-0.0651,-0.01423,-0.15532,-0.14468,-0.16348,-0.11386,0.043443,0.045744,-0.03307,0.15371,-0.2128,0.2798,-0.127,0.21958,0.25222,-0.015332,0.14024,-0.17401,-0.074302,-0.058434,-0.037221,-0.035805,0.19026,0.14727,-0.047935,0.077016
0.037076,0.15683,-0.03886,0.22155,-0.032188,0.1453,0.063158,-0.049169,0.17217,-0.016674,-0.025168,0.047003,0.044396,-0.029587,-0.060849,-0.12683,-0.14165,0.080218,0.066163,-0.069208,0.082365,-0.14042,-0.17576,0.0071572,0.12119,-0.053602,-0.041747,-0.0013393,0.25923,-0.1429,-0.0084467,0.10876,-0.04862,-0.12299,-0.12447,0.14187,0.070908,0.015085,0.020403,-0.14729,0.011972,0.10894,-0.13494,-0.11385,0.041904,-0.052627,0.036607,-0.081154,-0.28408,-0.23134,0.081745,-0.2015,0.037078,0.13655,-0.094671,-0.2013,0.06485,0.054458,-0.05151,0.044481,0.087946,0.088093,-0.02748,0.071947,-0.01177,-0.23712,0.089285,0.13439,0.1883,-0.037102,-0.035333,-0.041673,0.087912,-0.14556,0.23769,-0.18871,0.20085,-0.013598,0.011142,-0.046184,0.22284,-0.20514,0.0055276,0.086314,-0.031798,0.11658,-0.04105,0.097884,0.088144,0.1481,0.0071779,-0.1133,0.0028047,0.042091,0.21423,0.14193,-0.076606,-0.057498,-0.18151,-0.1536
0.0159,0.048077,-0.02466,0.29235,-0.045884,0.097824,-0.0049187,-0.0094328,0.20427,-0.13155,-0.066765,0.096683,0.025308,-0.09297,-0.064955,-0.047163,-0.11279,0.13531,0.12657,0.11445,0.0053639,-0.080039,0.05185,-0.11759,0.15328,-0.037567,-0.13142,-0.13842,0.086613,-0.20018,-0.043223,0.2356,0.12402,0.00076961,-0.20984,0.059559,0.12292,0.16752,-0.042257,-0.13505,-0.1187,0.03821,-0.14721,-0.16013,0.044096,0.18888,-0.023681,0.00081998,-0.2617,0.0043529,-0.0088254,-0.20941,-0.0717,0.10178,-0.20049,-0.097672,0.041055,0.014179,0.0080135,0.14555,-0.13607,0.056056,-0.062191,0.029043,-0.10763,-0.14001,0.0071823,0.017091,0.18575,0.1606,-0.085884,-0.10289,0.10516,-0.18637,0.16502,-0.073023,0.28167,-0.068801,0.084748,-0.081406,0.079021,-0.16793,-0.003407,0.014266,-0.12094,0.17581,0.050754,0.086126,0.13617,0.19991,-0.046277,-0.11144,-0.078163,-0.27049,0.1136,0.10976,0.069196,-0.069858,-0.33183,-0.036018
-0.044102,-0.02879,0.0042514,0.12101,-0.023451,0.22462,-0.17752,0.0091972,0.092527,-0.18708,-0.14973,0.091903,-0.18161,-0.019706,-0.13798,-0.10291,-0.12308,-0.14175,-0.036853,-0.038847,0.01372,-0.069651,0.054554,-0.19895,0.20234,0.039164,0.14326,-0.14926,0.011046,-0.092076,-0.020843,0.16501,0.0071106,0.046419,-0.0071224,-0.10578,0.23682,0.078041,-0.12601,-0.062996,-0.083666,0.13788,-0.13065,-0.045928,0.16368,0.0017759,0.051996,-0.0021631,-0.2383,-0.035396,0.10841,-0.27327,0.027759,0.07102,-0.27074,-0.12573,-0.070292,0.082671,-0.025207,0.22067,-0.11233,0.089284,0.0068361,0.13548,-0.03249,-0.064775,0.099448,-0.18675,0.092623,0.071078,-0.068401,-0.0053149,-0.033197,-0.31566,0.025796,-0.10937,0.19145,0.036428,0.14838,0.06946,0.091869,-0.17604,-0.056481,-0.15705,-0.094944,0.088566,-0.036746,0.15725,0.16608,0.084074,0.091983,0.019762,-0.073959,-0.11138,-0.050384,0.10418,0.02987,-0.034447,-0.25256,-0.083397
-0.0084821,0.077801,0.068,0.18034,0.13233,0.079093,-0.082756,0.078994,0.098164,-0.067272,0.02842,0.042522,0.032391,0.089667,-0.060292,-0.14646,-0.23783,0.033476,0.093929,0.10734,-0.033169,-0.051877,0.23876,-0.17308,-0.15641,0.06,-0.10487,0.0048236,0.08045,-0.048057,0.039423,-0.0029095,0.032295,-0.00050111,-0.053688,0.075819,-0.079036,0.18974,-0.015656,-0.17984,0.048459,0.1623,-0.25973,0.10123,0.10935,0.20405,-0.14005,0.018582,0.10775,0.028782,-0.056871,-0.21245,0.040457,0.15654,-0.15773,0.016422,-0.039499,0.069885,-0.046113,0.12668,-0.060654,0.1401,0.043371,0.020332,-0.12654,0.075085,-0.021932,-0.064214,-0.045694,0.13703,0.033179,-0.086779,-0.044641,0.093132,-0.099307,-0.13802,0.073393,-0.1758,0.0030936,-0.063908,0.014882,-0.022082,0.022742,-0.05659,-0.12702,0.17799,-0.17936,0.11679,0.20368,0.05189,0.17708,-0.087863,-0.02253,-0.073099,-0.081267,0.17753,0.10775,0.30496,0.071571,0.074138
0.045795,0.10178,0.011948,-0.05102,0.15592,-0.041492,-0.062723,0.10566,0.2178,-0.11612,0.19336,0.059329,-0.30422,0.051848,-0.0088227,0.068955,0.15261,-0.022042,0.0019004,-0.02832,-0.14905,0.20995,0.12412,0.034674,-0.077142,0.19695,0.12744,-0.092968,0.035531,0.079872,0.09935,0.14189,-0.10976,0.00093956,-0.12755,0.21174,-0.0064094,0.24229,-0.062533,8.5339e-05,-0.00012457,-0.094505,-0.22007,-0.077097,0.05809,0.24925,0.17406,-0.035441,0.20098,0.056122,-0.12517,-0.040443,0.029047,0.073357,0.052888,-0.12382,-0.069508,-0.07038,0.033458,0.12814,0.16977,0.17498,-0.085104,0.10916,-0.12489,0.090717,-0.0068382,0.1074,-0.16832,-0.0092056,-0.025214,-0.025475,0.15152,-0.030334,0.051639,0.11437,0.028708,-0.024565,0.20809,-0.071294,0.13064,-0.078521,-0.037152,-0.12413,-0.14141,-0.022825,0.080357,0.22567,-0.041296,-0.14124,0.21478,0.090037,0.087865,-0.24709,0.22032,0.18893,-0.1839,0.099132,-0.13336,0.07992
-0.02535,-0.034289,-0.1621,-0.0053847,0.087097,0.14166,0.06759,0.07831,0.061755,-0.11076,-0.25457,0.27141,-0.19264,-0.01316,-0.19266,0.10334,-0.26777,-0.11597,0.10019,-0.24873,-0.066646,-0.19781,-0.00018264,0.070747,0.18049,-0.0058427,0.25199,0.052921,0.07185,-0.13232,-0.0024118,0.33607,0.031356,0.052333,0.0033168,-0.011955,0.16299,0.059584,-0.024279,0.052683,-0.037854,0.065219,-0.01967,0.062846,0.062064,-0.032904,0.18654,0.023135,-0.047477,-0.00057785,0.15774,-0.16076,0.253,0.13618,-0.07169,-0.061019,-0.19269,-0.0040567,-0.07744,0.22172,-0.13362,0.18732,-0.13222,-0.0019793,0.064645,0.0067905,0.031139,0.044335,0.14016,0.058203,0.033886,0.014854,-0.0026362,-0.231,-0.058732,-0.035308,0.25634,0.22592,-0.050629,0.013525,0.11612,-0.046782,-0.0039746,-0.17475,-0.23121,-0.057705,-0.17536,0.090692,0.069777,0.21909,-0.10199,0.060796,0.13777,-0.1735,0.0087778,-0.020268,0.0082891,-0.1177,0.010668,-0.077199
-0.055895,-0.072352,-0.34057,0.14139,-0.12382,0.091084,-0.18199,0.18999,-0.11721,0.10135,-0.001914,-0.26778,0.12572,-0.0059445,-0.15027,-0.13844,-0.067065,-0.23342,-0.012939,-0.21416,-0.25093,-0.17729,-0.017058,-0.21314,0.20979,0.15018,0.28559,0.0015142,0.061464,0.21211,-0.15046,0.21824,-0.062192,0.20035,0.09354,-0.24869,-0.082455,0.22499,0.017994,-0.08315,-0.19194,0.13234,-0.039317,0.15612,-0.1262,-0.15534,0.22577,-0.10343,-0.087436,-0.24494,-0.027718,0.18312,0.20322,-0.13434,-0.15488,0.15523,-0.034215,0.019155,-0.014851,-0.083027,0.068369,0.13059,0.13273,0.12498,0.15731,0.093062,-0.0097128,-0.069529,-0.070761,-0.050136,0.012911,0.18784,0.011704,0.24826,-0.016896,0.16878,-0.46003,-0.28081,-0.15085,-0.12269,0.10165,0.13098,-0.068703,0.17168,0.15551,0.29082,-0.29691,0.14471,0.016508,0.15239,-0.025912,-0.10235,0.089694,-0.015272,0.019865,0.088199,0.17585,0.065581,-0.17828,-0.35136
0.022722,-0.035211,-0.038185,0.065246,0.00060516,0.14438,-0.18563,-0.029151,0.067407,0.032643,-0.20247,0.092851,-0.18596,0.0010126,0.065304,-0.097354,-0.1434,-0.073033,-0.091493,-0.16429,-0.1398,-0.22767,0.034565,-0.13729,-0.12877,0.21301,0.040707,-0.10183,0.12839,0.020635,-0.076683,0.33582,-0.065443,-0.0037952,0.064576,0.055851,0.079742,0.18221,0.13785,-0.086444,-0.17071,-0.10004,-0.11128,-0.13967,0.10396,0.16328,0.13319,-0.026713,-0.083177,-0.1273,0.059885,-0.16876,0.26996,0.1628,0.0071614,-0.096398,-0.077308,-0.024864,-0.088327,0.25737,-0.07961,-0.024866,-0.077642,0.10902,0.073254,-0.10558,-0.093881,-0.14542,0.32148,0.11286,0.094738,-0.030497,0.034607,-0.10834,-0.12043,-0.15828,0.12935,-0.021217,0.043412,0.060941,-0.039451,-0.098552,0.1209,-0.2749,-0.2726,0.098559,-0.060114,0.080678,0.087178,0.23878,0.16544,-0.009346,0.021559,-0.058044,0.097886,-0.039184,-0.11608,0.0030977,-0.13712,-0.063362
0.15837,0.012127,0.06473,0.017584,0.088758,0.033798,-0.016256,0.2626,0.023285,0.014248,-0.16346,0.16865,-0.36765,0.015372,-0.053757,-0.032302,-0.019876,0.035975,-0.11758,-0.32272,0.11253,0.060992,0.0091415,-0.16557,0.10063,-0.070061,0.16484,0.064804,0.14458,-0.29642,0.15387,0.15162,-0.19932,0.26248,-0.16232,-0.17139,-0.0061826,0.1462,-0.11387,-0.29649,-0.063324,-0.053909,-0.007203,0.014642,0.13135,-0.019736,0.13507,0.16968,-0.13735,-0.055045,0.094619,-0.19681,-0.056441,-0.023507,0.051037,-0.08288,-0.011846,0.052769,0.0015646,0.15787,-0.14647,0.032335,-0.13669,0.023094,0.16281,-0.16445,0.10798,0.0013502,0.092377,-0.081351,0.024664,-0.028113,0.13514,-0.20951,0.00073245,-0.063765,0.18876,0.1936,-0.12016,-0.23009,0.1831,-0.15171,-0.028197,-0.21185,-0.17656,0.048329,-0.080863,0.22519,0.22275,0.24328,-0.22561,-0.045034,-0.1126,-0.28321,0.15201,0.032083,0.14176,-0.12928,-0.10476,-0.11105
0.069062,0.050293,0.09308,0.15197,0.033639,0.29695,-0.062984,0.056412,0.17632,-0.15755,-0.10195,0.025833,-0.16078,-0.1086,-0.1105,-0.044586,-0.18266,0.052621,0.17367,-0.067962,-0.056615,-0.04515,0.085126,-0.089157,0.19833,0.09835,-0.026886,-0.23586,-0.016827,-0.00082554,-0.014194,0.17182,0.037938,0.072641,0.090993,-0.016821,0.18841,0.072549,-0.10376,-0.15707,-0.10391,0.034413,-0.01126,-0.077004,0.13205,0.054795,0.21166,-0.021647,-0.15934,0.049203,0.082906,-0.28048,0.055402,0.11256,-0.069644,-0.093932,-0.022999,0.11632,0.024134,0.17313,-0.14315,0.11347,0.055497,0.059545,-0.16401,-0.20174,0.081477,-0.077383,0.085324,-0.041401,0.16248,0.037873,0.0076437,-0.17228,0.042609,-0.0072289,0.21302,-0.041914,0.088488,-0.081515,0.026336,-0.24425,0.048199,-0.28731,-0.054477,0.054411,-0.068568,0.094459,0.18652,0.13758,-0.022861,0.040143,0.050678,-0.12652,0.029318,0.1023,0.064062,-0.074895,-0.20452,-0.13258
0.006773,0.18188,-0.015676,-0.034665,-0.15883,0.17074,0.11811,0.11141,0.057734,-0.017416,0.19455,-0.017339,-0.033926,-0.057546,0.053063,0.11485,0.042428,-0.10804,-0.071091,-0.019282,0.01161,-0.15282,-0.1149,-0.069481,-0.08239,-0.029889,-0.046982,-0.029286,0.11391,-0.10488,-0.068732,0.12473,0.13488,-0.1435,-0.028445,-0.0034126,-0.0034197,-0.21878,-0.027998,-0.030401,-0.21306,0.17689,-0.08631,-0.032581,-0.12768,0.08455,0.07163,-0.079232,0.082069,-0.06625,0.084763,-0.11727,0.18548,-0.030599,-0.023341,-0.24174,0.011669,-0.074067,-0.2175,-0.040703,-0.090587,-0.04864,0.16229,0.059227,0.023151,0.0023244,0.09923,0.10351,0.10256,-0.0067611,-0.077974,0.23117,-0.020667,-0.17556,-0.19468,0.030127,-0.024526,0.063595,0.014332,0.0029435,-0.15323,-0.047217,-0.089662,0.10346,0.12015,-0.076206,-0.073834,0.14563,0.11696,0.087566,-0.0054272,0.085344,0.034094,-0.11885,-0.035276,-0.035981,0.050859,-0.018978,0.05224,-0.053609
0.023756,0.027972,-0.11115,0.073694,0.10624,0.096693,-0.077667,0.040616,0.14828,-0.0084526,-0.14727,0.11774,-0.17636,-0.18798,-0.1645,-0.083303,-0.049467,-0.002307,0.070702,-0.14118,0.094378,-0.073946,-0.031862,0.0013011,0.10471,0.075386,-0.019498,0.0093078,0.056321,-0.091078,-0.033324,0.215,-0.082359,0.13378,-0.10679,-0.0303,-0.01628,0.087246,-0.1404,-0.053226,-0.1425,-0.028442,0.12235,-0.16959,0.092102,-0.0068506,0.11837,0.050225,-0.20385,0.0016836,0.12239,-0.18106,0.06824,0.061961,0.015357,-0.057016,0.091528,0.016811,0.049607,0.30353,-0.15989,-0.0071264,-0.0068341,0.0024243,0.11046,-0.015005,0.098937,-0.039197,0.14386,-0.0087,-0.051314,-0.035662,0.0085618,-0.25089,0.0064626,-0.17345,0.15216,0.19646,-0.0032377,-0.075086,0.11076,-0.22309,-0.065666,-0.2015,0.050663,0.0097029,-0.20064,0.047689,0.15389,0.29765,-0.054214,0.028284,-0.07349,0.03828,0.13204,-0.027375,0.030207,-0.097649,-0.0868,-0.042488
-0.14144,0.094469,0.03563,0.23736,-0.15883,0.21163,-0.12547,0.10265,-0.039906,0.12936,0.075279,0.052344,-0.14762,0.16452,0.096414,0.035049,0.23129,-0.015355,-0.042987,-0.084799,-0.14032,-0.063319,-0.074094,-0.14792,-0.059206,0.12148,-0.11583,-0.087849,0.060399,-0.13716,-0.033989,-0.0069763,0.12847,0.071474,-0.098809,-0.13647,0.049349,-0.032848,-0.012415,-0.24429,-0.15608,0.035393,-0.052587,-0.065749,0.0087397,-0.015874,-0.058358,0.073131,-0.068535,-0.17265,0.19117,-0.14331,0.039547,0.096609,-0.14844,-0.18944,0.15074,-0.13924,-0.088552,-0.0087653,-0.0499,-0.019456,0.11964,0.12542,-0.05548,0.041383,0.23413,-0.22221,0.0043495,0.0070145,0.17973,0.23755,0.054506,-0.1686,-0.18422,0.11716,-0.040722,0.037139,-0.062994,0.0084888,0.022028,-0.18307,-0.060342,0.067797,0.0727,0.092652,-0.19041,0.10474,-0.036598,-0.1984,0.023258,-0.0122,0.037339,-0.05506,-0.071694,-0.18614,0.010492,0.03454,-0.0033679,0.11616
-0.10604,0.014673,-0.16976,0.062725,-0.13548,0.22535,-0.0013422,0.077565,0.16334,0.13,0.059527,0.099724,0.084764,0.14924,0.0043793,0.014628,0.11325,0.00015931,-0.13806,0.094178,-0.27787,-0.23834,0.052075,-0.26356,0.030077,0.048452,-0.040717,-0.071433,0.0119,-0.1145,0.28895,0.1571,-0.033832,0.012241,0.095053,-0.15707,-0.034341,-0.051072,-0.033343,-0.1558,-0.18633,0.094603,0.19577,-0.058409,-0.080064,0.048688,0.016149,-0.24069,0.13114,-0.22001,0.11972,-0.098333,0.14883,0.062902,-0.096049,0.080532,0.038184,-0.11535,0.042556,0.0050305,-0.12254,-0.22001,0.12558,-0.0034751,-0.037209,0.023857,-0.1068,-0.0021694,-0.15694,0.12976,0.1502,0.22597,-0.03041,-0.049377,-0.047983,0.10176,-0.40162,-0.2466,0.024128,0.071688,-0.09584,0.14891,-0.14612,-0.015924,-0.1733,0.23559,-0.12755,0.084644,0.025116,0.096281,-0.2185,-0.0077225,-0.029455,-0.074605,0.072381,-0.11855,-0.00037508,-0.025174,0.002967,0.0017225
0.0029913,0.15731,0.11431,0.072684,-0.19092,0.19908,-0.05935,0.11534,0.17688,0.11486,-0.068944,0.1909,-0.10433,0.17234,-0.0096671,0.032862,-0.0021244,-0.0073725,-0.00092639,-0.12858,-0.13841,-0.2092,0.054091,-0.054423,0.12026,0.12928,0.061278,-0.060883,0.073042,-0.11056,0.15235,0.18269,-0.050953,0.049803,0.0067392,-0.21236,0.10425,-0.1007,0.026478,-0.10459,-0.16921,0.32584,0.074881,-0.10334,0.025747,-0.064677,0.033532,-0.16981,0.13672,-0.14003,0.11911,-0.055443,0.052585,-0.067023,-0.10166,-0.14894,0.12876,-0.30263,-0.0072311,-0.0038282,-0.0024475,0.048357,0.14456,0.16159,-0.072924,0.055895,0.11496,-0.037221,0.020103,0.031153,-0.029369,0.20784,-0.028557,-0.13184,-0.054064,0.086892,-0.21862,-0.043898,0.026489,0.030873,-0.11022,0.0328,0.056231,0.054327,-0.14523,-0.13645,0.047607,0.19195,0.23587,-0.059114,-0.02576,-0.052859,0.10287,-0.32014,0.063577,-0.042779,0.095944,0.0055744,0.17982,0.10961
-0.020648,0.10988,-0.059058,0.093925,-0.025639,0.11876,-0.079636,0.087028,0.067879,-0.067604,-0.21414,0.11371,-0.056916,0.0098203,-0.065649,0.016534,-0.045645,0.057741,0.10506,-0.13073,-0.16638,-0.14345,-0.11157,-0.10827,-0.0051305,-0.041557,-0.088105,-0.02634,-0.0096332,-0.026705,-0.027881,0.20191,-0.026123,0.031622,-0.045288,-0.012477,0.26939,0.1511,-0.049813,-0.10331,-0.20396,-0.052565,-0.092339,-0.13615,0.17154,0.15421,0.1819,0.022424,-0.075375,0.070632,0.13713,-0.28052,0.10496,0.066957,-0.18332,-0.19179,-0.15614,0.0074372,0.081152,0.21122,-0.21606,-0.022479,-0.058353,0.20805,-0.03188,-0.13323,0.15365,-0.15307,0.04177,-0.027329,0.078311,-0.042612,-0.013395,-0.17008,-0.0092865,-0.1413,0.22248,-0.029995,0.14545,-0.039141,0.12167,-0.23348,-0.0040242,-0.27515,-0.01651,-0.032883,-0.19702,-0.045613,-0.0094077,0.10432,-0.022425,0.2026,-0.04638,-0.20071,0.15841,0.17759,-0.055761,-0.23566,-0.15789,0.015101
-0.077446,0.017943,0.072564,0.24425,-0.10348,0.086166,0.041264,0.0592,0.027274,-0.044533,0.067799,0.11505,-0.054273,-0.18449,-0.13984,-0.13727,-0.028128,0.040139,0.027847,0.10864,-0.0077509,-0.036063,-0.072304,0.021648,0.1235,-0.10641,0.04898,0.042411,0.14146,-0.074983,0.073502,0.22081,0.013894,0.026475,-0.033623,0.083401,0.20991,0.19048,-0.097052,-0.19899,-0.20998,0.32428,-0.026861,-0.056932,0.001646,-0.016196,0.10215,-0.083712,-0.23117,-0.15959,0.054231,-0.38892,0.11143,0.15469,-0.27864,0.048819,0.012962,-0.051269,0.029629,0.11772,-0.017262,-0.013809,-0.078633,0.029293,-0.028292,-0.17129,0.021104,-0.03745,0.14649,0.1156,0.044581,0.063733,-0.016773,-0.14363,-0.036408,-0.035681,0.24923,0.0093138,-0.010659,-0.11242,-0.029008,-0.27476,0.088212,-0.13912,0.021305,0.14917,-0.055711,0.13002,0.2299,0.031102,-0.11079,0.062749,-0.085266,-0.11726,-0.031941,0.22982,-0.056776,-0.054201,-0.08177,-0.11756
0.033097,0.1131,-0.042659,0.19062,-0.068251,0.13992,-0.066761,0.13046,0.15815,-0.19379,-0.035863,0.14436,-0.20654,-0.00022476,0.039925,-0.038253,0.06686,-0.033599,-0.035374,-0.00482,-0.19721,-0.096109,0.046661,-0.023382,0.13493,0.058805,0.13086,0.19545,0.077249,-0.0039103,-0.015662,-0.030457,-0.015229,0.15199,-0.047362,0.088475,0.16941,-0.089565,-0.11214,-0.073979,-0.19699,0.10949,-0.075357,-0.052617,0.010341,0.030377,0.013796,0.091655,-0.37109,-0.087483,0.12945,-0.096236,0.15837,0.21245,-0.2421,-0.2309,-0.011071,0.035395,0.041986,0.11289,-0.064032,0.10145,0.090899,-0.0076131,-0.073303,-0.23229,0.1452,-0.088334,0.024748,-0.060815,-0.0038777,0.025069,-0.043918,-0.081279,-0.097699,-0.031355,0.12583,0.037088,0.066678,-0.059134,0.095608,-0.29676,-0.013735,-0.1199,0.022472,-0.031369,-0.095765,0.19341,0.047539,0.087472,-0.027938,-0.026707,0.029199,-0.053865,0.051756,0.0029329,-0.042472,-0.060835,-0.032893,-0.091293
-0.10384,0.092495,-0.042089,0.20443,-0.11408,0.014498,0.026362,-0.097029,0.13031,-0.10193,-0.081907,0.054319,-0.090669,-0.14328,-0.1928,-0.12589,-0.0022238,0.17055,0.050094,0.1466,0.029633,-0.12177,0.078133,-0.089192,0.12391,0.064199,-0.08219,-0.10859,0.14116,-0.014147,-0.16068,0.079587,0.014933,0.11025,-0.036204,0.11119,0.17911,-0.016685,-0.12616,-0.040239,-0.12593,0.14971,-0.073401,0.0011569,-0.056479,0.1024,0.041101,0.10748,-0.37559,-0.10661,0.023267,-0.28684,0.0011325,0.12254,-0.090475,-0.12583,0.023607,-0.0026952,-0.061803,0.031669,-0.15564,0.096848,0.15314,0.13045,-0.069391,-0.12094,0.025045,-0.16985,0.14544,-0.016018,0.15415,-0.021442,-0.055574,-0.18301,-0.0035089,-0.1528,0.22189,-0.091484,0.06072,0.10015,0.10596,-0.29936,0.050183,-0.065257,-0.016277,0.074776,0.01627,0.060307,-0.10456,0.013201,0.070299,-0.02586,0.0037726,-0.090636,0.15931,-0.022795,0.16939,-0.10451,-0.0028764,-0.070358
0.069103,0.15716,0.10376,0.137,0.058213,-0.011935,-0.13678,0.093874,0.12139,-0.069495,0.25101,-0.082945,-0.32435,0.030448,-0.06676,0.081667,0.12416,0.090963,-0.023218,0.14305,-0.080544,0.087164,0.075873,0.24481,-0.14833,0.17206,-0.073569,-0.054501,0.08477,0.11106,-0.1152,0.1486,-0.033124,0.010596,-0.032776,0.25895,-0.12808,0.099599,0.016583,-0.10174,-0.08365,-0.13258,-0.046304,0.066345,-0.033376,0.069455,0.01407,0.082203,0.054732,0.015517,0.075908,-0.1595,0.049571,0.2344,0.0058038,-0.23442,-0.12928,-0.10057,-0.072707,0.064548,0.17556,0.12032,-0.069556,0.15959,-0.24236,0.031784,0.091239,-0.052616,-0.086086,-0.1126,0.036333,-0.037066,0.2147,-0.043659,0.080916,-0.035922,0.096947,0.021608,0.23583,-0.15839,-0.032561,-0.18599,-0.0030147,-0.058935,-0.11287,-0.023405,-0.0074469,0.16463,-0.01839,-0.24818,0.33906,0.1571,-0.0036167,-0.11953,0.1129,-0.00412,-0.18408,0.056778,-0.10559,0.099162
-0.083751,0.11347,-0.0053186,0.020321,-0.17324,0.19548,0.0318,0.17531,0.1428,0.14545,0.16243,0.048872,-0.15842,0.096984,0.048912,-0.07514,0.20372,-0.12537,0.020216,0.037435,-0.25291,-0.060308,-0.062611,-0.033449,0.015138,0.00016018,0.13929,-0.1274,-0.028188,-0.096803,0.073908,0.10222,-0.013048,0.21438,-0.088804,-0.21578,-0.02594,-0.085282,-0.11196,-0.21771,-0.23212,0.20358,-0.0061113,0.00070272,-0.18819,-0.10772,0.02815,-0.080091,0.026066,-0.2816,-0.096996,-0.014955,0.021558,-0.037873,-0.071094,0.051005,0.051929,0.054995,0.11642,0.11648,-0.21728,0.17406,0.22216,0.14686,-0.080073,0.098982,0.098877,-0.12594,0.016546,0.096249,-0.02614,0.28908,-0.058521,0.1321,-0.11342,0.011823,-0.16113,-0.10229,0.036315,0.059185,-0.045125,-0.083393,-0.091978,0.17096,0.001629,0.044448,-0.10437,0.077277,0.093266,-0.11326,-0.1472,-0.22541,0.11078,-0.13527,0.099632,-0.14252,0.056197,0.01881,0.11787,0.027587
-0.10498,0.069431,-0.11373,-0.021686,-0.10651,0.23237,-0.014411,0.10318,0.14028,0.04266,0.093765,0.070476,-0.094831,0.12239,0.15291,0.044978,0.17842,-0.10959,-0.047377,0.073389,-0.27174,-0.19057,-0.0019402,-0.12953,-0.039224,-0.0047494,-0.017637,-0.097351,0.013297,-0.16505,0.15155,0.12684,-0.14419,0.13744,-0.043382,-0.14549,0.055991,-0.19394,-0.10723,-0.15206,-0.19547,0.009221,0.099411,-0.10181,-0.14886,-0.10785,0.10223,-0.056805,0.087239,-0.070608,0.056122,0.061927,0.058087,0.054119,-0.063714,0.014521,0.070973,-0.068893,-0.052587,-0.12678,-0.14146,-0.068194,0.15934,0.074078,-0.18424,0.080695,0.14508,-0.067922,-0.052464,0.0039393,0.049362,0.28596,-0.055017,-0.13505,-0.047663,0.033822,-0.21493,-0.23477,0.10464,0.036165,-0.035558,0.056705,-0.15451,0.06658,-0.055174,0.085077,-0.076312,0.14634,0.12834,-0.15622,-0.16923,-0.016287,0.18264,-0.15631,0.0092388,-0.030632,0.0089551,0.00077899,0.1181,-0.089727
0.14602,0.10062,0.049825,-0.048501,-0.062167,0.0024982,-0.02151,-0.18439,-0.015227,-0.32441,-0.3611,0.021554,-0.20976,0.13804,-0.046928,0.033318,-0.059012,0.19187,-0.1766,0.025148,-0.10283,-0.31737,-0.163,-0.12409,-0.2226,0.041543,0.0022294,-0.14748,-0.015979,-0.20097,-0.045933,0.10199,0.028422,-0.0081844,0.032971,0.1578,0.1035,-0.074621,0.043829,0.12557,-0.11708,-0.12811,-0.24551,0.15022,-0.030224,0.3639,0.0089219,0.083905,-0.3684,-0.028348,-0.018908,-0.18778,0.0092506,0.1412,-0.23845,-0.15069,0.035773,-0.026188,-0.10356,-0.010271,-0.11509,0.16959,0.011136,0.12565,0.022052,-0.091565,0.11708,-0.21198,0.11139,0.0037808,-0.030346,-0.11484,0.047085,-0.10432,-0.28126,-0.3162,0.23815,-0.05705,0.16855,-0.005594,-0.033494,-0.15627,0.14677,-0.062431,-0.17026,0.066693,-0.11066,0.24463,-0.0022594,0.16608,0.213,0.069734,-0.048211,-0.17849,0.25339,0.12757,-0.12587,-0.040001,-0.13547,-0.063624
0.0068641,0.063427,-0.074192,0.10685,-0.095869,0.2666,-0.035345,0.050159,0.072763,-0.097949,-0.041209,0.019137,0.14301,0.23662,-0.040374,-0.06354,0.19077,-0.012531,-0.16096,0.10802,-0.19582,-0.15012,0.028163,-0.25553,0.0067166,0.048544,0.020408,-0.13427,-0.0084268,-0.063095,0.20039,0.1412,-0.021452,0.018578,0.039772,-0.11406,-0.074418,-0.091896,0.02063,-0.12633,-0.2141,0.12559,0.17178,-0.10574,-0.09698,0.016398,0.059005,0.018603,0.029322,-0.10163,0.13272,-0.027456,0.17941,0.051132,-0.084855,0.13556,0.14304,-0.12893,0.0010246,-0.0047676,-0.036994,-0.23068,0.18725,0.046633,-0.061576,0.11916,-0.12004,0.056245,-0.12595,0.084399,0.13541,0.18331,-0.048232,-0.14516,-0.040242,0.12687,-0.42032,-0.2464,-0.14317,-0.021406,0.020301,0.070131,-0.0059101,0.051857,-0.059224,0.0061623,-0.14013,0.13446,0.095193,0.1017,-0.087328,0.028189,-0.04652,-0.2146,0.11532,-0.12498,-0.055309,-0.18806,0.045084,-0.037413
-0.043933,0.19325,-0.025516,0.11138,0.11215,0.14054,-0.075004,0.20093,0.066789,-0.0017537,-0.094257,0.046427,-0.20063,0.14816,0.17473,-0.032364,-0.09005,0.029534,-0.19865,0.01901,-0.05496,-0.0024388,0.0039551,-0.15196,-0.29388,-0.034891,0.060353,-0.0088033,-0.019648,-0.067994,0.086327,-0.15887,-0.051524,-0.091549,-0.13198,0.16804,0.11095,0.13811,-0.12412,0.037798,-0.1385,0.099062,-0.099705,-0.016086,0.0024379,0.38,-0.14957,0.13112,0.1775,0.066406,-0.094435,-0.26135,0.12277,0.14264,0.063929,-0.065165,-0.18661,-0.0401,-0.1742,0.0087548,-0.013958,0.10524,0.055112,-0.008877,-0.18766,-0.087007,0.037369,-0.0035971,0.095963,0.041158,-0.043129,-0.065233,0.081595,-0.041511,-0.15464,0.0061809,-0.051743,-0.11138,-0.10326,-0.093557,0.164,-0.094285,-0.030286,0.089984,-0.15034,0.12903,-0.10026,0.23407,0.084908,-0.036493,0.20309,-0.094094,-0.078962,-0.021779,0.088631,0.13649,0.12394,0.20171,-0.043245,0.054636
-0.085147,-0.01924,0.058286,0.19154,-0.026672,0.1376,-0.11543,0.055569,0.1127,-0.20506,-0.12664,0.17377,-0.1993,0.029871,-0.12069,-0.078149,-0.088808,-0.14744,-0.046064,-0.060777,0.10564,0.0042379,0.029382,-0.19682,0.20283,0.01996,0.13756,-0.13037,0.066101,-0.040833,-0.037072,0.20554,0.031119,0.039469,0.040847,-0.1471,0.26848,0.13583,-0.078544,-0.12449,-0.12436,0.11148,-0.15795,0.0031657,0.19164,-0.016878,0.018779,0.067168,-0.20799,-0.078388,0.068809,-0.2112,-0.0022205,0.11076,-0.25237,-0.057677,-0.025804,0.050433,-0.099991,0.25486,-0.15344,0.16423,-0.023836,0.04013,-0.054747,-0.098153,0.17657,-0.13016,0.097352,0.048379,-0.086492,0.0711,-0.061218,-0.25975,-0.0070983,-0.17619,0.22699,-0.030395,0.15131,0.073251,-0.0023654,-0.20602,-0.042654,-0.17891,-0.15846,0.086335,-0.074224,0.12413,0.093925,0.12432,0.020472,0.01447,-0.087149,-0.094555,-0.12555,0.21956,-0.014243,-0.07044,-0.22758,-0.15931
0.030829,-0.025223,-0.0043559,0.077087,-0.055684,0.21177,-0.02608,0.087458,0.25506,0.02171,-0.13096,0.19466,-0.044882,0.092376,0.039763,0.056304,-0.075068,0.045257,-0.16468,0.15155,-0.29751,-0.11409,0.096469,-0.037479,0.087409,0.14196,0.15461,-0.16805,-0.024434,-0.18802,0.0586,0.0609,0.087485,0.08693,0.035205,-0.1092,0.028921,0.099258,-0.091362,0.017413,-0.15962,0.099621,-0.20802,0.05413,0.065829,-0.076787,0.017197,-0.063718,0.24267,-0.11885,0.039304,-0.256,0.058321,-0.04712,-0.067223,0.1835,-0.021079,0.063716,0.059928,-0.13546,-0.12787,-0.12831,0.16957,-0.10161,0.023541,-0.042175,0.14629,-0.042635,0.022051,0.04256,0.071723,0.14169,0.0084462,-0.082863,-0.20573,-0.080594,-0.18414,-0.047305,-0.05486,0.071866,-0.11085,0.12125,-0.11775,0.091337,-0.16994,0.1228,-0.08284,0.26522,0.080299,0.027382,-0.099041,-0.089595,-0.00075951,-0.18528,-0.12059,-0.0040369,-0.11715,0.12049,-0.061982,0.10724
-0.01502,-0.064405,-0.046143,-0.084436,0.051692,-0.050451,-0.066777,-0.0034882,0.068716,-0.037329,-0.085774,0.14015,-0.21737,-0.091527,-0.074778,-0.079529,-0.0056919,0.053826,0.045473,-0.080533,0.099603,-0.19431,-0.10137,-0.031351,0.12687,-0.12461,-0.017312,0.10379,0.11685,-0.14315,0.090504,0.17527,-0.049983,0.24312,-0.034046,-0.019917,0.096611,0.021937,-0.1289,0.046579,-0.13107,0.0013616,0.024573,-0.066473,0.055101,-0.099921,0.1341,0.18222,-0.13102,0.052724,0.16704,-0.15555,0.17635,0.0044653,-0.15807,-0.051398,0.10835,0.028564,0.078105,0.30223,-0.17338,0.01872,-0.080881,-0.061884,0.052623,-0.077942,0.1637,-0.021484,0.12374,-0.070413,-0.088979,-0.023544,-0.10598,-0.18218,-0.095464,-0.18475,0.30748,0.16502,-0.046012,-0.064434,0.14893,-0.12304,-0.03068,-0.20051,-0.0019845,0.0078369,-0.18709,0.096872,0.098145,0.24999,-0.065232,0.1961,0.0088548,-0.098027,0.11224,-0.07963,0.10905,-0.086161,-0.062522,-0.12612
-0.15705,0.19021,0.066721,0.1094,-0.1439,0.17279,0.039965,0.22529,-0.10929,-0.073478,0.057016,0.069723,-0.11475,0.15864,0.059303,0.096855,0.016624,0.023893,-0.072558,0.076377,-0.0069603,-0.11324,-0.1208,0.11399,-0.089133,0.12318,-0.11259,-0.16772,0.022551,0.082824,0.065704,0.093738,0.091002,0.069105,0.011474,-0.0057787,0.01041,-0.23834,-0.093338,-0.34613,-0.20573,-0.1456,0.10461,-0.17204,-0.066701,0.078252,-0.1222,0.035815,-0.1151,-0.070311,0.092216,-0.14999,0.072474,0.13973,-0.14489,-0.25273,-0.046164,-0.0059823,-0.098119,-0.12595,-0.11989,-0.06685,-0.0072868,0.24273,-0.11959,0.16509,0.067655,-0.25341,-0.040124,-0.17747,0.0039924,0.19904,-0.024517,0.056648,-0.095687,0.050053,-0.12025,-0.092735,-0.046016,-0.10218,-0.14514,-0.023892,-0.055793,0.078817,0.10726,-0.019047,-0.084437,0.077627,-0.0014645,0.12917,0.12736,0.05871,0.041783,-0.1799,0.031836,-0.10348,-0.14105,0.071322,-0.12331,-0.0056462
-0.02168,0.08588,-0.065491,-0.16935,0.087828,-0.10198,0.0059531,-0.04738,0.14618,0.010465,0.018625,-0.072332,-0.051475,0.31861,0.0096834,0.09695,-0.084042,0.10198,-0.26311,-0.12762,0.12368,-0.16514,0.13905,-0.04173,-0.18984,-0.025725,0.013248,0.14124,0.015566,-0.12484,0.13537,-0.10235,-0.091342,-0.10665,-0.11931,-0.015766,-0.17016,-0.024883,-0.12874,-0.035661,-0.13317,0.092049,0.2572,0.1364,-0.099456,0.13999,-0.049281,-0.14741,0.076055,-0.020947,-0.022799,-0.034068,0.029263,0.016913,0.1818,0.028767,-0.10616,-0.078317,0.015496,0.16209,-0.026868,0.040337,0.050381,-0.165,0.033771,0.035686,-0.08254,-0.0034185,-0.030816,-0.10047,-0.028421,0.021805,0.10477,0.081461,0.034065,-0.035388,-0.24339,-0.12027,-0.12743,-0.26055,0.10067,0.085433,0.028941,0.0082496,-0.13893,0.15342,-0.15574,0.24374,0.090431,0.117,0.054443,-0.076935,-0.11105,-0.0067467,0.15764,-0.0088133,0.14063,0.092744,0.081964,0.015039
-0.17078,-0.040754,-0.08044,-0.039788,-0.036572,0.17339,0.072083,0.1386,-0.0089018,0.2848,-0.023762,0.21276,0.055596,0.15262,0.013446,-0.052208,-0.012819,-0.12195,-0.2251,0.061653,-0.016053,-0.21977,-0.036086,-0.10539,-0.0097601,-0.032754,-0.10542,-0.19239,0.0054476,-0.20758,0.10342,0.021687,0.20423,-0.056463,-0.014919,-0.037617,0.012785,-0.14806,-0.092753,0.006466,-0.15524,-0.056642,0.29662,0.081246,-0.05024,0.084963,-0.0014937,-0.047469,0.057246,-0.2738,0.12261,-0.031435,0.15143,-0.01099,-0.078409,-0.18293,-0.033372,-0.10523,0.10327,-0.043714,-0.11458,-0.2963,-0.15538,0.088413,0.11919,0.024947,-0.10865,-0.15748,-0.12029,0.048474,0.097398,0.28452,0.018477,-0.036898,-0.13021,0.20143,-0.34289,-0.16961,0.01152,-0.13816,-0.16929,0.12686,-0.19151,-0.0097234,-0.015882,0.22671,-0.26513,0.19767,0.040951,0.066302,-0.17441,-0.011656,0.079989,0.040147,-0.075692,0.034316,0.053443,-0.088855,0.011819,0.0091749
-0.032078,-0.11543,-0.10869,-0.027581,0.012123,0.11492,0.14555,0.058112,0.027464,0.076762,0.067485,-0.017992,-0.022552,0.18262,-0.0768,0.044334,0.19634,-0.011264,-0.13023,-0.001141,-0.12406,-0.1352,-0.023928,-0.18592,0.02789,-0.078623,0.041805,0.068772,-0.01292,-0.16412,0.16743,0.061323,0.043737,-0.027816,-0.12863,-0.069435,-0.088599,-0.080425,-0.076059,-0.09358,-0.25798,-0.024964,0.2618,0.17552,-0.15122,0.12749,-0.094348,-0.089927,0.091561,-0.1937,0.063741,-0.11306,0.068375,0.062824,0.12867,0.0093723,0.04365,-0.048914,0.052917,0.094689,-0.11107,-0.13789,0.10716,-0.17523,0.17762,0.017003,0.068942,0.014165,0.040548,-0.087033,-0.0011306,0.1392,-0.040583,-0.098318,-0.00063173,0.18454,-0.34123,-0.063003,-0.084097,-0.0075459,0.069373,0.11675,-0.12457,0.073601,-0.12644,0.1678,-0.24446,0.12303,0.045429,0.17869,-0.1644,0.0022297,-0.16067,0.058727,0.098262,-0.24896,0.0041355,-0.082399,-0.075825,0.079336
-0.011777,-0.029526,-0.11411,-0.075568,0.17694,-0.07917,-0.021919,-0.005664,0.1415,-0.054069,0.073736,-0.14466,-0.06166,0.24034,-0.047937,0.038183,0.033942,0.09428,-0.23048,-0.11999,0.038466,-0.11284,0.14579,-0.034957,-0.15275,-0.025493,0.084457,0.19869,0.0032944,-0.095396,0.093887,-0.087936,-0.012586,-0.055181,-0.18661,0.10137,-0.16984,-0.013409,-0.091982,-0.056636,-0.21652,0.125,0.23686,0.11537,-0.05094,0.22641,-0.11316,-0.065837,0.055405,-0.017996,-0.0536,-0.12727,-0.020886,0.081075,0.22402,0.10718,-0.057789,-0.09066,0.069739,0.18732,-0.055121,0.069866,0.1143,-0.16336,0.13061,0.024795,-0.025273,0.089435,0.0063907,-0.10187,0.0058405,0.024565,0.089415,0.026939,0.025287,0.046296,-0.2315,-0.16749,-0.15629,-0.19986,0.12033,0.096163,0.097956,0.034494,-0.24286,0.14531,-0.21385,0.067412,0.11838,0.11133,-0.057907,-0.085786,-0.15068,0.041228,0.14601,-0.084567,0.16206,0.092368,0.057844,0.057689
-0.1722,0.013615,-0.18336,-0.13795,0.30218,-0.056066,0.037751,0.018495,-0.008455,-0.17676,-0.059647,-0.052494,-0.11604,0.053674,0.0052424,0.010733,-0.091356,0.14458,-0.013653,-0.047978,0.11995,-0.10928,0.064616,0.05932,-0.087427,-0.022898,-0.039486,0.025142,0.13185,-0.14513,0.03311,-0.020614,-0.080194,0.040534,-0.09745,0.12295,-0.17866,0.048563,-0.0592,-0.086361,-0.015409,-0.13204,-0.17817,0.05607,0.029698,0.15902,-0.0052823,0.091389,0.23574,0.022444,0.023165,-0.12902,0.18884,0.18468,0.23647,0.13216,-0.074323,0.050685,-0.023136,0.19441,-0.17193,0.1819,-0.00080827,-0.08796,0.023673,0.11757,-0.01733,-0.017166,0.03356,0.0036926,-0.069922,-0.031251,0.12001,0.047241,-0.054438,-0.17825,0.085282,-0.039939,-0.23,-0.099868,0.11842,-0.0045028,-0.035607,0.068414,-0.11833,0.14556,-0.1692,0.089061,0.069877,0.094424,0.072184,-0.0015955,0.039423,0.12763,0.0423,-0.12711,0.11653,0.26031,0.15682,-0.085776
0.06024,0.13855,-0.21659,0.025119,0.079937,0.1268,-0.2223,0.21801,0.1516,-0.045118,-0.085671,0.057983,-0.23301,0.24891,0.016873,0.04457,-0.0060177,0.079515,-0.15178,0.073509,0.020256,-0.077023,0.064113,-0.014223,0.0064319,-0.039173,-0.067943,0.12007,0.0033251,0.030604,-0.016069,-0.10254,-0.19704,0.18152,-0.090867,0.056678,-0.024163,0.14587,-0.067976,-0.23293,-0.056888,-0.0078811,-0.25392,-0.062805,-0.044883,0.12861,0.00069607,-0.005702,0.16112,-0.058161,-0.040263,-0.10324,-0.074143,0.03382,-0.18726,0.046276,-0.017584,0.31499,0.20417,0.1355,-0.17028,0.19539,-0.010152,0.056131,-0.15328,0.078303,0.010574,-0.12925,-0.12525,-0.082542,-0.03358,-0.11756,0.090361,0.17414,0.053598,-0.22991,0.035192,-0.19489,0.052276,-0.10326,0.061509,-0.081536,0.039407,-0.17217,-0.0074442,-0.10962,-0.1476,0.17554,0.061639,-0.05529,0.069406,-0.15639,-0.11569,-0.070612,0.028101,-0.032943,-0.031024,0.22652,0.15901,-0.073194
-0.042438,0.17855,-0.22309,0.014101,0.054852,0.03557,-0.23669,0.10123,0.041458,-0.029773,-0.12469,0.17446,-0.14661,0.1621,0.012512,-0.091087,-0.33431,-0.12032,-0.0067795,-0.10653,0.046393,-0.052208,0.16442,-0.12267,-0.25912,-0.18298,-0.18333,-0.050812,-0.064954,0.019338,-0.034243,0.029434,0.12023,0.099286,-0.067905,0.1417,0.047224,0.09768,0.1278,-0.13443,-0.075439,-0.1526,0.025853,-0.21008,-0.15007,0.15156,0.10084,0.095324,-0.019307,0.08949,0.12682,-0.30749,0.12798,-0.023145,-0.16949,-0.032633,-0.12178,0.15778,0.020197,0.1871,0.068248,0.093483,-0.047392,0.050616,-0.018863,0.10163,0.0066753,-0.065276,-0.017632,0.046932,-0.040287,0.025389,0.012737,0.035717,-0.010281,-0.26523,0.12944,-0.19189,-0.05245,-0.059094,0.22408,-0.16763,0.0088582,-0.22112,-0.085538,-0.090435,-0.13973,-0.067286,0.08154,-0.090852,-0.016818,-0.012497,0.074309,-0.028868,0.093119,0.12147,0.14155,0.23784,0.0031854,0.015494
-0.027654,0.22743,-0.025563,-0.10824,-0.049825,-0.0068855,0.029313,0.065078,0.065446,-0.11711,0.20918,-0.0031919,0.086242,0.10395,0.20991,-0.15495,-0.26764,-0.21201,-0.18382,-0.077822,0.044057,-0.092538,0.093457,0.044311,-0.26518,-0.16019,-0.11758,0.056724,-0.0033802,-0.084461,-0.012586,-0.011657,0.016681,-0.091017,-0.18383,-0.11069,-0.05071,-0.042142,-0.013559,-0.02939,-0.35407,0.36241,-0.075976,-0.054601,-0.086062,0.016326,-0.090208,-0.081779,0.028838,0.081846,-0.097431,0.042911,0.0096047,0.06271,-0.025995,-0.10095,-0.099065,-0.17071,-0.021547,-0.0026582,-0.0088728,0.11231,0.21256,0.13535,-0.19168,0.031768,-0.13439,0.32991,-0.037994,-0.16468,0.069174,-0.00032328,-0.014831,0.19725,-0.093696,0.066063,0.00019503,-0.34819,0.035849,-0.10714,-0.041386,0.045653,0.085471,-0.058277,-0.18898,0.13782,0.057107,0.10741,0.19459,-0.15366,-0.00087431,-0.11804,0.079513,-0.015358,0.055903,0.16709,0.19243,-0.026036,0.17005,0.010158
-0.12933,-0.059907,-0.14729,0.015817,-0.045248,0.19654,0.027584,0.052862,-0.058598,0.054002,-0.0095992,0.13041,-0.040069,-0.029186,0.063251,-0.072088,-0.014251,-0.048483,-0.14062,-0.023819,-0.086833,-0.16725,-0.089718,-0.043934,0.10903,0.11125,-0.0072172,-0.023926,0.10529,-0.20657,0.20279,0.0036912,0.038576,-0.00029611,-0.081988,-0.046736,-0.06562,-0.092883,-0.13173,-0.032855,-0.15295,0.0064326,0.045884,-0.033296,0.017339,-0.08661,-0.040401,0.018794,0.10752,-0.10657,0.14086,-0.12956,0.15748,-0.11585,-0.0050565,0.039114,0.2405,-0.18001,0.11606,0.10363,-0.072921,-0.24198,0.25593,-0.045473,0.053735,0.045504,0.082207,-0.048767,0.056393,-0.11171,-0.052013,0.10371,-0.02154,-0.028364,-0.14642,0.19169,-0.18005,-0.037449,-0.04748,0.0048756,0.0070038,-0.022539,-0.21178,0.0080623,-0.13415,0.086387,-0.082331,0.098792,0.031614,-0.00054777,-0.20023,-0.16559,-0.058055,-0.24242,-0.040559,-0.14593,-0.034019,-0.063185,0.11964,0.17826
0.24211,-0.046934,0.095405,0.14286,0.03429,0.12581,-0.22323,0.032473,0.26644,0.010331,-0.022598,0.19643,-0.11038,0.26083,-0.15383,-0.099598,-0.15532,-0.037067,-0.14659,-0.019042,-0.094576,-0.11426,-0.014883,-0.035439,0.0090895,0.023915,-0.13782,-0.079049,-0.069699,-0.018745,-0.0071071,-0.038099,-0.10695,0.083066,0.090929,0.28165,-0.069205,0.12861,-0.14499,-0.15235,-0.15767,0.086531,-0.28074,0.080705,-0.036039,-0.030403,-0.086722,0.023042,-0.16174,0.028723,0.17138,-0.17459,0.093476,0.020968,-0.18545,-0.076826,-0.098865,0.13128,0.092365,0.22336,-0.089244,0.11859,-0.029356,-0.083571,-0.18744,0.035761,-0.026107,-0.24078,-0.048218,0.037306,-0.062508,0.073044,0.10473,-0.10638,-0.19019,-0.09338,-0.043919,-0.028865,-0.11374,-0.045206,-0.061437,0.082643,0.27759,-0.094194,-0.076804,0.12972,-0.10159,-0.047736,0.041167,-0.10495,0.21905,-0.16163,-0.20891,-0.0049237,-0.16165,0.052843,0.18324,0.21018,0.14363,-0.093847
0.131,0.17415,0.0062036,0.096842,0.041377,0.02738,-0.047166,0.09006,0.12199,0.097151,0.29317,-0.039194,-0.069171,0.2014,-0.015115,-0.026898,-0.032985,-0.083732,-0.11395,0.14849,0.059815,-0.053012,0.1233,0.029903,-0.1197,-0.11338,0.14138,0.053705,-0.13808,-0.078447,0.037105,0.0047245,-0.027106,0.0013593,-0.071573,-0.095998,-0.10864,0.20696,0.092006,-0.18189,-0.079321,0.39248,-0.079019,0.16212,-0.056183,0.074902,-0.025174,-0.17563,0.12546,-0.15005,-0.074912,-0.020759,0.18177,-0.0052768,-0.10809,0.12289,-0.038948,0.02042,0.079195,0.11365,-0.24044,0.26613,0.029213,0.15421,-0.12851,-0.089705,-0.15954,-0.037983,-0.13752,0.12296,0.078262,0.044911,0.073824,0.17013,0.0010756,-0.075598,-0.19147,-0.22608,-0.084406,-0.15356,0.034549,0.21035,0.035462,-7.3317e-05,-0.19819,0.19486,-0.029304,0.18629,0.25255,-0.020273,0.084952,-0.14494,0.083412,-0.049796,0.062309,0.087949,0.23135,0.2604,0.027265,-0.12842
0.030296,0.046521,-0.14383,-0.045404,0.16531,0.29056,-0.15575,0.32517,0.22781,0.00084754,-0.0653,0.030633,-0.19225,0.095849,-0.065751,0.16646,-0.1307,0.02538,-0.25881,0.020492,-0.04556,0.050676,0.079237,-0.10472,0.028451,-0.048501,-0.047154,-0.0045979,-0.0051444,-0.0042521,-0.086133,0.02131,-0.14447,0.17497,-0.0092219,0.059667,-0.09388,0.2152,-0.077002,-0.22004,-0.024472,0.27992,-0.37685,0.087281,-0.028826,0.29653,-0.034046,0.012474,0.0146,0.13001,-0.08266,-0.22278,0.004769,0.081091,-0.1312,0.0042146,-0.0094262,0.24668,-0.073761,0.077197,-0.094198,0.049729,-0.036887,-0.0043155,-0.095203,0.064281,-0.11185,0.011962,-0.11662,0.088401,-0.075142,-0.012788,0.22887,0.11541,0.070943,-0.21941,0.024648,-0.19147,-0.045783,-0.15911,-0.02439,-0.1461,0.15011,-0.19923,-0.13617,0.18496,-0.121,0.13911,0.082765,-0.00028926,0.12454,-0.048536,-0.08135,-0.14693,-0.10292,0.041515,0.045688,0.027826,0.2108,0.023387
-0.046788,0.058682,0.00053565,0.23025,-0.073586,0.066334,0.067397,-0.05885,0.017029,0.04226,0.0019729,0.16748,-0.0024137,0.0073529,-0.10067,-0.10489,-0.10364,0.085473,-0.032301,-0.081697,-0.040294,-0.087865,-0.18495,0.010412,0.1046,-0.094893,0.048072,0.073148,0.19251,-0.15694,0.0075632,0.14778,-0.15141,-0.085822,-0.0088604,0.17861,0.15087,0.10379,-0.069581,-0.13426,-0.072631,0.14598,-0.032366,-0.069334,-0.042274,-0.066904,0.17746,-0.099946,-0.27141,-0.15817,0.08879,-0.28575,0.12128,0.18419,-0.15775,-0.04822,0.027793,0.11044,-0.1314,0.11344,0.020381,0.037911,-0.05432,-0.050318,0.047812,-0.19056,0.12565,0.036654,0.17766,0.041156,0.10512,0.01437,0.075189,-0.098279,0.097739,-0.094631,0.30356,0.003662,-0.016156,0.048258,0.13342,-0.3171,-0.0057781,-0.079043,0.0053624,0.066414,-0.001298,0.17945,0.1223,0.14854,-0.081287,0.049715,-0.075578,-0.035859,0.12724,0.2355,-0.099246,0.035398,-0.090591,-0.2482
-0.074311,0.015761,0.088705,-0.033063,0.016974,0.24059,0.20665,0.15571,0.24448,0.078219,0.20685,-0.11117,-0.11813,0.0079321,0.077961,0.0053017,-0.0022475,-0.12871,-0.21398,0.20836,-0.15055,-0.14345,-0.20228,-0.12893,0.19826,0.0084379,0.02622,-0.1675,-0.13976,-0.14804,-0.21353,0.028447,-0.085987,0.064679,0.15542,-0.011919,-0.059621,-0.012872,-0.013658,-0.12702,-0.18954,0.0041572,-0.078642,0.088163,-0.13892,0.14629,0.021048,-0.13477,0.093645,-0.14447,-0.12761,-0.085176,0.10156,-0.019379,-0.04003,-0.050511,0.035154,0.081628,-0.17529,-0.0062147,0.0070437,-0.012304,0.10426,0.11533,0.093692,-0.091094,0.17865,-0.14516,0.086525,-0.026504,-0.047103,0.18434,-0.053458,-0.068096,-0.02871,0.099468,-0.22217,-0.10189,0.035251,0.086562,-0.16532,-0.013278,-0.18686,0.20908,-0.037479,0.09844,0.043946,0.13313,0.21547,0.068297,0.022015,-0.13062,0.026937,-0.084092,0.001537,-0.0728,-0.018998,0.04318,-0.0065521,0.10416
-0.05,0.061323,0.020583,-0.22311,0.047208,-0.020822,0.096393,-0.041351,0.15069,-0.070844,0.072801,-0.076285,-0.027348,0.3364,-0.021752,0.064999,-0.061946,-0.074896,-0.31164,0.025557,0.11865,-0.10343,0.066677,0.15357,-0.16063,-0.15159,0.019656,0.1621,0.070504,-0.1597,0.14853,-0.11744,-0.012223,0.010319,-0.033746,0.097576,-0.26263,-0.032678,-0.11316,-0.059557,-0.14574,0.14641,0.14802,0.26214,-0.1253,0.11795,0.076146,-0.11773,-0.057046,-0.040738,-0.022504,-0.0056382,0.062354,0.07914,0.044655,0.031693,-0.0383,0.052628,-0.0053969,0.19265,-0.039323,-0.0098576,0.14226,-0.11711,-0.039246,0.021511,0.00044595,0.011739,0.082214,-0.16805,-0.067766,0.01555,0.040358,0.10549,-0.030529,-0.072085,-0.16186,-0.19267,-0.031039,-0.17922,-0.014085,0.17235,-0.0094217,-0.010492,-0.19533,0.18514,-0.099582,0.10608,0.18374,0.029819,0.0012245,-0.12001,-0.095365,-0.012315,0.081922,-0.070739,0.10597,0.09158,0.084822,-0.031864
-0.11062,0.23955,0.026149,0.006458,-0.029431,0.072031,-0.092202,0.13492,0.15872,0.092129,-0.11735,0.086593,-0.17123,0.086179,0.19172,0.040801,0.24459,-0.056006,-0.050775,-0.055524,-0.20036,-0.20112,-0.083731,-0.13922,0.14589,0.10252,-0.014653,-0.021941,-0.10726,-0.12296,0.30722,0.08049,-0.079714,-0.0088031,-0.11838,-0.045111,0.12286,0.055109,0.045067,-0.082838,-0.1406,-0.0096766,-0.12631,-0.26836,-0.047303,0.18355,0.058817,-0.059909,0.11685,-0.1609,0.15449,-0.24831,0.033667,-0.04948,-0.11198,-0.10315,0.10276,-0.1294,0.079335,0.20379,-0.058908,-0.073522,0.10999,0.17022,-0.099816,0.077028,0.27459,-0.067227,-0.16219,0.079279,-0.069935,0.1901,0.03864,-0.13476,-0.17935,0.24462,-0.23749,0.004059,0.13365,0.03212,-0.047845,-0.041121,-0.098108,0.066036,-0.15187,0.20229,0.0013352,0.19226,0.0027967,0.059841,-0.0453,0.18876,0.013056,-0.22307,0.08816,-0.060587,0.039055,-0.02138,-0.071947,0.096304
0.0037835,-0.049961,-0.083753,0.0068718,0.019321,0.084084,-0.036411,0.074951,0.095082,-0.056434,-0.051528,0.10186,-0.25473,-0.21862,-0.13901,-0.020421,-0.06038,-0.023691,0.045804,-0.1103,0.077181,-0.10148,-0.029801,0.0098524,0.13332,0.034692,-0.0048759,-0.01469,0.11989,-0.16176,0.029161,0.098639,-0.084503,0.10258,-0.1353,-0.040541,0.017237,0.071087,-0.18933,-0.021588,-0.17171,0.056828,0.07625,-0.036293,0.03647,-0.12159,0.12866,0.0932,-0.18252,0.021123,0.16466,-0.14487,0.024039,-0.012636,-0.048933,-0.016996,0.084856,-0.0072512,0.076569,0.20527,-0.1364,-0.016819,-0.046262,-0.069377,0.102,-0.073287,0.10156,-0.0084193,0.17503,-0.021594,-0.079555,0.0019803,0.0074275,-0.28706,-0.020516,-0.089013,0.2184,0.13336,-0.096976,-0.18025,0.099372,-0.15946,-0.045076,-0.17267,0.12314,0.05435,-0.16959,0.12709,0.15898,0.23211,-0.11442,0.052109,-0.062501,-0.13731,0.072155,0.066434,0.074389,-0.16879,-0.054365,-0.1273
-0.062074,-0.032121,0.09767,0.16408,0.11651,-0.0045847,-0.23535,0.097296,0.10505,0.098207,0.063419,-0.097253,-0.21309,-0.041775,0.017474,-0.027814,0.062536,-0.03005,-0.010744,-0.11114,-0.089127,0.072777,0.037816,0.029551,0.069404,-0.018233,0.099393,-0.027025,-0.078792,-0.0027441,0.083804,-0.079892,-0.17717,0.02474,-0.011421,-0.16247,-0.1273,0.122,-0.065486,0.025994,-0.040828,0.0011535,-0.12981,-0.26214,0.16776,0.172,-0.0056105,-0.019851,0.093541,-0.084826,-0.013062,-0.16648,0.026156,0.12527,0.070969,0.04768,0.076712,-0.1493,0.026574,0.053831,-0.10789,-0.10211,0.013029,0.18283,0.075147,-0.0085329,0.045523,-0.2581,-0.069079,0.024737,0.026035,0.12338,0.22383,0.1647,-0.17511,0.17283,-0.23175,-0.058295,0.021535,-0.12111,0.13789,-0.03552,-0.15151,0.091945,0.096706,0.2676,0.058247,0.14235,0.10273,0.12938,0.0064689,-0.28763,-0.035031,0.033287,0.060429,0.094555,0.092679,0.09373,0.002701,0.04148
-0.21429,0.040382,-0.08458,0.016531,0.086656,-0.095888,-0.20008,-0.083893,-0.091727,0.32368,-0.079646,-0.18857,-0.1396,-0.0052108,0.18536,0.0097288,0.019608,-0.22714,-0.0916,-0.038683,0.067791,0.15715,-0.077615,-0.11782,-0.22063,0.12058,-0.025887,0.015026,0.27517,-0.034747,0.059082,-0.064998,-0.13594,0.024122,-0.10642,-0.093033,-0.055167,0.049914,-0.13369,0.20246,0.112,-0.027795,0.025116,-0.22003,-0.027087,0.015462,-0.11927,-0.028322,0.13064,-0.13542,0.068703,-0.021356,-0.035256,-0.054896,0.29874,-0.065211,0.1164,-0.14637,0.0010598,0.14274,0.033344,-0.12559,-0.082656,0.14237,0.084437,0.20748,0.019657,-0.25082,0.20014,0.050705,-0.21217,0.10552,-0.040244,0.15204,-0.19793,0.15208,-0.15329,-0.13821,-0.022108,-0.10626,0.00034265,-0.022684,-0.0097224,0.20641,0.23487,0.050011,-0.08117,0.19548,0.096061,0.23193,0.028893,-0.20443,0.037272,0.20894,0.072011,0.24207,0.14247,0.041726,0.04525,0.066885
-0.033374,0.016204,-3.5283e-05,0.19094,-0.011669,0.20525,-0.10264,-0.015163,0.054901,-0.17618,-0.13136,0.10799,-0.23156,0.0032597,-0.092629,-0.080182,-0.11205,-0.13065,-0.03884,0.023925,0.081978,-0.043015,0.040163,-0.26456,0.16881,-0.018791,0.067905,-0.16186,-0.018464,-0.11107,-0.016731,0.17588,0.019998,0.0004546,-0.0024639,-0.11334,0.22166,0.1151,-0.084277,-0.053225,-0.065156,0.085151,-0.18341,-0.032713,0.1269,0.011369,0.037316,-0.031388,-0.23621,-0.053992,0.094873,-0.26556,0.020202,0.062877,-0.30582,-0.1244,-0.045719,0.114,-0.059792,0.19283,-0.13587,0.087597,-0.05826,0.053194,-0.037931,-0.079919,0.10206,-0.20154,0.088791,0.077731,-0.07594,-0.014709,-0.021638,-0.28382,0.050689,-0.1218,0.24374,0.029105,0.11529,0.1146,0.037756,-0.17318,-0.078156,-0.11556,-0.16745,0.072122,0.0099398,0.11643,0.12111,0.11313,0.059077,0.0081869,-0.11639,-0.084059,-0.12063,0.13215,0.030812,-0.091121,-0.27297,-0.11236
-0.092005,0.062902,-0.063896,0.28986,0.035192,0.30401,-0.027435,0.032165,0.16589,-0.014716,-0.13613,0.027669,0.022387,-0.14244,-0.14097,0.021003,-0.076775,0.022692,0.15784,-0.15023,-0.075222,0.020264,0.14095,-0.041425,-0.029212,0.10296,0.17397,0.051208,0.17388,0.019042,-0.027416,0.2446,-0.054484,0.10957,0.075223,0.064242,0.1896,0.19652,-0.14049,-0.10319,-0.28236,0.27866,0.013494,-0.015137,-0.036938,0.041123,0.15405,0.0081775,-0.19249,-0.064336,-0.14128,-0.073287,0.062407,0.2319,-0.18883,-0.20322,0.021648,0.12496,-0.28561,0.14824,-0.010776,0.078831,0.025565,0.076161,-0.038921,0.066467,-0.089471,-0.1081,0.17056,0.11842,0.028063,-0.070875,0.18156,-0.070987,0.11021,-0.27225,0.24133,0.11702,0.098962,-0.15541,0.20431,-0.2411,0.041347,-0.075146,-0.15367,0.15301,0.001147,0.13011,0.013288,0.048712,-0.13146,-0.07067,-0.039679,-0.034778,0.055755,0.056123,-0.096271,-0.13039,-0.087934,-0.078664
0.079412,0.08776,-0.019065,-0.038107,-0.059024,0.056453,0.081347,0.083906,0.16945,0.10787,0.040895,-0.07319,-0.054915,0.13477,0.060273,0.0033163,0.020713,-0.14563,-0.1313,-0.06898,-0.039618,-0.21872,-0.059279,-0.046277,0.068732,-0.038954,-0.091385,0.11594,0.010249,-0.25803,0.1665,-0.037539,-0.062133,-0.044869,-0.10661,-0.034105,-0.040649,-0.2443,-0.021971,-0.061198,-0.17225,0.060206,0.051431,-0.071366,-0.21134,-0.038024,0.12159,-0.071976,0.067789,-0.16448,0.12733,-0.070842,0.13121,0.056071,0.05612,-0.11507,0.073458,-0.12162,-0.08244,0.12077,0.041555,-0.2391,0.2041,-0.21656,0.0067975,0.13817,0.18997,0.16237,0.080648,-0.029552,-0.076481,0.25864,-0.038703,-0.11876,-0.17637,0.21209,-0.21903,0.090599,0.13972,-0.024865,-0.073042,0.014001,-0.14115,0.13082,-0.1855,0.1543,-0.03849,0.11286,0.15483,0.16269,-0.049107,-0.044902,-0.084116,-0.11154,0.10962,-0.19622,0.077276,-0.0004117,0.10733,0.059782
-0.023661,0.21246,-0.18381,0.031437,0.10049,0.14379,-0.057505,0.11852,0.18247,-0.0040576,0.071725,-0.074783,-0.15906,0.18286,0.025894,0.034491,-0.22634,-0.10687,-0.13871,0.067206,0.020649,-0.060407,0.081929,-0.085151,0.080719,-0.10145,-0.072056,-0.032753,-0.029354,-0.06869,-0.020099,0.0061482,-0.018044,0.22038,0.0086644,0.33658,-0.16339,0.13535,-0.017096,-0.13225,-0.036653,0.020033,-0.18373,0.031389,-0.11636,0.2416,-0.006743,-0.032029,0.018324,-0.10219,0.023197,-0.12186,-0.044255,0.10412,0.094839,0.030155,-0.049851,0.1916,-0.091227,0.17065,-0.022736,0.26321,0.0016234,0.14883,-0.096992,-0.090759,-0.17861,-0.026886,0.087997,0.11538,-0.041637,-0.14875,0.19073,-0.070562,0.099134,-0.059522,-0.11134,-0.17021,-0.084747,-0.10179,0.18345,0.051262,0.085648,-0.079559,-0.26713,0.087888,-0.055453,0.058722,0.14357,-0.12511,0.079463,-0.17755,0.0012221,-0.03842,0.021775,0.18067,0.095769,0.18115,0.085371,0.057648
-0.068671,0.046491,-0.049786,0.20731,-0.045772,0.12343,0.079119,-0.01071,-0.013763,0.023459,-0.0012328,0.14782,0.012611,-0.034564,-0.070029,-0.10482,-0.14394,0.11983,0.012741,-0.051164,-0.084229,-0.045627,-0.13294,-0.0081716,0.11801,-0.11078,0.018525,0.1148,0.20352,-0.11439,0.0015506,0.12949,-0.10615,-0.1449,-0.03006,0.2239,0.17366,0.066508,-0.08066,-0.16539,-0.013022,0.18755,0.01543,-0.098702,-0.002479,-0.046551,0.21212,-0.14793,-0.25305,-0.26359,0.074635,-0.23599,0.17733,0.22824,-0.15669,-0.047194,-0.028574,0.049551,-0.11732,0.11033,0.031136,0.00046454,-0.06238,0.0024505,0.069028,-0.14865,0.12173,0.053152,0.15521,0.039244,0.18228,0.027263,0.13215,-0.091139,0.13055,-0.14406,0.30066,-0.010342,-0.011587,0.032335,0.17734,-0.33887,0.082859,-0.037471,0.029135,0.06863,0.013979,0.16715,0.10858,0.15169,-0.11119,-0.0042716,-0.085509,0.0020755,0.16039,0.18619,-0.051802,0.021524,-0.042704,-0.21098
0.12491,-0.046339,-0.090886,-0.16996,0.31184,-0.053017,-0.18832,0.12664,0.15799,-0.026873,-0.071995,0.067085,-0.39053,0.12285,-0.010537,-0.074676,0.23755,-0.055994,-0.13424,-0.13187,-0.15471,0.18837,0.14075,0.1437,-0.10221,0.19298,0.12325,0.013588,0.04203,0.11201,0.062762,0.035263,-0.1845,0.20519,-0.021817,0.076712,0.020794,0.11574,-0.14305,0.18656,-0.23114,0.051156,-0.14264,0.14742,0.1006,0.12987,0.041797,0.19752,0.1039,-0.21899,-0.068915,0.017214,-0.0026848,0.020033,0.12275,-0.1231,0.021828,-0.006313,0.13746,-0.096335,0.10849,0.162,-0.1194,0.091706,-0.098969,0.047308,-0.097342,-0.032651,-0.25991,0.036383,0.10448,0.027588,0.15886,0.12194,-0.1021,-0.11046,0.0060255,0.011965,0.1187,-0.13993,0.11075,-0.13989,0.09421,-0.19435,-0.2201,-0.042847,-0.034166,0.16801,0.10975,-0.14603,0.23005,-0.046926,0.071108,-0.29549,0.18732,0.023378,-0.042116,-0.04696,0.032971,0.1885
-0.048473,0.080123,-0.041498,0.068846,0.26782,0.044231,-0.062206,0.10621,0.2494,0.097745,-0.11641,0.035639,-0.246,0.11423,-0.015268,0.029718,-0.16275,0.1874,-0.078434,0.041671,0.13068,-0.11668,0.2313,-0.15835,-0.031381,0.14351,0.010437,-0.0087293,0.022267,0.0048747,-0.095373,-0.043832,-0.18211,0.2541,-0.033678,0.15458,-0.0090954,0.049423,0.050703,-0.067746,-0.12015,0.018973,-0.4138,-0.0065309,0.032327,0.35364,-0.11101,-0.057554,0.032536,0.15848,-0.075623,-0.24981,0.02598,0.10036,-0.10439,-0.011659,-0.028161,0.19896,0.071362,0.036839,-0.10738,0.18182,0.0030297,0.042206,-0.06089,-0.01795,-0.1229,-0.11734,-0.089414,0.20561,-0.0071195,-0.048041,-0.024949,0.1269,-0.096919,-0.20944,-0.035083,-0.20185,0.0063728,-0.05547,0.20656,-0.045069,-0.086373,-0.10678,-0.11535,0.15655,-0.051266,0.10994,0.01783,-0.0043603,0.18934,-0.14177,-0.065386,-0.085042,-0.0095109,0.048796,0.10864,0.19827,0.068888,-0.039894
-0.11233,0.026116,-0.10519,-0.066236,0.22803,-0.13234,-0.14897,0.058517,0.093214,-0.051226,-0.088682,0.072299,-0.12313,0.18204,-0.015671,-0.026548,-0.088903,0.0067043,-0.080217,-0.10772,0.17179,-0.16665,0.069185,0.020429,-0.067701,0.047905,-0.11296,0.15579,0.12049,-0.1682,0.17287,0.012068,-0.058354,0.16042,-0.20688,0.1196,-0.16129,0.0013073,-0.081801,-0.077719,-0.031231,-0.070787,-0.1581,0.00094859,-0.031449,0.066505,0.04517,0.07823,0.091724,-0.0023636,0.091474,-0.16173,0.13508,0.17213,0.096893,0.062028,0.011088,0.17797,0.079115,0.35953,-0.20039,0.17685,0.024515,-0.081411,0.090162,0.12749,-0.052393,-0.025001,0.059312,-7.2111e-05,-0.080975,0.029094,0.1345,0.11927,-0.039682,-0.16531,-0.016843,0.02447,-0.22427,-0.097488,0.12649,-0.078114,-0.013225,0.029808,-0.072179,0.10165,-0.16736,0.055528,-0.0068006,0.12858,0.070388,0.073227,-0.016901,0.05784,0.11189,-0.094348,0.073779,0.28803,0.059606,-0.093107
-0.13315,0.05381,-0.1026,0.10777,0.11224,0.093672,-0.064084,-0.081615,0.16444,0.17504,0.14024,0.11932,0.18944,-0.051141,-0.001807,-0.020044,-0.099789,-0.21921,-0.078682,0.039666,0.1913,0.17353,-0.15096,0.032976,-0.039218,0.094819,-0.03969,-0.14177,0.17898,0.13827,-0.12325,0.17232,-0.10579,-0.18607,-0.071959,-0.15029,-0.11486,0.27902,0.1125,0.16741,-0.1691,0.20233,-0.018242,0.053241,0.014815,-0.02207,0.22304,0.1367,-0.2498,-0.082688,-0.020157,-0.034047,0.016048,-0.11928,0.071054,0.035822,0.064966,-0.062436,-0.090074,0.023089,-0.023827,-0.11986,-0.14225,0.2642,-0.074547,-6.9693e-05,-0.1011,-0.2472,0.19536,-0.08427,-0.23812,-0.16787,0.159,0.012028,-0.085425,0.10161,0.20522,0.087021,0.25763,-0.18524,0.12492,0.17338,0.21196,0.13847,0.0008142,0.015744,-0.033946,-0.073953,0.38391,-0.2133,-0.029877,-0.2487,0.07022,0.041883,-0.15727,0.046452,0.055328,0.24568,0.17744,-0.0021938
0.022623,0.13118,0.13682,0.11213,-0.069127,0.22647,0.21792,0.18592,0.097758,0.064602,0.17586,0.13757,-0.070674,-0.023928,0.13002,-0.053977,-0.016576,-0.0031517,0.057777,0.053816,-0.15224,0.017548,0.16639,0.098144,-0.079478,-0.053694,0.048764,-0.21182,-0.098304,-0.024764,0.084907,-0.087722,-0.014865,-0.091328,-0.12328,-0.060773,0.054926,0.059604,0.0061751,-0.13362,-0.2443,0.067802,-0.086136,0.082571,-0.08232,0.098068,0.017312,-0.1567,0.23794,-0.11074,-0.048079,-0.15805,0.11332,0.084951,-0.082584,0.080913,0.040193,-0.084702,-0.067233,0.10044,-0.21182,-0.08633,0.019312,0.058591,-0.034801,-0.032282,0.17797,0.0064891,-0.20413,0.17494,-0.058815,0.022888,0.059446,-0.18759,-0.0036287,0.12798,-0.21515,0.011913,-0.01271,-0.14054,-0.032254,-0.013277,-0.24152,0.052483,-0.11233,0.036122,-0.0164,0.10421,0.092041,-0.034922,-0.05268,-0.19544,0.10957,-0.059315,0.078743,-0.15604,-0.13497,-0.029854,0.16063,0.0093893
-0.11598,0.026086,0.042603,0.25122,-0.05513,0.11335,-0.018803,0.092597,0.082855,-0.12618,-0.10635,0.12559,-0.16894,-0.044722,-0.026152,-0.086184,-0.13514,-0.15487,0.040393,0.0011027,-0.08946,-0.090526,0.073255,-0.12329,0.015929,-0.1781,-0.086581,0.10988,0.063974,-0.012486,0.018449,-0.024614,-0.024951,0.13622,-0.050917,0.031739,0.15472,0.014338,-0.001081,-0.023521,-0.17511,-0.0085449,0.0011749,-0.086792,0.11183,-0.091731,0.021186,0.11032,-0.26314,-0.10924,0.08069,-0.10108,0.16762,0.23797,-0.23724,-0.26109,-0.089976,0.052274,-0.10596,0.19688,-0.17358,0.066434,0.072836,0.040892,-0.13751,-0.18867,0.097526,-0.12674,0.050262,-0.04994,0.048285,0.038456,-0.0042511,-0.12126,0.033545,-0.1072,0.28096,0.067204,0.087184,-0.016751,0.058436,-0.19186,-0.046303,-0.20363,-0.22613,-0.12674,-0.071126,0.054661,0.024996,0.0098491,0.0090298,-0.020398,0.091295,-0.22679,-0.042874,-0.12684,0.12273,-0.11322,-0.11764,-0.042803
-0.035484,0.076212,0.1486,0.086812,-0.16932,0.14542,-0.041871,0.063787,0.092437,0.27055,-0.015315,0.031478,-0.21628,0.19153,0.21875,0.11887,0.15129,-0.062292,-0.045352,0.12922,-0.078467,-0.11802,0.042497,-0.15304,-0.084394,-0.029418,-0.19545,-0.16775,0.074218,-0.17298,-0.13259,-0.14687,0.080777,-0.025141,0.026229,-0.073141,0.10949,-0.08941,-0.056828,-0.14017,-0.27815,-0.069093,-0.0055903,-0.0050138,-0.10273,0.32017,-0.073415,-0.1194,0.085117,-0.1348,0.022516,-0.22674,0.19142,0.073403,-0.17956,-0.12363,0.071618,0.045937,-0.17251,-0.043292,0.082449,-0.14245,-0.27213,0.10329,-0.0452,0.047665,0.11721,-0.049475,-0.049095,0.10995,0.070082,0.16272,-0.0010114,-0.13825,0.013409,-0.0080144,-0.23638,0.0080107,0.080077,-0.036904,0.049474,-0.043828,-0.15977,0.1224,0.053779,0.155,0.064325,0.39074,0.069846,-0.12765,0.028676,-0.17694,0.14807,0.046784,0.0053607,0.13388,-0.05059,0.091858,-0.033991,0.034188
-0.2403,0.084325,-0.026085,0.05422,-0.1269,0.16153,-0.088904,0.003706,0.203,0.028504,-0.1088,0.099125,-0.13033,-0.039236,-0.022811,-0.17603,0.0044424,0.05193,0.080049,0.073851,0.023108,-0.014752,-0.05841,-0.15086,0.070818,0.17114,-0.041123,0.0037427,0.21579,-0.081759,-0.1445,0.17003,0.1714,-0.07642,0.066267,-0.04756,0.077329,0.02559,-0.018657,0.038278,-0.20111,0.11661,-0.203,-0.13267,-0.066216,-0.031254,0.16988,-0.092375,-0.48204,-0.048966,-0.12524,-0.18358,0.14779,0.056461,-0.23709,-0.11186,0.036477,-0.0075693,-0.096685,-0.066877,0.071566,0.017632,-0.020896,0.11657,-0.17366,-0.22079,-0.042805,-0.085617,0.16591,0.021353,0.11803,-0.039999,0.18934,-0.088485,-0.0087345,-0.097829,0.24144,-0.091891,0.10478,-0.035218,0.042757,-0.20966,0.077982,0.015157,0.15158,0.14989,-0.084602,0.059282,0.11251,-0.0058545,-0.0011061,-0.077012,0.10979,-0.066446,-0.05516,-0.0098607,0.11611,-0.11075,-0.1167,-0.079471
0.096123,0.13969,-0.25984,0.069412,-0.056107,0.081281,0.12313,0.17865,0.072907,-0.11126,-0.097535,0.12323,-0.16875,-0.1642,-0.037077,-0.055795,-0.081628,-0.1365,0.011584,0.006635,-0.0056182,-0.18163,0.076464,-0.0080851,0.28421,0.067211,0.085851,-0.197,0.084406,-0.17963,0.078301,0.27109,-0.049506,0.10502,-0.13094,0.06885,0.10591,0.24168,-0.078948,0.076491,-0.19239,0.18204,-0.047075,-0.16535,0.027836,-0.087887,0.16895,0.15925,-0.18117,-0.095829,-0.099701,-0.20601,-0.002469,-0.13894,0.0090316,0.072721,-0.18057,-0.016151,-0.1043,0.10383,-0.19278,0.25223,-0.02767,0.14502,-0.059644,0.0056828,0.16327,0.044087,0.10674,-0.011374,0.074339,-0.066844,-0.0078108,-0.13546,0.066554,-0.065374,0.13023,0.057654,0.063623,-0.12548,0.15931,-0.14025,-0.051838,-0.09525,-0.25023,0.12093,-0.1008,0.091358,0.2759,0.1079,-0.023997,-0.091829,0.0055897,-0.15885,-0.016187,0.0075928,0.16173,-0.10197,-0.11416,-0.078668
-0.10976,0.11772,-0.10156,-0.006142,0.045335,-0.010624,-0.023061,0.12114,0.21903,-0.11137,0.099379,-0.09328,-0.10112,0.14056,0.13439,-0.052371,-0.06189,0.048753,-0.15903,0.04391,-0.12003,-0.0017369,0.070342,0.052751,-0.2733,-0.06992,0.21934,-0.075905,-0.1624,0.062831,-0.057642,-0.018052,-0.061191,0.15865,-0.12897,-0.11499,-0.069642,0.14542,-0.043034,-0.00036756,-0.25789,0.20277,-0.015459,-0.047473,-0.081142,0.080815,-0.051748,0.019791,0.08272,-0.063235,0.011128,0.069887,-0.043342,0.054287,-0.033933,0.077766,0.0055973,-0.0070858,-0.057169,-0.068106,-0.042918,0.37345,0.14302,0.14084,-0.17502,0.048383,0.040051,-0.073935,-0.10005,0.049179,-0.020554,0.063203,0.0086429,0.098651,-0.058286,-0.12247,-0.071524,-0.29397,-0.12761,-0.2017,0.12068,-0.08702,0.0084614,0.06337,-0.1109,0.21548,-0.086431,0.18567,0.27523,-0.11283,0.10608,-0.24847,0.07166,-0.076715,-0.071326,0.044168,0.20358,0.32527,0.21477,-0.19223
-0.042297,0.0069507,-0.10069,0.06165,0.11482,0.1641,0.030441,0.14763,0.21021,0.046443,-0.056787,0.17454,-0.24121,-0.08974,-0.070219,0.080104,-0.13063,-0.076718,0.077892,-0.13879,0.11037,-0.064957,-0.027367,-0.057903,0.10646,0.015323,0.058568,-0.054096,0.16042,-0.083024,-0.049061,0.097596,-0.0003938,0.044881,-0.021803,-0.048017,0.080718,0.1339,-0.097442,0.019164,-0.18119,-0.0019396,0.14555,-0.092361,0.1828,0.063263,0.13137,-0.033316,-0.16464,-0.081621,0.20747,0.022897,0.12813,0.16068,0.012782,-0.12161,0.02284,-0.1222,-0.063471,0.24857,-0.058611,-0.18691,-0.13319,-0.10346,0.0054656,-0.026257,-0.02205,-0.017002,0.056361,0.12615,-0.0013537,0.1072,0.032194,-0.1953,-0.010947,-0.17635,0.19191,0.13913,0.015025,-0.18599,0.28502,-0.16174,-0.012836,-0.35041,-0.072621,0.0058574,-0.18622,0.16706,0.15035,0.24114,-0.030953,0.00063263,0.073056,-0.021994,-0.026636,0.11671,0.076229,-0.074624,-0.063406,-0.091071
-0.17111,0.10289,0.07204,0.10319,-0.047722,0.10245,0.087651,-0.06064,0.15009,0.055242,0.034993,0.10518,-0.10539,-0.10838,-0.097363,0.0051591,0.012202,0.095886,-0.032723,0.038268,0.014355,0.024739,-0.057459,-0.17208,0.18007,0.048266,0.022587,-0.097998,0.30742,-0.065093,-0.085441,0.29659,-0.067296,0.011721,-0.065628,-0.074607,0.1139,-0.01494,-0.045947,-0.035077,-0.083984,0.21411,-0.076615,-0.084958,-0.045496,0.10878,0.034004,-0.0084558,-0.35235,-0.15979,0.053007,-0.19983,0.035231,0.14418,-0.15496,-0.062008,-2.1687e-05,-0.068372,-0.034756,0.061972,0.074841,0.0060846,-0.12046,0.15132,-0.027581,-0.10781,0.18957,-0.04806,0.24449,-0.011081,-0.069567,-0.097978,0.082477,-0.21117,-0.095718,-0.21556,0.16012,-0.18419,0.16339,0.048561,0.036312,-0.31632,0.099944,0.021076,0.15702,0.28167,-0.042338,0.094111,0.1047,0.01218,-0.027258,-0.077367,-0.09105,-0.067137,0.074186,0.17878,0.025049,0.023162,-0.26383,-0.1253
0.017237,-0.11291,0.058024,-0.033022,0.11498,0.016738,-0.061824,0.17843,0.053567,-0.045228,-0.11197,0.2581,-0.20025,0.013696,-0.10535,-0.037244,0.042531,0.11906,-0.030547,-0.29813,0.071557,0.077206,-0.020349,-0.010099,-0.0061084,-0.093225,0.15498,0.048203,0.07039,-0.22234,0.065619,0.15033,-0.13949,0.27567,-0.076611,-0.020791,-0.01364,0.028605,-0.13825,-0.21786,-0.15529,-0.041256,-0.014292,-0.046365,0.092243,0.11255,0.14945,0.22109,-0.26082,-0.036698,0.1136,-0.12621,0.019024,0.030208,-0.06471,-0.11611,0.039768,0.045503,0.025709,0.2471,-0.096004,-0.074974,-0.054506,0.16519,0.17591,-0.15098,0.13995,-0.012755,0.14929,-0.054855,0.0030782,-0.13533,0.14251,-0.18722,0.07818,-0.11149,0.22627,0.22794,-0.13093,-0.16345,0.29602,-0.21222,-0.023602,-0.22234,-0.13322,0.075922,-0.096195,0.12417,0.25371,0.30767,-0.14278,-0.045412,-0.14602,-0.26317,0.17545,-0.18194,0.1685,-0.037496,-0.082564,-0.12489
0.11794,0.039624,-0.078645,0.080745,0.045213,0.024332,-0.15726,-0.111,0.077759,0.0060438,-0.15022,-0.1441,-0.16492,0.11194,0.011357,-0.047575,-0.051181,-0.12798,0.038757,-0.22837,-0.064479,-0.091636,0.082635,-0.12471,-0.083621,0.17253,-0.081494,-0.055109,0.23496,-0.093195,0.016896,0.15082,-0.15084,0.16887,-0.11705,0.091478,0.16258,0.11447,-0.036115,-0.11887,-0.086423,-0.077847,-0.080086,-0.17416,0.037506,0.14736,0.1275,-0.010557,-0.17695,-0.22213,0.17182,-0.1889,0.19067,0.28318,0.1169,-0.11821,0.029849,0.045766,-0.19257,0.2597,-0.13675,0.16977,-0.12437,0.11331,0.2554,0.034846,0.076351,-0.093513,0.031966,0.10178,0.023325,0.12347,-0.029925,-0.19021,0.0074919,0.048877,-0.0078666,0.17876,0.033276,-0.21512,0.26836,-0.17125,0.2197,-0.34267,-0.21052,0.29273,-0.016181,0.22838,0.331,0.14595,0.053508,-0.018161,0.00019051,-0.065166,0.084539,0.06273,-0.026673,0.11161,-0.29423,-0.035392
-0.029643,0.28257,0.15208,0.037949,0.10048,-0.043366,-0.10736,0.14317,0.1331,-0.046808,-0.0007456,0.080754,-0.26488,0.26121,0.11607,0.0020216,-0.12085,0.076632,-0.14592,0.025517,0.032246,-0.035567,-0.07944,-0.19049,-0.2021,-0.0094774,-0.07768,0.1589,-0.085035,-0.049431,0.20068,-0.17385,-0.066968,0.0072895,-0.13518,0.11538,-0.014256,0.076865,-0.074584,-0.026008,-0.12401,-0.028961,-0.16368,-0.072934,-0.00048736,0.32116,0.047259,-0.0037423,0.038395,0.0004427,0.017532,-0.20529,0.077969,0.043902,0.080035,-0.10703,-0.035524,0.060679,-0.018041,0.31158,-0.18341,0.15385,0.11855,-0.017175,-0.20242,0.040622,0.045754,-0.14477,-0.067307,-0.1091,-0.068375,0.0014417,0.082381,0.058594,-0.22936,0.14534,-0.094955,-0.12105,0.06676,-0.099149,0.13711,0.11979,0.08248,0.040999,0.00074941,0.082637,-0.1562,0.091901,0.12948,0.072312,0.22929,0.036377,-0.13651,0.049033,0.23357,-0.070945,0.016133,0.26403,-0.13958,0.088969
-0.028082,0.12933,0.061332,-0.016684,-0.061723,0.26561,0.050099,0.094667,0.13287,-0.00069937,0.18901,0.13161,0.022659,0.056137,-0.006431,-0.059783,0.1132,-0.03487,0.052516,0.21888,-0.21087,-0.036622,-0.080523,-0.013392,-0.1319,-0.033901,0.070984,-0.18387,0.059692,-0.063142,0.047657,0.078484,0.1074,0.04195,-0.10409,-0.16069,0.070954,-0.05112,-0.11276,-0.21869,-0.24324,0.12978,-0.088359,0.016958,-0.10904,0.0037884,-0.066188,0.0094115,0.088083,-0.15346,0.01798,-0.14258,0.09773,0.080165,-0.11528,0.057974,0.041222,0.044265,-0.010369,-0.0022601,-0.19951,0.081984,0.11068,0.069454,-0.19496,-0.0062053,0.021932,-0.066072,0.086111,0.018674,0.14667,0.14295,-0.08935,-0.011957,-0.084814,-0.0021849,-0.12467,-0.049311,-0.037021,0.1057,-0.027074,-0.12972,-0.14094,0.12102,0.01531,-0.020522,-0.12001,0.058815,-0.039021,0.028991,-0.1188,-0.14671,0.07015,-0.07387,-0.03705,-0.050878,-0.14053,0.045641,0.13974,0.012455
0.035289,0.069282,-0.064617,0.07199,-0.072414,0.374,-0.060442,0.24299,0.098946,0.087596,0.11607,0.10829,-0.13195,0.059826,-0.03825,0.041638,0.14862,0.00015803,-0.10297,0.17555,-0.26475,-0.011676,-0.1391,-0.0032671,-0.068701,-0.019886,0.021429,0.034048,0.065291,-0.085442,-0.049212,0.045371,-0.044312,0.11347,0.031047,-0.15703,0.062952,0.059604,-0.11184,-0.26477,-0.14865,-0.020747,-0.10539,-0.062134,-0.13834,0.03393,-0.058237,-0.0709,0.17331,-0.29122,0.012954,-0.091474,0.13664,0.028161,-0.066965,0.033348,0.024593,0.094921,-0.055808,-0.071026,-0.17118,0.018377,0.078971,0.051064,-0.031135,0.0026738,-0.041437,-0.074551,-0.010706,-0.009405,0.086926,0.17879,0.012334,-0.12598,0.087684,-0.09952,-0.32812,-0.069144,-0.070449,0.095422,-0.013478,0.06796,-0.079733,0.050422,-0.075552,-0.12655,-0.070658,0.2621,0.07642,0.21469,0.000934,-0.29514,-0.10988,-0.16361,0.0333,-0.088595,-0.15564,0.068956,0.015421,0.14012
-0.0072106,0.040665,0.011017,0.26585,0.12999,0.078595,-0.12375,0.25016,0.24606,0.05489,-0.017586,0.10688,-0.13976,0.22897,0.08329,0.14575,-0.057527,0.026608,-0.13998,-0.062795,0.039069,-0.15501,0.0068736,-0.17643,-0.25705,0.15136,0.0042469,-0.071393,-0.052734,0.007779,-0.068483,-0.21609,0.04073,0.091136,-0.10956,-0.031601,-0.10449,0.15488,-0.14292,0.08532,-0.22533,0.16313,-0.012909,0.02439,-0.016096,0.28075,-0.016289,-0.14384,0.12867,-0.046324,0.19284,-0.052809,0.099475,0.14835,-0.030079,-0.20342,-0.023911,-0.10355,0.0093786,0.022563,0.028929,-0.071168,-0.0050623,-0.0073074,0.013207,0.051085,-0.17006,-0.059465,-0.097302,0.16278,-0.012514,0.11852,0.018774,0.10422,-0.30861,0.058735,-0.17985,-0.1287,-0.19844,-0.15749,0.084055,-0.044554,0.02905,-0.11444,-0.12449,0.20908,-0.139,0.13194,0.1208,0.11348,0.020228,-0.22399,-0.046919,-0.053817,0.00016595,0.15287,0.23331,0.17487,-0.019978,-0.026008
-0.062116,-0.018041,-0.020684,0.095237,-0.037499,0.16496,-0.14719,0.021392,0.099416,-0.19011,-0.137,0.10533,-0.19478,0.015682,-0.13217,-0.10694,-0.099879,-0.10588,-0.024964,-0.055727,-0.010187,-0.1056,0.12118,-0.1905,0.22889,0.11741,0.18368,-0.13707,0.019406,-0.094088,-0.025334,0.20882,0.051387,0.044083,0.011754,-0.063928,0.23968,0.032553,-0.12292,-0.075283,-0.033757,0.11962,-0.17018,-0.048676,0.11666,0.047886,0.046668,0.015259,-0.25915,-0.019355,0.12865,-0.29553,0.015068,0.11559,-0.24809,-0.15546,-0.019293,0.10441,-0.04011,0.24334,-0.088798,0.1366,0.012368,0.13554,-0.024395,-0.095975,0.091118,-0.15101,0.12203,0.086353,-0.01872,-0.00088517,-0.058308,-0.27269,0.035828,-0.065019,0.17241,0.044414,0.12431,0.10363,0.085802,-0.20052,-0.083385,-0.22459,-0.12367,0.08113,0.0031365,0.20222,0.15695,0.051157,0.084715,-0.0044507,-0.075757,-0.094508,-0.056773,0.10002,0.016027,-0.012166,-0.19056,-0.14775
-0.028756,-0.0041202,-0.057817,0.061204,-0.040439,0.27922,-0.14109,0.0066326,0.050838,-0.1413,-0.12574,0.10599,-0.27768,-0.030084,-0.14818,-0.056327,-0.11656,-0.13016,-0.059403,-0.020793,0.088272,0.015087,0.071051,-0.16448,0.25091,0.029004,0.13025,-0.16956,-0.0084219,-0.065046,-0.030086,0.1809,-0.0063891,0.068265,0.042282,-0.085233,0.23175,0.11149,-0.12485,-0.15608,-0.11034,0.1363,-0.12438,-0.091129,0.15433,-0.02171,0.095059,0.00039876,-0.21676,-0.037375,0.15828,-0.27846,0.074059,0.041088,-0.31397,-0.09722,-0.058166,0.072048,-0.02011,0.20277,-0.14977,0.17293,-0.036894,0.093113,0.019627,-0.080055,0.14167,-0.15906,0.044024,0.073949,-0.061386,0.020989,-0.10742,-0.32378,0.029854,-0.12627,0.1572,0.063195,0.12259,0.0549,0.10388,-0.16181,-0.049318,-0.19553,-0.11614,0.10973,-0.048546,0.094351,0.18728,0.091045,0.089471,0.039213,-0.085538,-0.041585,-0.054708,0.2148,0.0066579,-0.0291,-0.18959,-0.12306
-0.026272,0.052955,0.12258,0.18105,0.012323,0.24201,-0.00038,0.13844,0.16952,-0.15383,-0.14408,0.091531,-0.10084,-0.067012,-0.11078,-0.0067127,-0.19583,0.013489,0.12564,-0.060689,-0.070066,0.015305,0.073935,-0.12163,0.18332,0.08123,0.030247,-0.20184,0.047581,-0.067544,-0.050805,0.036442,0.04144,0.097241,0.077817,-0.13709,0.18668,0.058759,-0.19252,-0.128,-0.19516,0.13119,-0.02159,-0.13942,0.17649,0.013406,0.1394,-0.049745,-0.16483,0.06996,0.049056,-0.13964,0.17703,0.19513,-0.11084,-0.033638,-0.026374,0.029518,0.013839,0.20094,-0.11597,0.032911,0.013946,0.051472,-0.20656,-0.17735,0.1083,-0.10671,0.12497,-0.059253,0.097172,0.082301,0.04283,-0.14234,0.02043,0.0076026,0.18562,0.012667,0.1301,-0.054315,-0.04532,-0.26724,-0.010078,-0.22513,-0.0067716,0.048675,-0.12513,0.076542,0.12707,0.12676,-0.055509,0.091474,0.13256,-0.25135,-0.05652,0.072596,0.1236,-0.091109,-0.24211,-0.1465
0.19624,0.0025457,-0.062475,0.21249,0.075036,0.070151,-0.348,0.088848,0.2475,0.010442,-0.19017,-0.020664,-0.080896,-0.003596,0.14887,-0.045282,-0.21273,0.095928,-0.018508,-0.024493,-0.084608,-0.056089,0.097149,0.016734,0.16619,-0.06796,-0.054162,-0.094335,-0.10166,0.014571,-0.027231,-0.040727,-0.1126,0.011805,0.035258,-0.1033,0.18042,0.093457,-0.086534,-0.013762,0.10586,0.1557,-0.25134,-0.065669,0.047104,0.11194,0.041432,0.047073,0.16888,-0.055548,0.0027627,-0.095657,-0.056962,0.08304,-0.12522,-0.084773,0.1201,-0.025104,0.10264,0.094943,-0.28642,-0.0010272,-0.019251,0.098111,0.041838,0.16963,-0.0085619,0.067829,-0.2002,0.019706,-0.12764,-0.2398,0.13291,-0.1321,0.025069,0.013836,-0.054704,-0.029099,0.10268,-0.071848,-0.066106,0.024181,0.1793,0.058767,0.13857,0.091407,-0.030744,0.12999,0.17208,-0.038,0.13323,-0.16126,-0.10376,-0.092719,0.10398,0.042589,0.13093,-0.16613,-0.0033183,-0.056741
-0.16069,-0.03337,0.029378,0.18268,-0.038956,0.099698,0.0056475,0.052797,0.040728,-0.14731,-0.15068,0.22492,-0.17143,-0.012884,0.021193,-0.082198,-0.13344,-0.10588,0.054013,-0.032597,-0.077622,-0.059685,0.066017,-0.070801,0.015086,-0.1627,0.00076201,0.10136,0.046097,-0.049201,0.017145,-0.020663,-0.068259,0.12958,-0.023939,-0.027699,0.1222,0.10858,-0.011391,-0.0975,-0.23278,-0.016207,-0.030971,-0.13775,0.13039,-0.075685,0.045246,0.10755,-0.16125,-0.11517,0.036438,-0.10833,0.21311,0.21246,-0.23951,-0.27425,-0.15188,0.024949,-0.098228,0.18115,-0.19544,0.067767,0.048385,0.074262,-0.12619,-0.15347,0.16992,-0.16047,0.11432,0.032928,0.05814,0.020743,-0.004658,-0.10845,-0.021168,-0.095725,0.2309,0.099304,0.11711,0.036547,0.031166,-0.20183,0.0013529,-0.18061,-0.25012,-0.087036,-0.16363,0.051066,0.09965,0.032266,0.0080597,-0.025439,0.091126,-0.21286,-0.037155,-0.13504,0.093583,-0.14312,-0.1011,-0.055492
-0.09761,-0.08857,-0.043262,0.12871,0.019967,0.040706,0.07979,-0.095087,0.090124,-0.080459,-0.055416,0.11345,-0.16241,-0.038328,-0.17005,-0.099012,-0.015107,-0.1489,-0.079631,-0.13948,-0.048076,-0.094341,-0.029299,-0.057023,0.14667,0.082016,0.13901,0.17006,0.19543,-0.1658,-0.041244,0.20485,-0.045367,-0.0017281,-0.052067,0.072123,-0.018158,-0.082753,-0.1292,-0.07955,-0.15251,0.077402,-0.011027,0.040381,-0.1067,0.028561,0.18302,-0.054005,-0.3816,-0.04706,0.080913,-0.37717,0.11255,0.023054,-0.013303,-0.1276,-0.0096625,-0.013265,-0.076405,0.090588,-0.011074,-0.20025,0.014307,-0.074523,0.22746,-0.12311,0.14522,-0.05312,0.22381,-0.046038,0.11256,0.065765,-0.056389,-0.19165,-0.13464,-0.097235,0.15507,-0.011198,0.059504,0.042875,0.13029,-0.26377,-0.084737,-0.11265,0.042774,0.20889,-0.1412,-0.032427,0.2578,0.027905,-0.16787,-0.020287,-0.23348,-0.05694,0.0038647,0.24249,0.060187,-0.096828,0.017874,-0.14915
-0.15514,0.13286,0.027625,-0.025952,0.042878,0.050533,-0.014408,0.094956,0.080629,0.037654,0.1339,0.050581,-0.064062,0.30956,0.14977,0.081647,-0.24162,-0.040497,-0.051845,-0.039667,0.063795,-0.13749,0.0039645,0.06596,-0.20396,-0.026536,-0.21608,-0.070935,0.18202,-0.047302,0.021931,0.049699,0.12526,-0.17774,0.032559,0.13851,-0.08323,0.043925,0.014358,-0.13345,-0.09804,0.18932,-0.18986,0.12095,-0.1808,0.25173,0.10101,-0.15113,0.10219,-0.020802,0.047544,-0.21387,0.20232,0.062341,-0.0037731,-0.14618,0.044724,0.18613,-0.036238,0.091297,0.00040214,0.13944,0.070191,0.037564,-0.086346,0.12309,-0.0088902,-0.10263,0.1025,-0.064469,0.014363,-0.014582,0.072551,0.056269,-0.057989,-0.093132,-0.028844,-0.11744,-0.097182,-0.16061,0.12791,-0.012369,-0.059473,0.10101,-0.093572,0.082967,-0.074713,0.17498,0.047394,0.047023,-0.031564,-0.043034,-0.11372,-0.070792,0.063103,0.1825,-0.093124,0.19283,0.17532,-0.16828
-0.11621,-0.10342,-0.12361,-0.004926,0.12404,0.10313,0.12078,-0.028096,0.1983,0.040192,-0.16701,0.33506,-0.12731,-0.24846,-0.025898,0.085436,-0.18783,-0.03935,-0.013689,-0.10578,0.11184,-0.09368,-0.052045,-0.025923,0.14382,0.10761,0.0877,-0.0087383,0.13564,-0.064857,-0.061842,0.068194,-0.042708,0.036516,-0.098106,-0.016422,0.036795,0.082062,0.0089052,0.11496,-0.14916,0.14947,0.061727,0.010444,0.07509,-0.02315,0.1345,0.004539,-0.32133,-0.062984,0.10455,0.088417,0.13325,0.039043,-0.17916,-0.15076,0.036757,-0.15245,0.10404,-0.035816,0.019893,-0.11202,-0.0049962,-0.028215,-0.027329,0.059199,-0.095259,-0.1389,-0.010663,0.21002,-0.10039,0.069537,-0.038512,-0.18042,0.041341,-0.18787,0.1661,0.0651,-0.053662,-0.19014,0.20442,-0.21577,-0.021988,-0.12344,-0.0052671,0.15334,-0.0090768,0.17157,0.1465,0.19312,-0.17015,-0.13228,0.12159,-0.17568,-0.014362,0.15291,0.0894,-0.11457,-0.05376,-0.084314
0.084518,0.053957,-0.21172,0.22269,0.31819,-0.048224,-0.17454,-0.073513,0.19281,0.0028052,0.0063936,0.034448,-0.012611,0.027366,0.038352,0.062551,-0.30171,-0.014072,-0.094614,-0.13202,0.1046,-0.23071,0.043407,0.12482,-0.02527,0.044496,0.27062,0.15869,0.083359,0.051748,-0.002788,-0.083993,-0.11901,-0.13892,0.090763,0.16359,0.19051,0.047841,0.056172,-0.14761,0.09577,0.032022,-0.023939,0.13379,-0.092452,0.054618,0.055079,-0.147,0.14567,0.057828,-0.13909,-0.12495,0.40749,0.061677,-0.13155,-0.015972,-0.050589,0.085348,0.096194,0.22201,-0.01592,-0.066998,0.097822,-0.083309,-0.091651,0.22701,0.054507,0.068211,-0.18681,-0.088304,-0.12746,0.05896,0.097773,0.052189,-0.028365,-0.036671,-0.21414,-0.0071189,0.011367,0.00059482,0.1642,-0.11823,-0.17386,-0.070275,0.066989,0.12304,-0.20563,0.36531,0.03741,0.063278,0.073392,-0.22967,0.14597,0.0093137,0.12627,0.0783,-0.083916,0.38792,-0.13085,-0.13908
-0.079724,0.052788,-0.060403,-0.16454,0.13353,-0.098279,0.047635,-0.088977,0.10913,-0.010681,0.080851,-0.11713,-0.063653,0.28184,-0.027968,0.016145,0.024383,0.069387,-0.27328,-0.09,0.11531,-0.057242,0.11939,0.0041125,-0.13591,0.0022905,-0.020742,0.17834,0.07051,-0.16201,0.12374,-0.13439,-0.064901,-0.11218,-0.14086,0.021297,-0.2022,0.030688,-0.065814,0.00093453,-0.19211,0.089895,0.16214,0.1017,-0.084822,0.16874,-0.063521,-0.12644,0.081973,0.022021,-0.042228,-0.098228,0.021709,0.0058306,0.21783,0.14259,-0.071371,-0.071952,0.043625,0.19265,-0.027416,0.064346,0.097486,-0.16856,0.068799,-0.0043909,0.0026327,0.030512,-0.066415,-0.12533,-0.0016954,-0.033483,0.032784,0.036619,-0.00066839,-0.0445,-0.24,-0.17509,-0.13448,-0.16989,0.13346,0.11745,0.027048,0.014937,-0.17721,0.19138,-0.098342,0.14209,0.14001,0.12791,0.0015771,-0.060931,-0.1112,0.074729,0.15063,-0.066224,0.15291,0.12811,0.085339,0.049352
-0.045964,0.089169,0.017481,0.093938,0.07342,0.12728,-0.12571,0.18898,0.13868,0.19058,0.1331,0.12676,-0.15308,-0.035732,0.048962,-0.10916,0.12032,0.0094739,-0.019114,0.041884,-0.051373,-0.088709,-0.12525,-0.090514,0.045751,0.059852,-0.0066843,-0.057713,-0.032888,-0.033439,0.047653,0.024633,-0.037289,0.10042,-0.0086181,-0.18184,0.079379,-0.0090567,-0.10904,-0.21135,-0.035844,-0.050844,-0.081196,-0.16051,0.12156,0.08853,-0.052787,0.0045486,0.049407,-0.13709,0.067141,-0.1189,0.11234,0.06248,-0.034854,-0.018308,0.15413,-0.084436,-0.014784,-0.046159,-0.17815,-0.1731,0.098869,0.17851,0.10788,0.052899,0.097533,-0.15144,-0.053355,0.051125,0.19382,0.23794,0.062304,-0.099999,-0.11308,0.13993,-0.27128,-0.063523,-0.027091,0.0066585,0.12589,-0.071462,-0.29915,0.057764,0.058117,0.26112,-0.08967,0.19258,0.071361,0.11216,-0.091387,-0.16428,-0.00094043,-0.060296,-0.055019,-0.05656,0.021986,0.13108,0.010771,0.092219
-0.06369,-0.01022,-0.015328,0.070177,-0.046922,0.24045,-0.10017,0.046114,0.043048,-0.17628,-0.14868,0.15052,-0.27319,-0.026986,-0.11978,-0.057368,-0.10674,-0.12375,-0.06377,-0.079753,0.07719,-0.0043263,0.1276,-0.19693,0.26563,0.05772,0.16586,-0.1745,0.04155,-0.085133,0.032386,0.18153,-0.0042457,0.081194,0.037159,-0.15288,0.21996,0.12889,-0.13087,-0.15695,-0.091956,0.13511,-0.1119,-0.11332,0.12955,0.0049058,0.10618,0.011719,-0.19723,-0.046776,0.10429,-0.30368,0.095657,0.082759,-0.28656,-0.098503,-0.05018,0.075902,-0.030019,0.20678,-0.11714,0.15141,-0.026439,0.071258,-0.0096067,-0.078751,0.14687,-0.17437,0.095616,0.057074,-0.021093,0.036668,-0.060265,-0.27983,-0.020702,-0.10444,0.15193,0.07799,0.10701,0.12341,0.01088,-0.19766,-0.081214,-0.25532,-0.11466,0.064546,-0.095053,0.10929,0.17363,0.043207,0.03291,0.040124,-0.077143,-0.085741,-0.10648,0.20634,0.0093271,-0.041605,-0.18597,-0.17094
0.089064,-0.021121,0.16944,0.052863,0.10552,0.087833,-0.076356,0.10532,0.11469,0.10311,-0.22571,0.26165,-0.25101,0.1095,-0.23508,0.14576,-0.10936,0.076085,-0.11854,-0.28898,0.22472,-0.0055432,-0.19436,0.03789,0.13823,-0.054132,0.22608,0.11265,0.20911,-0.27196,0.064604,0.28209,-0.073456,0.23312,-0.0073152,-0.040915,0.03573,0.038086,-0.037963,-0.19614,0.06024,0.18246,-0.044281,0.21611,0.079489,0.072409,0.0274,0.026997,-0.25092,-0.22868,0.14054,0.036611,-0.041873,0.07064,-0.14519,-0.1086,0.075559,-0.00030572,-0.0035677,0.10784,-0.13417,0.058314,-0.14722,0.069263,0.17615,-0.102,-0.0047249,-0.067029,0.18701,-0.015379,-0.071156,-0.012362,0.11544,-0.19289,0.040566,-0.16251,0.25292,0.30983,-0.13801,-0.13747,0.19815,-0.16749,0.037877,-0.076545,-0.11262,0.081048,0.036685,0.30908,0.10738,0.22055,-0.10252,-0.094172,0.06133,-0.25661,0.25874,0.19596,0.090639,0.050522,-0.14522,-0.11686
0.0023213,-0.084586,0.13496,0.20323,0.14767,0.053779,-0.075119,0.1392,0.029814,-0.082219,-0.22146,0.22153,-0.14988,0.13104,0.069409,-0.13063,-0.10717,0.1233,-0.10315,-0.23593,0.11979,0.05746,-0.24117,0.062794,0.049611,-0.044059,0.090399,0.18765,0.2693,-0.23315,0.15664,0.047201,-0.27599,0.15172,-0.10422,-0.051272,-0.027424,0.048695,-0.090266,-0.20995,-0.12016,0.022061,-0.020071,-0.052905,0.18012,0.067827,-0.036684,0.12717,-0.22958,-0.11206,0.019027,-0.10862,0.036914,0.15229,0.024342,-0.10903,-0.010289,-0.020263,-0.13397,0.11182,-0.12132,-0.136,-0.077922,0.051854,0.059579,-0.17602,0.081356,0.0066121,0.14608,-0.010247,0.070946,0.012754,0.21979,-0.098649,0.029222,-0.042611,0.21795,0.11209,-0.020113,-0.14611,0.23463,-0.16009,0.023923,0.046276,-0.14479,0.15678,-0.07695,0.29458,0.045542,0.2872,-0.088224,-0.13476,-0.16436,-0.17544,0.087373,-0.070115,0.15052,-0.032169,-0.19544,-0.045145
0.032479,0.15953,-0.096719,0.22483,0.0062901,0.16425,0.012435,-0.092528,0.10493,-0.043424,-0.041043,0.11949,0.020969,-0.045583,-0.1204,-0.11744,-0.10978,0.060804,0.042207,-0.1227,-0.054639,-0.093049,-0.19426,0.014464,0.096668,0.038589,0.055164,0.020316,0.21992,-0.19441,-0.012618,0.16584,-0.15389,-0.13734,-0.034366,0.093607,0.07949,0.0086134,-0.045745,-0.14357,-0.030879,0.087464,-0.075829,-0.058471,0.043823,0.030229,0.074433,-0.091298,-0.29278,-0.18182,0.070586,-0.24453,0.096222,0.15155,-0.10599,-0.061019,0.011165,-0.015952,-0.12977,0.1074,0.012212,-0.0035355,0.018728,-0.0076791,-0.025715,-0.14718,0.20826,0.034154,0.17496,-0.0082074,0.0785,-0.045995,0.11373,-0.089626,0.074736,-0.068154,0.27945,-0.10041,0.035095,0.083395,0.093515,-0.29725,0.040212,0.078241,0.037821,0.092009,-0.13777,0.19801,0.099721,0.18169,-0.062605,-0.054711,-0.0059537,0.085199,0.27912,0.20195,-0.10624,0.040815,-0.21161,-0.13464
-0.19923,0.034742,0.02453,0.10928,-0.062992,0.26535,0.00082818,0.078496,-0.0043032,0.11806,0.038186,0.030741,-0.059129,0.11708,0.13877,0.015752,0.21898,0.046406,-0.072492,-0.084072,-0.23398,-0.0070952,-0.11957,-0.10208,0.039143,0.10934,-0.052585,0.038713,0.11405,-0.18482,0.12245,0.071261,0.031566,0.11128,-0.11829,-0.051476,0.086497,-0.053754,-0.071285,-0.21261,-0.273,0.096666,-0.0053589,-0.13447,-0.10491,0.058092,0.017425,0.0037378,0.16314,-0.12493,0.071301,-0.18506,0.084177,0.066684,0.060742,-0.092246,0.10596,-0.20071,0.080838,0.055782,-0.010106,0.079517,0.12731,0.045162,0.039936,0.16647,0.19035,-0.0573,0.096705,-0.02907,0.12128,0.089847,-0.061568,-0.13113,-0.074898,0.15983,-0.22438,-0.056993,-0.087152,0.12949,-0.03618,-0.09339,-0.049917,0.12938,-0.094055,0.080577,-0.0039408,0.080175,0.022465,-0.024127,-0.047689,-0.072797,0.069852,-0.14723,0.11057,-0.16447,-0.053103,0.051402,-0.12245,0.19674
0.057805,-0.019116,0.034798,0.049184,0.19121,0.099168,-0.12335,0.1667,0.028503,-0.096496,-0.29128,0.13778,-0.17176,0.048561,-0.11743,-0.075015,-0.052399,0.1339,-0.096986,-0.38711,0.066364,0.11364,-0.14576,-0.034887,0.041219,-0.13475,0.13159,0.12688,0.21226,-0.20783,0.1108,0.12904,-0.18239,0.21127,-0.12477,-0.064548,0.033998,0.087102,-0.11316,-0.3196,-0.045683,0.0082593,-0.017563,0.0062004,0.10633,0.016091,0.11409,0.20963,-0.25721,-0.13386,0.13768,-0.08197,0.068083,0.10063,-0.02176,-0.027509,0.071247,0.056622,-0.046791,0.16787,-0.16066,-0.055383,-0.1422,0.052219,0.15349,-0.12069,0.030228,-0.063516,0.032879,-0.099333,0.030003,-0.057586,0.14135,-0.23357,-0.024005,-0.19296,0.31774,0.18692,-0.077555,-0.25375,0.20632,-0.18184,0.0715,-0.14342,0.018954,0.098119,-0.080475,0.31005,0.066212,0.22435,-0.046958,0.019507,-0.055418,-0.11844,0.19229,-0.025004,0.14326,-0.039865,-0.028629,-0.10857
0.038992,0.085772,-0.14871,0.26856,0.089421,0.020443,0.045763,0.22583,0.14505,0.018732,-0.2051,0.13833,-0.17525,-0.0020806,-0.064262,0.061193,0.094745,0.093678,-0.050682,-0.010524,0.01836,-0.11292,-0.057223,0.14023,0.32398,0.20325,0.13826,-0.0040261,0.12688,-0.15303,-0.19518,0.093187,-0.087761,0.093201,0.044506,0.027803,-0.035598,0.099978,-0.14078,0.0019298,-0.10499,0.16752,-0.15515,-0.19591,0.085767,0.10358,0.033524,0.22547,-0.25497,-0.12873,0.11895,0.014125,-0.03628,0.047142,0.015891,0.0029284,0.17444,-0.048515,-0.085079,-0.064162,-0.27919,0.13071,-0.043488,0.092188,-0.049784,-0.14545,0.071236,-0.24162,0.015197,0.034509,0.12482,-3.2127e-05,0.082286,-0.065225,0.0046157,-0.054913,0.19435,-0.049357,0.17253,-0.051706,0.045244,-0.16306,0.067268,-0.1999,0.017214,0.11856,-0.22747,0.28821,0.29433,0.12946,0.032721,-0.15728,0.0025081,-0.11094,-0.079006,-0.12609,0.23034,-0.023571,-0.063545,-0.042787
-0.083124,0.087825,-0.059173,0.17118,-0.0049889,0.2099,0.073209,-0.035946,0.21902,-0.20287,-0.1467,0.16587,-0.27986,0.039798,-0.046626,-0.025708,-0.15736,0.029075,-0.042231,0.05265,0.051663,0.050411,-0.21649,-0.094737,0.13577,-0.10792,0.017467,-0.022742,0.036101,-0.20996,0.11151,0.080888,-0.15233,0.054604,0.024006,-0.10196,0.11733,0.10253,-0.082682,0.037148,-0.15123,0.07296,-0.068974,-0.039407,-0.011542,0.2086,0.14772,-0.0043701,-0.19595,-0.11758,0.04946,-0.15132,0.080896,0.091363,-0.1803,-0.060267,0.080502,-0.098244,-0.061929,-0.059572,-0.14307,0.093773,-0.061698,0.055954,-0.07505,-0.16015,-0.029093,0.095954,0.038437,-0.02081,-0.020991,0.029262,0.13554,-0.24852,-0.057451,0.00036375,0.037027,0.062489,0.10069,-0.19273,0.096756,-0.2224,-0.051617,0.12186,-0.055534,0.20584,-0.11004,0.14717,0.13653,0.1646,-0.15186,-0.13022,-0.07105,-0.20129,0.088835,0.11972,0.15951,-0.16432,-0.16166,-0.08255
-0.061473,-0.0018341,-0.065486,0.029332,0.17373,0.022642,0.0077817,0.14152,0.2845,0.021209,-0.16614,0.22689,-0.11668,-0.096202,0.01273,-0.12611,-0.079739,-0.097988,0.0025373,-0.13765,0.14283,-0.075467,0.032105,-0.15236,-0.047381,0.0063193,0.1415,-0.046434,0.10146,-0.024636,0.043417,0.11521,-0.034421,0.14403,-0.14803,-0.13961,0.087381,0.14693,-0.17813,0.072238,-0.19634,-0.007845,0.16984,-0.071082,0.244,-0.06594,0.12127,-0.0018465,-0.24505,-0.16768,0.053159,-0.1225,0.09214,0.13545,0.018397,-0.14984,0.097525,-0.087138,-0.031552,0.31345,-0.1043,-0.11838,-0.035629,-0.032307,0.046821,-0.078034,0.06464,0.020857,0.15644,0.11318,0.044089,0.19885,-0.024796,-0.039426,-0.08019,-0.18961,0.24436,0.015974,0.033739,-0.13502,0.065904,-0.20869,0.0023734,-0.20309,-0.11402,0.061145,-0.15766,0.024931,0.042763,0.31309,-0.090826,-0.1451,0.082001,-0.12653,-0.060951,0.14673,-0.074064,-0.12726,-0.08369,-0.16235
-0.049083,0.064213,-0.070311,0.1676,-0.10397,0.1171,-0.0043067,0.031755,0.16073,0.089219,-0.15356,0.23865,-0.17716,-0.10968,-0.051791,0.070241,-0.13202,-0.12712,-0.003125,-0.068533,0.076155,-0.055381,-0.090599,-0.079599,0.22323,0.17846,0.0020275,-0.097083,0.17249,-0.080295,-0.1065,0.074248,-0.040735,0.036499,-0.0081147,-0.064147,0.10097,0.17073,-0.034935,-0.059729,-0.22216,0.32809,-0.048593,-0.045837,-0.035215,-0.091084,0.090572,0.001251,-0.21253,-0.14284,-0.040957,-0.068694,0.049092,-0.10769,-0.12033,-0.17775,0.0093008,-0.078087,0.01786,-0.11736,0.039727,0.070825,-0.0071463,0.17729,-0.058286,-0.22807,0.0041867,-0.09926,0.20259,0.040304,-0.098926,0.0047727,0.057351,-0.16009,0.028255,-0.069922,0.0036413,0.069428,0.026681,-0.20582,0.077125,-0.28348,0.027078,-0.017285,0.0028416,0.068949,-0.13026,0.12901,0.12298,6.188e-05,-0.12985,-0.13068,0.066983,-0.27688,0.1096,0.33008,0.078182,-0.19066,-0.090182,-0.079106
-0.091584,0.14763,-0.026502,-0.015437,-0.1106,0.055066,0.0042108,-0.0684,0.081036,0.07872,-0.13385,-0.12124,-0.17245,0.24306,-0.039425,-0.15109,0.22523,0.042412,0.030935,0.10288,-0.29325,0.027906,-0.055413,-0.21952,0.054702,0.060776,0.015389,0.12495,0.17181,-0.099781,0.020312,-0.19388,-0.14699,-0.034844,0.022591,-0.15291,-0.011227,0.099552,-0.14808,-0.054141,-0.17569,0.12892,-0.081901,0.048337,0.074612,0.18524,0.09506,-0.13702,-0.025423,-0.069189,0.090267,-0.26222,0.05933,-0.12953,0.08131,-0.055329,0.086309,-0.0015719,-0.011966,0.14419,0.12032,-0.065414,0.24793,0.054189,0.011055,-0.025806,0.14464,-0.13487,0.058358,0.089516,-0.094984,-0.059489,0.042889,0.14918,-0.078019,0.050453,-0.19888,-0.054234,0.080572,0.0089254,0.085838,0.073966,-0.086042,0.14047,-0.25932,0.15729,-0.00051592,-0.019575,0.025558,-0.020065,0.0011045,-0.20666,-0.23671,0.12383,0.090481,0.016838,0.0066301,-0.0073118,-0.12748,0.11723
-0.083082,0.099849,-0.26815,0.0095501,0.27072,-0.018261,-0.10837,0.084125,0.28853,0.188,0.029868,0.019003,-0.32483,0.20097,0.10215,0.074494,-0.069483,0.010825,-0.2652,-0.12366,0.072729,-0.088995,-0.036587,0.0071362,-0.18923,0.057227,0.073322,0.1534,0.021101,-0.22369,0.020981,-0.081211,-0.21197,0.17714,-0.20542,-0.036069,-0.11986,0.037821,-0.22822,0.018792,-0.17129,-0.070263,0.10495,0.083262,0.090701,0.18342,-0.005355,-0.078798,0.018084,-0.041574,0.017805,-0.0068283,-0.036762,0.092985,0.25251,0.025843,0.009165,0.026173,0.083809,0.21909,-0.082233,0.099715,-0.027465,-0.036724,0.014532,0.11478,-0.0098495,-0.21268,-0.12095,0.064445,-0.050676,0.15899,0.14529,0.064754,-0.20039,0.058438,-0.10605,-0.092446,-0.22133,-0.15202,0.070222,-0.11736,0.04956,-0.030756,0.040415,0.11124,-0.25614,0.068781,0.010972,-0.01054,-0.093808,-0.23392,0.10257,0.14598,-0.017074,-0.027969,0.19299,0.10532,0.035393,0.045475
-0.066565,0.05775,-0.17685,0.17586,0.011935,0.22587,-0.041227,0.06517,0.10445,-0.014497,-0.15297,0.092332,-0.16175,0.023093,0.096409,-0.0068778,-0.018091,0.011953,-0.041906,-0.17557,-0.0066569,0.045997,0.020451,-0.073148,0.086252,0.01501,0.056279,-0.10701,0.066624,-0.074506,-0.011033,0.22936,-0.041311,0.21871,-0.11911,-0.007785,0.226,0.33646,-0.018148,-0.12663,-0.25797,0.0027565,-0.048413,-0.15653,0.14747,0.071419,0.23942,0.18042,-0.12277,0.011616,0.26365,-0.12904,0.12525,0.18105,-0.14455,-0.15288,-0.13743,-0.1155,-0.10738,0.17951,-0.013987,0.065932,-0.16452,0.10138,-0.045369,-0.13868,0.04602,-0.0072793,0.037027,0.23531,0.081462,-0.034596,-0.0554,-0.23126,-0.017989,-0.0091661,0.1841,-0.0025283,-0.022767,-0.17168,0.21092,-0.19779,-0.015112,-0.221,-0.047289,0.15382,-0.003886,0.12284,0.18536,0.12227,-0.045741,0.038345,0.064791,-0.025676,0.050792,0.12547,0.10308,-0.046131,-0.16877,-0.13869
-0.1007,0.011635,0.13347,-0.010236,-0.11965,0.09162,0.048975,0.083271,0.20244,0.009032,-0.068067,0.067934,-0.1041,0.10419,-0.048551,0.08752,0.078159,0.22245,0.056524,-0.03425,0.008471,-0.050753,-0.018997,-0.0042958,0.082272,0.064056,0.1101,0.13295,0.10657,-0.26832,-0.069929,0.047259,-0.087155,0.019102,0.25574,0.04277,0.22758,0.018755,-0.050961,0.075907,-0.26541,0.08787,-0.1067,-0.032972,-0.13908,-0.087117,0.2054,0.13421,-0.22771,-0.1312,0.020928,-0.057111,0.18895,0.204,-0.22222,-0.049464,0.12855,-0.01459,-0.18186,0.12248,0.037046,0.16485,-0.096312,0.01832,-0.24066,-0.041487,0.12922,-0.030428,0.22956,-0.029383,-0.00054307,-0.11256,0.14843,-0.099601,-0.033776,-0.16526,0.17852,-0.044073,0.14995,-0.16603,-0.055366,-0.23281,0.065455,0.016958,-0.0055874,0.094566,-0.14666,0.25806,0.053666,0.12539,-0.22987,-0.049022,-0.14666,-0.15721,0.11185,-0.11,0.12182,-0.17332,-0.12319,-0.07395
0.037969,0.1797,0.059844,0.085789,0.046169,0.082183,-0.02537,0.0023076,0.012371,-0.12662,-0.32624,0.13267,-0.16457,-0.067473,-0.094049,0.007967,0.053056,0.060073,0.14217,-0.14263,0.015825,0.0021731,0.081287,-0.16997,-0.10986,0.0084423,0.078788,-0.047969,0.12476,-0.072734,-0.044816,0.17129,-0.073406,0.13919,0.034339,-0.075677,0.3057,0.080735,-0.0049625,0.055266,-0.20642,-0.073201,-0.03122,-0.086149,0.098191,0.26284,0.16485,0.20333,-0.14465,-0.1033,0.098659,-0.22392,0.029998,0.098637,-0.10777,-0.14394,-0.072484,0.0016511,-0.03326,0.066804,-0.11675,0.12766,-0.026584,0.18182,-0.13414,-0.16485,0.11224,-0.10668,0.033057,0.060099,0.12005,-0.038351,0.12317,-0.19828,-0.076165,-0.18938,0.27041,-0.0084879,0.038112,-0.11954,0.31325,-0.21551,-0.0065036,-0.25473,-0.15945,-0.037565,-0.23144,0.15743,0.010439,0.1001,0.083787,0.10409,-0.046942,-0.16059,0.17085,0.027184,-0.09473,-0.095827,-0.085022,-0.035752
-0.096097,-0.0030305,-0.023441,0.10299,-0.0053024,0.19167,-0.12132,0.040514,0.087302,-0.21106,-0.08805,0.13379,-0.2047,0.024674,-0.11915,0.014371,-0.082632,-0.12527,0.0078908,-0.079722,0.020991,-0.0023527,0.081356,-0.15261,0.2186,0.12678,0.19696,-0.14404,0.036727,-0.062485,-0.076333,0.17451,0.035145,-0.035746,0.034098,-0.10615,0.22823,0.089135,-0.078511,-0.1326,-0.13505,0.093559,-0.22879,-0.061595,0.19649,-0.010501,0.034985,0.04612,-0.17885,-0.079759,0.15105,-0.20709,0.080906,0.12518,-0.24385,-0.11255,-0.033951,0.017964,-0.046719,0.24406,-0.12049,0.15096,-0.012764,0.12989,-0.029121,-0.089292,0.14605,-0.10007,0.16625,0.079523,0.018081,0.071881,-0.05618,-0.24928,0.049734,-0.099494,0.14091,0.027982,0.10242,0.067432,0.057591,-0.19817,-0.05962,-0.19128,-0.14732,0.10325,-0.048025,0.21472,0.16815,0.097087,0.055117,-0.019041,-0.057566,-0.025441,-0.067381,0.14245,0.024505,-0.078242,-0.2011,-0.17355
0.03125,0.045308,0.055072,0.17288,-0.0094673,0.25319,-0.060908,0.13081,0.17437,-0.099031,-0.15362,0.091424,-0.11876,-0.037804,-0.10579,-0.032482,-0.20272,0.027476,0.15544,-0.026591,-0.046215,-0.059233,0.077409,-0.10769,0.14669,0.095355,-0.039962,-0.23133,-0.022459,-0.04365,-0.046055,0.15092,0.041215,0.12862,0.089511,-0.0044649,0.183,0.0039887,-0.1777,-0.10229,-0.10108,0.043665,-0.082897,-0.091783,0.14568,0.070155,0.18089,-0.063462,-0.21069,0.1182,0.10228,-0.22241,0.16098,0.18393,-0.13808,-0.095483,-0.026839,0.12441,-0.012692,0.19669,-0.15098,0.045355,0.020469,0.08208,-0.1858,-0.19148,0.10612,-0.079133,0.10964,-0.053231,0.10813,0.024307,0.0056487,-0.15438,0.040661,-0.00011977,0.20547,0.028042,0.11901,-0.048965,0.052468,-0.24868,0.00089326,-0.2412,-0.062591,0.055976,-0.065176,0.044535,0.11597,0.16986,-0.040571,0.094013,0.02315,-0.2031,-0.0098456,0.088932,0.089583,-0.073828,-0.21929,-0.16926
-0.049899,0.0026822,-0.061305,-0.057217,0.11796,-0.037714,-0.009913,-0.039983,0.03095,-0.10579,-0.12597,0.1813,-0.22378,-0.070284,-0.050441,0.01716,-0.023291,0.011053,0.049518,-0.13574,0.080828,-0.012313,0.041946,-0.062794,0.16708,-0.024229,0.013776,0.11131,0.17075,-0.1658,0.10586,0.19517,-0.046568,0.12119,-0.15977,-0.051323,0.078956,0.0091377,-0.014302,-0.1048,-0.16288,-0.030402,-0.040917,-0.16177,-0.0028646,-0.095844,0.17557,0.21113,-0.048007,0.015776,0.14466,-0.16499,0.19486,0.1114,0.12078,-0.11568,0.04064,0.079546,0.004719,0.31192,-0.16129,0.17946,-0.039969,-0.081552,-0.0091517,-0.1107,0.13893,-0.0019866,0.18432,-0.051246,0.0045211,0.01067,0.030421,-0.12548,0.020398,-0.042125,0.17338,0.26964,-0.073158,-0.089545,0.17624,-0.11961,-0.065139,-0.12824,-0.062059,-0.0098304,-0.12736,0.14163,0.13031,0.24427,-0.049986,0.058953,-0.025745,-0.0086194,0.09938,-0.14814,-0.0045819,-0.020951,-0.17308,-0.14682
