-0.22,0.1531,-0.21655,0.064381,0.11017,-0.010271,-0.11173,0.040645,0.089177,0.2835,0.023795,-0.11162,0.0074777,0.023821,-0.041971,-0.014294,-0.12083,-0.22985,-0.24614,-0.06323,-0.13243,-0.017047,-0.043461,-0.083282,-0.10649,0.16138,0.12217,-0.13827,-0.031023,-0.095695,-0.057242,-0.00032248,0.025433,-0.015712,0.083653,0.0095743,-0.11486,0.18707,-0.034237,-0.026332,0.032104,-0.058866,-0.063568,-0.032567,0.043798,0.16957,0.066881,-0.088401,0.15687,-0.03822,0.14408,-0.043573,0.0073394,0.19256,0.15593,-0.077912,-0.013024,-0.15157,0.034424,0.023792,-0.016056,-0.1466,0.11546,0.046928,0.18377,0.12658,0.054666,-0.16091,0.0012771,-0.030687,-0.12591,-0.1336,0.030114,0.12573,-0.046438,0.1412,-0.097046,-0.011655,-0.054435,-0.084783,-0.12041,0.013851,-0.080088,-0.013355,0.025628,-0.0013246,-0.14844,0.28366,0.10129,-0.00019782,0.030668,-0.1432,0.07551,-0.12897,0.18244,0.026065,0.058781,-0.0084545,0.058655,0.044337
-0.024379,0.084843,-0.017529,0.13895,0.051085,0.20159,0.054019,0.11337,0.17137,-0.044565,-0.081204,0.213,-0.18815,-0.12367,0.021344,-0.045138,-0.14523,-0.11341,-0.009757,0.011929,-0.044796,-0.15741,-0.020624,-0.010546,0.18341,-0.13055,0.17368,-0.064813,0.10228,-0.056914,0.010357,0.10491,-0.084618,0.17219,-0.023079,0.13523,0.2087,0.15671,-0.05134,-0.0031912,-0.1045,-0.015454,-0.014323,-0.12194,0.035675,0.0046126,0.1641,0.31199,-0.091098,-0.1288,0.13889,-0.10934,0.13593,0.12537,-0.25285,-0.11948,-0.15543,0.034929,-0.077254,0.084408,-0.26172,0.1616,-0.15103,-0.014139,-0.037428,-0.18934,0.1522,-0.007625,-0.0072671,-0.080666,-0.043946,0.058277,0.13501,-0.054308,0.1061,-0.11548,0.31571,0.060526,0.032764,-0.17698,0.064691,-0.14338,-0.062632,-0.26565,-0.12981,-0.064927,-0.18053,0.16074,0.029162,0.12553,-0.037307,0.11903,0.063835,-0.17089,0.010117,0.040087,0.14745,-0.073859,-0.094756,-0.14995
-0.034632,0.16295,0.07037,0.056277,0.038383,0.20025,0.15449,0.13262,0.1661,0.14397,0.13711,0.11593,-0.10042,0.073716,-0.066119,-0.089611,0.036488,-0.012713,0.0011131,0.13086,-0.1073,-0.019801,0.072675,-0.20669,-0.013893,0.050441,0.022028,-0.15908,-0.18599,0.094489,0.063994,0.066312,-0.16417,0.23213,-0.025812,-0.21589,0.12281,-0.094659,-0.092999,-0.15519,-0.040884,0.13328,-0.032766,0.10355,-0.11052,0.084768,-0.097537,-0.051374,0.087733,-0.085677,0.093053,-0.15073,0.036102,0.16705,-0.24216,0.11951,-0.078913,-0.10276,-0.16783,-0.25831,-0.24029,-0.17081,0.069201,0.041629,-0.1215,-0.13936,-0.095598,-0.024457,-0.20524,0.060248,0.10484,0.20024,-0.26185,-0.18924,0.059202,0.11399,-0.3558,-0.15412,0.072798,-0.05469,0.11067,0.092393,-0.30482,0.0080546,0.15864,0.096406,-0.20895,0.31647,0.12612,0.18204,0.010124,-0.038582,-0.058156,-0.077962,0.025273,-0.05195,0.094057,-0.0029752,-0.052514,-0.16264
-0.040206,0.11537,-0.044058,0.25527,0.089019,0.18676,0.055501,-0.080829,0.15849,-0.042318,-0.077372,-0.034101,0.021979,-0.08196,-0.072175,-0.096129,-0.2102,0.084635,0.08581,-0.096276,0.025387,-0.069446,-0.092827,-0.074093,0.087407,-0.070561,-0.043766,-0.028226,0.26255,-0.16715,-0.002897,0.08788,-0.02702,-0.17284,-0.11976,0.13912,0.027106,0.013455,0.03607,-0.1586,0.0062213,0.085132,-0.046897,-0.16002,0.040521,-0.027913,0.065077,-0.11615,-0.2615,-0.26041,0.0536,-0.16339,0.025522,0.15074,-0.077642,-0.11485,0.070405,0.065666,-0.09645,0.079828,0.00078664,0.013003,0.016754,0.040311,-0.021619,-0.21536,0.057286,0.048537,0.19,-0.027205,0.10317,-0.060341,0.14045,-0.11008,0.24962,-0.15962,0.31011,-0.002006,0.023942,-0.048474,0.14885,-0.23014,-0.020568,0.02803,-0.035618,0.028996,0.011281,0.19563,0.038929,0.096673,-0.021557,-0.13945,0.026937,0.020747,0.24507,0.11688,0.026946,-0.076638,-0.18927,-0.13327
0.12352,-0.015378,-0.0039122,0.056579,0.036248,0.28877,0.089174,0.16776,0.034766,0.07186,0.072599,-0.06407,-0.0075369,0.045847,-0.045118,0.10893,0.14777,0.019807,-0.18438,0.12705,-0.23266,-0.11867,-0.036815,-0.13755,-0.009076,-0.031706,-0.022832,-0.067123,-0.050563,0.0029223,-0.067478,0.039348,-0.10001,0.1195,0.16963,-0.12548,-0.039046,0.0078577,-0.145,-0.14026,-0.1966,0.090106,-0.035409,0.19988,-0.085,0.12883,0.053603,-0.08551,0.010811,-0.15146,-0.052952,0.073092,-0.035795,0.23216,-0.18292,-0.095714,0.034448,0.1136,-0.093272,-0.092848,-0.025322,-0.15472,0.12341,-0.030405,-0.02328,-0.094364,-0.027333,0.031813,0.10362,0.051735,0.090121,0.14449,-0.0079715,-0.039841,-0.031931,0.12541,-0.28562,-0.17866,-0.0054605,0.034175,0.014176,0.0061673,-0.16867,-0.019709,-0.13051,0.12041,-0.17332,0.11932,0.10285,0.045533,-0.053753,-0.075766,-0.097286,-0.022564,-0.042457,-0.31635,0.0025035,-0.16021,-0.11408,0.075995
0.014708,0.013518,0.032189,-0.0083411,0.17745,0.10481,-0.065367,0.087505,0.027663,-0.1109,-0.2133,0.19597,-0.1992,0.052433,-0.1548,0.039229,-0.013753,0.085948,-0.059942,-0.31289,0.16288,0.14366,-0.085773,-0.0099608,0.038391,-0.114,0.14207,0.046163,0.19306,-0.17933,0.039573,0.1857,-0.13907,0.12648,0.019774,-0.063206,0.045406,0.13029,-0.0388,-0.26334,-0.044819,-0.093338,-0.10066,0.022487,0.16407,0.072558,0.14697,0.14658,-0.1505,-0.16158,0.15972,-0.090335,0.04915,0.10016,-0.031291,-0.052589,-0.023818,-0.069752,-0.053681,0.22927,-0.11342,-0.083429,-0.13041,0.050273,0.13727,-0.11087,0.0064752,0.051927,0.083415,0.032882,0.046636,-0.0519,0.14354,-0.15849,0.040431,-0.14329,0.27725,0.23679,-0.14636,-0.15648,0.2964,-0.19703,0.027824,-0.23667,-0.10821,0.12686,-0.065089,0.31269,0.13151,0.32562,-0.040279,-0.092916,-0.065882,-0.095844,0.20523,-0.027289,0.0074317,-0.035696,-0.094966,-0.16293
0.011558,0.060798,0.055213,0.018921,0.102,0.19628,-0.23699,0.0027535,0.1806,0.1961,-0.06253,0.0054154,-0.16561,0.15628,-0.041749,-0.1136,0.043171,-0.093012,-0.069214,-0.028931,-0.21693,0.034739,0.13714,-0.15064,-0.035673,0.024467,0.23311,0.072087,-0.025196,-0.1029,0.09308,-0.2036,-0.1166,0.10381,0.090086,-0.15369,-0.0073328,0.020695,-0.015999,0.18018,-0.068651,0.23617,-0.2627,-0.13326,0.088838,0.30645,-0.096182,-0.10548,0.14747,-0.028528,-0.022245,-0.24643,-0.055544,0.16853,0.079924,-0.038488,0.040888,-0.090524,-0.10729,-0.11683,-0.059309,-0.17507,0.039621,0.027468,0.073836,0.0012982,0.019649,-0.045434,-0.19544,0.052975,-0.085561,0.056684,0.080286,0.18755,-0.13581,-0.18129,-0.16036,-0.061366,0.020491,-0.08232,-0.029281,0.035654,0.061901,-0.057851,-0.053249,0.082412,0.0042903,0.21075,0.16803,0.026933,0.11139,-0.22724,0.01351,-0.15741,-0.059833,0.12794,-0.011824,-0.040974,-0.051766,0.038137
-0.016064,-0.08748,-0.014449,0.13083,0.099953,0.27209,-0.062491,0.21263,0.19898,0.21003,0.032009,0.10603,-0.2465,-0.032795,-0.065383,0.10542,0.091249,-0.084491,-0.11076,0.06946,-0.26721,-0.23632,-0.079205,-0.082531,0.044346,0.0388,0.24231,-0.062852,-0.14886,-0.23804,0.042647,-0.066012,0.21967,0.26078,-0.023374,-0.045995,0.030585,0.23965,-0.11143,-0.067493,0.030744,0.13567,-0.17041,0.051727,-0.0055122,0.038993,-0.24744,-0.081793,0.12121,-0.21877,0.18088,-0.12487,-0.0036079,0.077509,-0.13298,-0.21181,0.18628,0.001409,-0.035656,-0.1851,-0.22818,-0.22831,0.0011618,-0.023756,0.054054,-0.08137,0.20238,-0.02852,-0.11272,0.17988,-0.047106,0.26042,0.082493,0.035624,-0.16422,-0.06123,-0.21317,-0.031088,-0.022485,0.07526,-0.15148,0.060289,-0.06886,-0.3072,-0.16107,0.14091,-0.24583,0.23143,0.13015,0.13102,-0.12151,-0.050176,0.099581,-0.17044,-0.01322,-0.037189,0.13165,0.0075033,0.12707,0.18804
0.033014,0.060791,-0.087934,0.080604,0.17606,0.18665,0.14159,0.15616,0.15686,-0.14551,-0.075375,0.086862,-0.06676,-0.084363,-0.10624,0.14738,-0.13568,0.099733,0.063474,-0.16741,-0.02898,-0.12804,0.072653,0.13404,0.019324,-0.052873,0.1604,0.0057651,0.1086,-0.014741,-0.024502,0.14752,-0.24516,0.0071849,0.052676,-0.012966,0.084697,0.11206,-0.088267,0.0064608,-0.28223,0.0073018,0.1237,-0.0021658,0.1759,0.075268,0.056604,0.11522,-0.10057,-0.032347,0.067791,-0.16241,0.15395,0.25338,-0.073116,-0.15843,-0.014812,0.072486,-0.066321,0.2233,-0.16218,0.088797,0.11617,-0.018355,0.077421,0.042455,0.095078,-0.062762,0.094323,0.035253,0.076916,0.10019,0.13295,-0.098318,0.065097,-0.25114,0.25007,0.18794,-0.000952,-0.028006,0.17654,-0.24397,-0.058356,-0.26614,-0.17665,-0.046937,-0.20143,0.10715,0.13718,0.24195,-0.043869,0.015107,0.034981,0.014161,0.057465,-0.12843,-0.23375,-0.1381,-0.040445,0.013513
-0.013181,0.0004051,-0.0045327,0.12095,0.0026672,0.25154,0.02165,0.039517,0.096557,-0.15301,-0.16527,0.10781,-0.11431,-0.046334,-0.12595,-0.023251,-0.1824,0.075304,0.12394,-0.021888,-0.058928,-0.03246,0.042683,-0.082659,0.15791,0.049521,-0.0074841,-0.20863,-0.026761,-0.058086,-0.096392,0.1222,0.033057,0.084439,0.1064,0.0054709,0.16822,0.12726,-0.1657,-0.18097,-0.12842,0.025866,-0.089103,-0.13239,0.18723,0.032904,0.19836,-0.076016,-0.15623,0.058776,0.096751,-0.21066,0.14196,0.12982,-0.16125,-0.0642,-0.077199,0.011464,0.0076873,0.14415,-0.185,0.097369,0.0066143,0.10822,-0.13556,-0.12283,0.092217,-0.078882,0.10667,0.022067,0.13049,0.038804,-0.076582,-0.16684,-0.001948,-0.034138,0.19511,0.033151,0.1349,-0.018748,0.049747,-0.23758,0.049839,-0.22304,-0.072633,0.14501,-0.085482,0.062831,0.19146,0.13997,-0.044082,0.044459,0.094314,-0.1651,0.0055465,0.12446,0.081452,-0.096684,-0.17986,-0.19931
0.090264,-0.026376,-0.24711,0.056829,0.12131,0.047764,0.047359,0.069932,-0.0085044,-0.23612,-0.1247,0.1302,-0.22838,-0.17531,-0.13698,-0.082114,-0.092293,-0.098117,0.083945,-0.1456,0.09369,-0.10385,0.049215,-0.0057098,0.21734,-0.028004,0.16192,-0.1325,0.10742,-0.18028,0.073812,0.26702,-0.027044,0.11457,-0.16318,0.062481,0.11937,0.098574,-0.058459,-0.08486,-0.07751,-0.022304,-0.063275,-0.071831,0.096202,-0.032161,0.18069,0.20977,-0.10961,-0.029545,0.11558,-0.12888,0.11003,-0.049611,0.02216,0.10352,-0.0067537,-0.053284,-0.022016,0.25144,-0.29219,0.24689,-0.0065598,-0.0029375,0.070234,0.0041637,0.10417,0.12691,0.098362,0.034977,-0.098722,0.0063027,-0.086177,-0.28638,-0.010163,-0.11981,0.21899,0.15773,-0.069763,-0.14192,0.2533,-0.068533,-0.2086,-0.08721,-0.22786,0.15101,-0.14685,0.24288,0.19047,0.20104,-0.090609,-0.017605,-0.033611,-0.066805,0.058654,0.029551,0.11577,-0.030059,-0.064985,-0.21971
0.079111,-0.022125,0.13651,0.19467,-0.025322,0.19063,0.0062314,-0.018934,0.18437,-0.22561,-0.12269,0.088988,-0.048386,0.0045474,-0.12288,-0.098856,-0.076705,0.17828,0.10391,0.025654,-0.061526,-0.15168,-0.033812,-0.020846,0.22218,0.08376,-0.03344,-0.16964,0.014032,-0.010912,-0.047377,0.10251,0.056682,0.01584,0.01068,0.14429,0.1795,0.076025,-0.15315,-0.14591,-0.026444,0.051344,-0.025853,-0.037882,0.099394,0.16678,0.12896,-0.11168,-0.30445,0.0026259,0.025846,-0.28303,-0.096854,0.1358,-0.10657,-0.074247,0.094202,0.084669,0.050923,0.064015,-0.14779,0.10663,0.069052,0.037097,-0.14724,-0.20742,0.041693,-0.14256,0.10318,-0.0058045,0.10443,-0.01973,-0.053736,-0.13244,0.029511,-0.032594,0.25668,-0.14217,0.15832,-0.0043425,0.051878,-0.29367,0.10575,-0.10873,0.01096,0.098116,-0.0092213,0.1539,0.12381,0.13541,-0.0037173,-0.072154,0.050574,-0.21425,0.032745,0.12974,0.044859,-0.0024196,-0.19825,-0.14151
0.052615,0.22621,0.13707,0.13708,-0.06072,0.21666,-0.028383,0.26217,0.20494,-0.030973,0.15294,0.21838,-0.29402,0.10896,0.031093,-0.14502,0.0748,0.070314,-0.068137,-0.025956,-0.17423,-0.13231,0.057269,-0.089607,0.13549,0.13495,0.16812,-0.13955,-0.142,-0.18273,0.13431,0.076231,-0.036779,-0.0011596,-0.093158,-0.15716,0.099977,0.19494,0.045802,-0.22187,-0.11254,-0.14901,-0.18014,-0.23719,0.01087,-0.027001,-0.010862,0.016602,0.00046215,-0.056255,0.086785,-0.14155,0.15022,0.037411,-0.22226,0.20615,0.098558,-0.023303,0.079653,0.081113,-0.28525,0.19418,0.072702,0.082456,-0.17875,0.060245,0.1407,-0.11306,-0.0062308,0.029037,-0.037811,0.021528,0.06862,-0.17576,-0.13176,0.16475,-0.01944,-0.074984,0.013559,0.12301,-0.08972,0.056097,-0.16357,0.0629,0.02384,-0.023827,0.00013468,0.074225,0.0012786,0.0175,0.023395,0.021451,0.11236,-0.23971,-0.08757,-0.23218,-0.024977,0.049255,-0.050755,0.033058
-0.097221,0.068583,-0.018494,0.085604,0.061589,0.046269,-0.042298,0.0055756,0.2498,-0.070175,-0.19234,0.21781,-0.1822,0.044411,-0.099688,-0.15924,-0.016728,-0.17633,0.036101,-0.063683,0.030898,-0.11944,0.055221,-0.032104,0.16723,-0.0023839,0.037788,-0.16876,0.12657,-0.19105,-0.024641,0.1069,0.031693,-0.011564,0.057545,-0.035737,0.16775,0.064689,-0.047224,-0.01722,-0.19159,0.10603,-0.1169,-0.11279,0.0009238,0.11357,0.031837,0.24503,-0.2381,-0.21727,0.12843,-0.31028,0.18971,0.14153,-0.094752,-0.13756,-0.10663,-0.11835,-0.11705,0.11452,-0.14652,0.030174,-0.13067,0.18131,-0.081911,-0.22761,-0.054726,-0.0028221,0.20863,0.10958,0.069631,0.012032,-0.063596,-0.070854,-0.13816,-0.065703,0.16856,0.14029,0.11151,-0.00133,0.071933,-0.30731,-0.0445,-0.23867,-0.13097,0.12158,-0.19824,0.062233,0.12033,0.065481,0.090873,-0.060246,-0.090248,-0.099795,0.12077,0.12463,0.020977,-0.13578,-0.11063,-0.20876
-0.146,-0.036389,-0.20733,0.066651,0.16439,0.27026,0.017771,0.18525,0.064477,0.17338,0.11385,0.11956,-0.029807,-0.066608,0.085643,0.070861,0.0035049,-0.14018,-0.19353,-0.033107,-0.19715,-0.14531,-0.19086,-0.085452,0.092666,0.0026062,0.01717,-0.14244,0.022671,0.07347,-0.1162,0.077811,0.12612,-0.018924,-0.096745,0.16232,-0.0026863,-0.070071,-0.11035,-0.06414,-0.26748,-0.022945,0.012299,-0.08315,-0.095492,0.1743,-0.11672,-0.04738,0.14766,-0.16706,0.10697,-0.018157,0.18879,0.14215,-0.028579,0.024048,0.01997,-0.042045,-0.038021,-0.14389,-0.14631,-0.16287,0.023499,-0.019991,0.12319,-0.043843,0.037149,-0.17161,-0.057789,0.12809,0.025703,0.22156,0.050089,-0.077504,-0.016355,0.16253,-0.087508,-0.064783,-0.044299,-0.014196,-0.038274,0.034161,-0.17372,0.052198,-0.054829,0.18598,-0.033018,0.19423,0.10108,-0.0086356,-0.080179,-0.1577,0.16562,-0.0039471,-0.20757,-0.12054,0.06649,0.106,0.16305,0.10724
0.080495,0.15522,-0.0072703,-0.072018,0.043092,0.24224,-0.22386,0.16981,0.13863,0.13196,-0.002098,0.20708,0.10177,-0.055248,-0.024684,0.086795,0.0057167,-0.081816,-0.092986,0.093881,0.067135,-0.23793,0.0010474,-0.21789,0.037912,0.16143,-0.047121,-0.029361,0.014583,-0.018109,-0.063584,-0.00046196,0.09872,0.011219,-0.15289,0.16114,0.10789,-0.1324,-0.012398,0.097341,-0.27031,-0.0067314,-0.11282,-0.14109,-0.098299,0.17823,-0.11099,0.16988,0.051971,-0.31383,0.003051,-0.20124,0.080603,-0.11593,-0.019927,-0.22127,-0.069824,-0.17399,-0.27296,0.025801,0.12635,-0.23737,-0.07393,-0.04385,0.22218,-0.099225,0.18425,-0.14394,0.025344,-0.008018,0.0085897,0.14479,0.094908,-0.011271,-0.016713,0.13029,-0.14766,0.11068,0.099031,0.057126,-0.13222,0.032951,0.23349,-0.14255,-0.079217,-0.11286,-0.05793,0.19317,0.071514,0.1072,0.087263,0.00031774,-0.055397,-0.10696,-0.036592,-0.072412,-0.013814,-0.081723,-0.034265,0.26016
-0.016468,-0.0094816,-0.061234,-0.01566,-0.0036486,0.045655,0.093004,0.036471,0.097622,0.0097788,0.01828,0.035136,-0.12702,0.19613,-0.0069416,0.0005947,0.17415,-0.14483,-0.099374,0.0032361,0.0089472,-0.12191,-0.04427,-0.054102,0.091099,-0.019595,0.031293,0.063365,-0.056151,-0.2062,0.15637,-0.058956,0.064829,0.11694,-0.16873,-0.10855,0.011526,-0.21383,-0.04724,-0.12685,-0.18871,0.016051,0.098571,0.010687,-0.07418,-0.07196,0.015003,-0.058985,0.0053229,-0.11005,0.11285,-0.10299,0.073467,0.01763,0.08716,-0.10172,0.19684,-0.12718,0.023921,0.13437,-0.033812,-0.13687,0.12813,-0.047403,-0.010146,0.15229,0.20014,0.014032,-0.022038,-0.12122,-0.061784,0.10579,-0.031961,-0.08989,-0.20219,0.17452,-0.20159,0.0085385,0.052833,0.035034,-0.026756,0.029466,-0.10274,0.056271,-0.058936,-0.051205,-0.128,0.099751,0.02102,0.048497,0.029301,-0.15073,-0.0016407,-0.19034,0.013671,-0.22676,-0.0049668,-0.11918,0.1499,0.17769
-0.032943,0.039767,0.01612,-0.081536,0.03567,0.092465,0.11336,-0.023069,0.14341,0.063205,0.024884,-0.016408,-0.082152,0.014946,0.062757,0.077691,0.17174,-0.21318,-0.055426,-0.03972,-0.012045,-0.080947,-0.02306,0.0068885,-0.0021444,0.045508,0.01318,0.1314,0.096925,-0.13486,0.011031,0.035253,-0.034887,0.05163,-0.19244,-0.060286,-0.028835,-0.17698,-0.096731,-0.10506,-0.29129,0.19421,0.043068,-0.05147,-0.1468,0.020895,0.038536,-0.076216,0.097117,-0.020661,-0.11039,-0.087729,0.081533,0.018118,-0.0053314,-0.1141,0.074768,-0.12729,0.026558,0.081867,0.016256,-0.1676,0.1912,-0.045582,0.0874,0.20695,0.093542,-0.065117,0.10946,0.024083,-0.10477,0.24327,-0.10938,-0.066209,-0.13634,0.1126,-0.2128,0.10073,0.06769,-0.024852,0.0080806,0.061711,-0.03005,0.21719,-0.05715,0.0036977,0.040152,0.16492,0.2398,0.14167,-0.042697,-0.1173,-0.01118,-0.053075,-0.0093338,-0.2363,-0.047487,-0.019548,0.1028,0.13907
-0.12617,0.073445,0.046379,0.11028,0.021456,-0.011027,0.16246,-0.05437,-0.037889,-0.15624,-0.10913,0.22433,-0.055329,0.017486,-0.13446,-0.032373,-0.085694,0.16921,-0.045064,-0.11198,-0.030777,0.13097,-0.060835,-0.051703,0.084294,-0.065647,-0.013628,-0.12767,0.054248,-0.14504,0.005454,0.10957,-0.037332,-0.035264,-0.060674,0.074888,0.19792,0.23241,-0.027315,-0.21024,-0.33009,0.062464,-0.022812,-0.091134,0.032051,0.16283,0.23419,0.071245,-0.16708,-0.14666,0.046265,-0.32477,0.032506,0.11499,0.018413,0.021632,-0.12613,-0.054413,-0.058166,0.15728,0.043923,0.026105,-0.01446,0.13446,0.046452,-0.32912,0.071782,-0.012933,0.25835,0.082799,0.20535,-0.0755,0.050359,-0.21959,0.012014,0.1309,0.12777,0.021483,-0.030458,-0.099241,0.125,-0.33694,0.10364,-0.10368,-0.046573,0.052334,0.023337,0.089445,0.2548,0.066282,-0.11792,-0.048465,-0.029326,-0.14947,0.14198,0.16441,0.034375,-0.098091,-0.12504,-0.01341
-0.067629,-0.035513,-0.18057,-0.1065,0.036096,0.057017,0.04671,-0.10419,0.079881,-0.14348,-0.10403,0.083427,-0.10943,-0.12237,-0.12164,0.019333,-0.0087321,0.044555,0.01138,-0.14461,0.097482,-0.084257,0.059581,0.0014158,0.08945,-0.04058,0.068946,-0.057594,0.11764,-0.13076,0.14725,0.17192,-0.12108,0.14617,-0.090515,0.083095,0.078556,-0.024627,-0.12111,0.11385,-0.087128,-0.15391,0.05943,-0.19214,-0.0099178,0.042352,0.30515,0.11061,-0.17587,0.039813,0.095512,-0.12775,0.12402,-0.021789,-0.062451,-0.070661,0.1338,0.031685,0.010894,0.27506,-0.16877,-0.004073,0.075627,-0.063919,0.072896,0.050537,0.14919,0.035799,0.11715,-0.011005,-0.19739,-0.052491,0.016577,-0.24758,0.0044436,-0.29493,0.24521,0.12262,-0.024473,-0.068247,0.25258,-0.11895,-0.16045,-0.26579,-0.056295,0.12556,-0.11233,0.18042,0.17206,0.20318,-0.006324,0.065043,-0.087698,-0.14968,0.132,-0.052407,0.051351,0.055569,-0.15034,-0.12855
0.0068915,0.027352,0.1467,0.16134,-0.030635,0.17123,-0.0021223,0.03348,0.18441,-0.1604,-0.12958,0.051259,-0.043008,-0.038586,-0.10777,-0.13457,-0.14906,0.18579,0.11421,0.02343,-0.043181,-0.1232,0.0061072,-0.02614,0.19417,0.097564,-0.038622,-0.10952,-0.0072556,-0.048424,-0.033982,0.086577,0.093283,0.062039,0.02118,0.068598,0.20765,0.062346,-0.18057,-0.12938,-0.083713,0.12193,-0.045942,-0.082446,0.1212,0.10337,0.13921,-0.077494,-0.27041,0.017119,0.059674,-0.26811,-0.023438,0.16587,-0.075488,-0.097912,0.081319,0.071997,0.0014248,0.11491,-0.14366,0.045222,0.041394,0.091965,-0.12995,-0.20405,0.040415,-0.1147,0.1108,-0.020373,0.16026,0.032025,-0.030097,-0.078153,0.070906,0.00064641,0.23532,-0.12035,0.14474,-0.052931,0.0015784,-0.19075,0.069596,-0.15768,-0.0067251,0.079056,0.061047,0.10189,0.10378,0.11958,-0.044731,0.01904,0.050907,-0.24594,0.037222,0.093671,0.11811,-0.060412,-0.19487,-0.12513
0.076645,0.0078597,-0.17439,0.096128,0.035373,-0.019286,0.056045,-0.019189,0.038501,-0.19076,-0.082103,0.058048,-0.11491,-0.13496,-0.092056,-0.074607,-0.0026762,0.026143,-0.030162,-0.074504,0.07164,-0.13988,-0.11377,0.17696,0.16568,0.025732,0.11282,-0.04774,0.11337,-0.17559,-0.052981,0.17902,-0.041444,0.097289,-0.1869,0.14031,0.036319,0.044196,-0.12259,-0.07905,-0.14604,0.099513,-0.02048,0.070626,0.074906,0.10162,0.036967,0.18799,-0.29235,0.059186,0.022296,-0.22958,-0.0673,0.073567,-0.0026662,-0.047192,0.11822,0.0023035,-0.037196,0.08102,-0.11116,0.11561,0.059803,-0.044617,0.0024277,-0.054293,0.12139,0.0457,0.15713,0.043748,-0.24506,-0.097564,-0.03502,-0.26921,0.01284,-0.061751,0.1967,0.024724,0.020501,-0.04387,0.26683,-0.12546,-0.1032,0.050715,-0.1637,0.15875,-0.17651,0.14147,0.26064,0.22927,-0.14503,-0.093456,-0.15707,-0.071379,0.055685,0.01721,-0.0298,-0.04998,-0.098629,-0.090986
-0.045988,0.083599,-0.17729,0.056335,-0.18983,-0.06644,-0.040714,-0.093141,0.062921,-0.0054317,-0.14018,-0.056077,0.021508,0.2007,-0.030886,-0.16181,-0.11865,0.039533,-0.0063499,0.18449,-0.080004,-0.038905,0.067791,-0.19457,0.25015,-0.14461,0.0050444,-0.15678,0.053546,-0.081999,0.0026734,0.11156,0.041376,0.091478,-0.078448,0.11813,-0.20186,0.19512,-0.062098,-0.040107,0.024011,-0.071166,-0.093343,0.056402,0.1348,0.1556,0.086464,0.14646,-0.072856,-0.24712,0.21323,-0.12642,-0.17043,-0.0023832,0.2622,-0.010098,-0.083137,0.024991,-0.33858,0.15182,-0.15628,0.07914,-0.12131,0.16842,-0.22053,-0.11708,0.062453,-0.077584,0.070082,-0.20559,-0.020353,-0.11148,-0.029669,-0.0060263,-0.31596,-0.14337,-0.066993,-0.1253,0.16146,-0.17402,0.19051,-0.055932,-0.061342,0.22294,-0.106,0.12381,0.094289,0.13904,-0.049471,0.015484,-0.0013118,-0.14893,0.012003,-0.27125,0.071935,0.20113,0.20409,0.23897,-0.2484,-0.29183
-0.037967,-0.027341,0.059535,0.067648,-0.0042415,0.22697,-0.059311,-0.0027943,-0.049165,-0.14965,-0.16232,0.16237,-0.19328,0.147,-0.04798,-0.20527,-0.06675,-0.17496,-0.12249,-0.017653,-0.014006,-0.12635,0.19014,-0.10943,0.11669,0.033387,0.12236,-0.093535,-0.048639,0.04522,-0.062359,0.24461,-0.033232,-0.011709,0.042113,-0.13734,0.21076,0.16234,-0.10062,-0.16821,0.016946,0.0025125,-0.17729,0.15638,0.1581,-0.015902,-0.065502,0.030753,-0.017274,-0.057125,0.13933,-0.22451,0.028953,-0.0042288,-0.28294,-0.0031969,-0.02904,0.036935,-0.11357,0.16033,-0.08176,0.065458,0.11335,0.12291,0.084375,0.0017026,0.070709,-0.21062,-0.03132,0.094773,-0.10204,-0.018559,-0.15866,-0.29951,-0.08093,-0.10344,0.10137,-0.036617,0.070264,0.13326,0.070682,-0.14664,0.065722,-0.12615,-0.16602,0.19393,-0.038163,0.14615,0.20079,0.064662,0.17471,-0.042142,-0.046397,-0.036339,0.051719,0.18274,0.035123,0.047854,-0.21883,-0.050311
-0.012066,-0.024438,-0.12052,0.0058333,0.013754,0.075828,0.017664,0.012767,0.23618,-0.12249,-0.092496,0.11896,-0.1864,-0.036331,-0.1887,-0.10797,-0.21149,0.0072206,-0.11419,-0.26943,-0.078266,-0.21277,0.16175,0.071977,0.25389,-0.078074,-0.031024,0.0036786,-0.0089548,-0.24326,0.052627,0.048888,0.10142,0.087708,-0.038085,0.10148,0.10641,0.012022,-0.06185,-0.089707,-0.064606,-0.055629,0.057231,-0.090669,0.0056166,-0.051017,0.28731,0.16853,-0.23035,-0.041128,0.11131,-0.19055,0.13303,0.10594,-0.096909,-0.17861,-0.021282,-0.012193,0.01059,0.30985,-0.16335,0.058721,0.012577,-0.076937,0.19218,-0.046304,0.16648,0.14712,0.21207,-0.13236,-0.0012958,-0.0053427,-0.057416,-0.14046,-0.17041,-0.026209,0.10996,0.17482,0.13347,-0.011735,0.0055189,-0.17965,-0.10108,-0.17481,-0.015634,0.11598,-0.17179,-0.043738,0.14588,0.15706,-0.16936,-0.11757,0.028088,-0.14301,0.21594,0.080497,0.054673,-0.037711,-0.099978,-0.087455
-0.066986,0.0063123,0.036551,0.17387,-0.020691,0.21344,-0.17986,0.052959,0.11296,-0.1813,-0.14722,0.11832,-0.19045,-0.02551,-0.12351,-0.13371,-0.11224,-0.15246,-0.030432,-0.074624,0.057688,-0.019508,0.026314,-0.13905,0.21737,0.077815,0.16489,-0.12066,0.060652,-0.028001,0.0087408,0.15899,0.0037962,0.055824,0.047686,-0.14027,0.25447,0.075049,-0.13619,-0.087041,-0.1152,0.16007,-0.094947,-0.091296,0.1811,0.01743,0.0083035,-0.0048713,-0.2269,-0.094033,0.086075,-0.24137,0.046084,0.14288,-0.2548,-0.089853,-0.028907,0.055598,-0.093395,0.25815,-0.12294,0.092363,0.010652,0.07101,-0.055208,-0.085243,0.16482,-0.15011,0.088771,0.040201,-0.031782,0.058355,0.012936,-0.28688,0.052425,-0.12035,0.17227,-0.022497,0.14318,0.12424,0.039218,-0.18608,-0.058283,-0.16663,-0.1169,0.047262,-0.11679,0.10133,0.084053,0.097959,0.066523,0.02041,-0.085013,-0.049367,-0.11044,0.14707,0.030616,0.00085274,-0.24057,-0.090208
-0.019716,0.14821,-0.084224,0.2002,0.023413,0.1644,0.023629,-0.075919,0.065614,0.05284,-0.03678,0.096003,-0.05648,-0.054793,-0.16629,-0.074237,-0.21973,0.030518,0.052946,-0.055855,-0.013892,0.010635,-0.099387,-0.067448,0.062491,-0.12841,-0.019953,-0.0094871,0.12058,-0.21681,-0.046454,0.17086,-0.055939,-0.11252,0.0018524,0.072076,0.13766,0.026391,-0.016068,-0.11923,-0.063461,0.10924,0.038297,-0.15602,0.0039766,-0.033865,0.15056,-0.085573,-0.22565,-0.15139,0.12711,-0.18975,0.11295,0.14895,-0.13927,-0.064596,0.024047,0.056756,-0.14539,0.20689,-0.009571,0.064801,-0.08226,0.019122,0.037526,-0.16809,0.22325,0.019719,0.19499,0.03063,0.11316,0.054685,0.065195,-0.097775,0.12712,-0.083688,0.29198,0.068458,-0.038025,0.023537,0.1094,-0.28035,-0.031394,-0.10232,-0.11924,0.080657,-0.037595,0.16311,0.080972,0.14789,-0.018439,-0.058823,-0.032845,0.010523,0.21028,0.16596,-0.019212,-0.045457,-0.18627,-0.15054
0.06506,0.038383,0.086372,0.13004,0.015463,0.23481,0.003157,0.038317,0.14257,-0.16046,-0.12371,0.058178,-0.13961,-0.072348,-0.094815,-0.036674,-0.19069,0.090066,0.10517,-0.013321,-0.032653,-0.042854,0.097975,-0.13022,0.15418,0.031282,-0.016629,-0.23308,-0.036356,-0.10162,-0.027203,0.17634,0.061531,0.10367,0.044997,-0.077531,0.2273,0.090624,-0.12425,-0.096954,-0.096549,0.10951,-0.046491,-0.056079,0.080414,0.03348,0.20101,-0.040895,-0.16988,0.078047,0.086546,-0.24763,0.092078,0.055665,-0.12826,-0.083042,-0.010997,0.097494,0.03319,0.13965,-0.11887,0.087076,-0.032624,0.055202,-0.15514,-0.17542,0.12567,-0.1356,0.065703,-0.012132,0.079544,0.018843,-0.0527,-0.21224,-0.0075655,-0.008842,0.22428,-0.018308,0.060388,-0.064929,0.0024992,-0.22572,0.081995,-0.21081,-0.034942,0.11723,0.0089865,0.022043,0.16753,0.15087,-0.040746,0.075566,0.089068,-0.24327,0.039412,0.10258,0.10837,-0.13099,-0.21133,-0.15895
0.0040066,0.021453,-0.18782,-0.11531,-0.032389,-0.0010474,-0.12382,0.061566,0.07535,0.12268,-0.040441,0.028309,-0.034553,0.25417,0.05982,0.030528,0.06857,-0.14899,-0.16132,0.025767,-0.21436,-0.11543,0.064533,0.05087,0.0085845,-0.072023,0.12511,0.087878,-0.0024477,-0.15232,0.21835,-0.022196,-0.10355,0.08292,-0.0002112,-0.022217,-0.1405,0.18031,-0.11945,-0.043617,-0.18487,0.24384,0.057551,-0.20402,-0.04539,-0.013904,0.021565,-0.13358,0.093994,-0.21619,-0.036252,0.10801,-0.050901,0.13097,0.19955,0.039073,-0.1052,-0.26193,0.16879,0.02733,-0.083379,0.0072621,-0.071397,0.0060604,0.0552,0.056255,-0.041488,-0.30468,-0.1753,-0.015637,-0.088863,-0.013075,-0.039624,0.099682,-0.11925,0.19595,-0.20082,-0.12683,-0.10668,-0.11502,-0.053518,0.088087,-0.027569,0.15709,-0.13611,0.05274,-0.12219,0.041924,0.1865,-0.011878,0.14189,-0.11314,-0.064168,0.042151,0.088996,-0.16761,0.21868,-0.080201,-0.050745,-0.14074
-0.061416,0.062755,-0.018562,0.068586,-0.092654,0.26087,-0.030448,0.18126,0.25779,0.040233,0.035358,0.19853,-0.096253,0.072456,0.010421,0.036428,-0.049613,-0.092424,-0.15877,0.11475,-0.23652,-0.17729,0.0060863,-0.05624,0.18846,0.17058,0.041056,-0.19209,-0.025437,-0.083456,0.044168,0.12711,0.17398,0.24557,0.013914,-0.054647,0.039946,-0.06482,-0.10194,-0.029263,-0.17771,0.061116,-0.11535,-0.062168,-0.07402,-0.030783,0.03092,-0.11527,0.03161,-0.16259,0.042655,-0.21864,0.2132,0.01702,-0.1241,0.095941,0.013799,0.019675,-0.06364,0.0094747,-0.16144,-0.032352,0.18794,-0.093123,-0.017529,0.079894,0.14106,0.031184,0.023054,0.086089,0.010323,0.3136,-0.068205,-0.057901,-0.25372,-0.023681,-0.231,-0.097609,-0.051365,0.1112,0.0033732,0.085687,-0.11641,0.064133,-0.18924,0.09667,-0.045503,0.15379,-0.10372,0.14809,0.088677,-0.16249,0.02488,-0.17679,-0.09022,-0.05564,-0.043532,0.081882,0.014226,0.0052729
-0.15815,0.051648,-0.064901,-0.026786,-0.06553,0.14421,0.035015,0.031898,0.19527,-0.047105,-0.16367,0.18586,-0.018592,-0.059921,-0.033306,-0.010553,-0.096485,-0.016411,0.02838,0.043572,-0.045109,0.027718,0.042127,-0.13433,0.17343,0.1357,-0.047069,-0.10704,0.12258,-0.12648,-0.07072,0.17113,0.11087,-0.051854,-0.010835,0.015499,0.092133,-0.063436,-0.10203,-0.028833,-0.15418,0.24067,-0.27238,-0.08134,0.020876,0.070366,0.23056,-0.093754,-0.35257,-0.1289,-0.11842,-0.14151,0.20423,0.033791,-0.17379,-0.15111,0.08872,-0.026846,-0.010399,-0.06698,0.070158,-0.038141,0.04935,0.12773,-0.068095,-0.19982,0.08665,0.012536,0.2217,0.11151,0.0571,-0.021745,0.071238,-0.14174,-0.12587,-0.03559,0.087746,-0.11167,0.18868,-0.047463,0.012286,-0.29711,0.053423,0.099563,0.14326,0.31706,-0.057586,0.0069238,0.34238,0.027696,-0.082771,-0.17659,-0.14096,-0.10911,0.13186,0.28515,0.020256,-0.17872,-0.10913,-0.1551
0.039495,0.061781,-0.086612,0.038713,0.15949,0.2469,-0.0065246,0.058808,0.031936,0.082478,0.1515,0.13106,0.031328,-0.017291,-0.039607,-0.073264,0.0008696,-0.17895,-0.093651,0.20798,-0.20545,-0.18667,-0.011538,-0.1211,0.03187,0.012592,0.12256,-0.11316,-0.076296,-0.15989,0.088678,0.068842,-0.13923,0.17662,-0.11445,0.066686,0.032184,0.0012763,0.039295,-0.13671,-0.19827,-0.038628,-0.071829,0.047617,0.0087137,0.011467,0.012124,0.11882,0.00038696,-0.14738,-0.10157,0.052324,0.13585,0.13341,-0.11993,0.14747,-0.021444,0.019002,-0.14128,-0.19836,-0.14527,-0.16271,0.049103,0.034327,-0.009021,-0.081828,0.089654,-0.14542,-0.11047,-0.017734,0.10199,0.2251,-0.010057,-0.12744,-0.049915,0.12259,-0.2589,-0.20908,-0.15245,-0.146,-0.14248,0.045297,0.0099174,0.02296,-0.050411,0.049908,-0.13736,0.25772,-0.018609,0.064506,-0.082508,0.033968,0.17625,-0.073443,-0.011613,-0.10711,0.00051892,-0.05163,-0.064781,-0.035992
