0.011375,-0.07883,0.10383,-0.15718,0.031457,-0.03073,0.0071663,0.03137,0.10781,0.020112,-0.092459,0.22276,-0.22997,0.064568,-0.017093,-0.036123,0.068819,0.20113,-0.096092,-0.25929,-0.045123,-0.073819,-0.11824,-0.003235,0.068891,-0.030596,0.11282,0.25053,0.24045,-0.22496,0.090158,0.12746,-0.10786,0.18806,-0.090902,0.074742,0.017094,-0.059991,-0.20559,-0.22662,0.010833,0.023737,-0.050373,-0.023362,-0.065119,0.22159,0.14356,-0.0087555,-0.38394,-0.080303,0.063313,-0.15577,0.02385,0.11658,-0.044307,-0.2225,0.10649,0.038045,-0.013573,0.09483,0.04096,-0.045362,-0.04403,-0.015104,0.17791,-0.126,0.03801,0.069419,0.14418,-0.048983,0.050952,-0.077294,0.098225,-0.052462,0.017381,-0.062238,0.22977,0.1324,-0.091106,-0.10141,0.32451,-0.22093,0.0010819,-0.10339,0.033369,0.10992,0.030921,0.27867,0.14262,0.26031,-0.10947,-0.09104,-0.066724,-0.14383,0.21697,-0.097495,0.093339,0.030761,-0.016141,-0.18119
-0.23938,0.16189,-0.17331,0.019101,0.049367,0.22702,0.17122,0.012601,-0.03623,0.25281,0.2037,0.18461,0.20206,-0.083941,0.078299,-0.22458,-0.14248,-0.029646,-0.073391,0.070211,-0.089689,-0.087684,0.14378,-0.0684,-0.074876,-0.03622,0.080647,-0.13388,-0.063094,0.12774,0.10555,0.17054,0.0083974,0.075842,0.069331,0.043388,0.13287,0.0043823,-0.081066,0.084572,0.13602,0.066297,0.022983,-0.037563,-0.16928,0.015323,-0.074164,-0.064178,0.14738,-0.19161,-0.11789,-0.0085153,0.21044,0.090506,-0.22856,-0.1177,0.015752,-0.23711,-0.2419,-0.19557,-0.089653,-0.39641,0.13934,-0.012783,-0.028177,-0.00069838,-0.01106,-0.018266,0.054807,-0.055337,-0.015692,0.19225,-0.081996,0.027935,-0.003446,0.0094349,-0.2413,-0.16054,-0.14695,0.04431,-0.081933,0.10989,-0.26046,-0.073783,0.058355,-0.016293,-0.29608,0.32863,-0.11473,0.23456,-0.026476,-0.11993,0.17131,-0.0052809,0.09434,-0.039045,-0.034702,0.0024227,-0.14777,-0.062779
-0.030874,0.12422,-0.037644,0.10327,0.0223,0.22147,0.0002401,-0.064732,0.17592,-0.035156,-0.18762,0.10248,-0.12904,-0.065889,-0.14692,-0.16056,-0.070617,-0.1698,0.061681,0.044136,0.048671,0.033751,0.057841,-0.14294,0.12041,-0.039235,-0.031295,-0.28339,0.095421,-0.064697,-0.013049,0.032089,0.084905,-0.012384,-0.037047,0.040876,0.16866,0.059713,-0.14356,-0.028154,-0.10932,0.13068,0.014066,-0.28778,0.079749,0.10074,0.13834,0.086007,-0.24473,-0.26245,-0.038752,-0.22326,0.12524,0.1057,-0.13112,-0.11583,0.012835,0.0083845,-0.11942,0.12925,-0.083643,-0.030229,-0.16195,0.13124,0.0087074,-0.18913,-0.03788,0.075879,0.14667,0.0073015,0.13544,0.053867,0.11194,-0.1009,0.03032,-0.097513,0.093381,0.067073,0.086912,0.046209,0.093933,-0.35885,0.043944,-0.092961,-0.069969,0.085201,-0.17517,-0.11321,0.18519,0.088665,-0.040794,-0.11538,-0.13217,-0.072993,-0.058113,0.26145,0.17712,-0.11511,-0.12882,-0.03804
0.0051993,0.12816,-0.1624,0.21985,0.080294,0.14269,-0.099582,0.012833,-0.072595,0.029355,-0.096134,-0.059888,-0.1448,0.16388,0.010187,0.099619,-0.23195,0.038461,-0.011175,-0.048234,0.015762,-0.064917,-0.076706,-0.0046684,-0.30189,0.012133,-0.069192,0.026706,0.15915,0.0072341,0.076643,0.10726,-0.11059,-0.10542,0.0030882,0.16632,-0.11165,0.13581,0.051042,-0.13688,-0.16671,-0.11696,-0.16829,-0.16102,0.0012442,0.16262,-0.042529,-0.28592,0.027706,-0.0045073,-0.028924,-0.11307,-0.019183,-0.1002,0.020229,-0.019635,-0.11876,0.14431,0.078327,0.14387,0.072744,0.17315,0.094409,0.18443,-0.044518,0.092062,-0.15329,-0.081965,-0.028001,-0.038793,0.024318,-0.073344,0.25723,0.05122,0.17662,-0.25572,-0.0057893,-0.34905,-0.08968,-0.046934,0.099968,0.016136,0.08127,-0.076247,-0.15609,0.071132,0.036411,0.057687,0.01893,0.075663,0.12417,-0.028374,-0.0097886,-0.030808,-0.032739,-0.096743,-0.077301,0.18555,0.060525,0.097174
-0.038197,0.16653,-0.10405,0.26214,0.006482,0.14824,0.057446,-0.15365,0.10118,-0.030869,-0.019259,0.080489,0.014268,-0.035,-0.088178,-0.079553,-0.15061,0.094033,0.043458,-0.035281,-0.024253,-0.066186,-0.13764,0.0094305,0.099488,0.02001,-0.034801,0.0029377,0.25049,-0.23077,0.0034358,0.11131,-0.041697,-0.17301,-0.1084,0.11684,0.0076602,-0.11126,-0.01518,-0.045856,0.0070881,0.15463,-0.10594,-0.16384,-0.024333,0.030693,0.023861,-0.14449,-0.36799,-0.23913,0.094223,-0.17637,0.16267,0.17834,-0.13377,-0.11817,0.02927,0.035767,-0.13484,0.087593,0.05821,-0.0074828,-0.021628,-0.00055185,-0.035018,-0.22774,0.16349,0.061002,0.20815,0.020197,0.084161,-0.051883,0.20814,-0.071745,0.15383,-0.064567,0.25854,-0.015036,-0.051422,0.12205,0.15199,-0.26443,0.01092,0.14641,0.017694,0.062821,-0.013727,0.10315,0.073373,0.14721,-0.044396,-0.12692,0.0012572,0.013561,0.24149,0.1149,0.005986,0.036716,-0.2493,-0.1249
-0.025783,0.20855,-0.028964,0.21585,-0.015292,0.0975,0.01779,-0.0074635,0.26041,-0.0057752,-0.15083,0.19082,-0.15516,0.20205,-0.05858,-0.071059,0.01594,-0.04703,0.0090665,-0.063522,-0.10115,-0.073891,-0.063204,-0.11297,0.095456,0.13768,0.1543,-0.074477,0.12709,-0.18377,-0.095899,0.29399,-0.10935,0.035031,-0.13627,0.038517,0.15749,0.073478,0.14128,-0.033835,-0.2775,0.019041,-0.1833,-0.031574,0.084685,0.093436,0.19033,0.1563,-0.31091,0.081482,-0.0056021,-0.30319,0.005898,0.056962,-0.14556,-0.068257,-0.10438,0.0035769,0.095012,-0.068891,0.017106,0.22508,0.014233,0.20049,-0.17935,-0.13641,0.10251,-0.124,0.12657,0.028789,0.010853,-0.009329,-0.11237,-0.18913,-0.18134,0.047659,0.20427,-0.06685,0.12658,-0.048891,0.17857,-0.18372,0.029751,0.026948,-0.091518,0.13184,-0.11398,0.04154,0.13801,0.0090453,-0.098247,-0.0081362,0.12574,-0.063161,0.20947,0.087219,-0.085363,-0.10383,-0.18136,-0.093167
-0.14585,0.10951,-0.15222,0.26126,-0.016404,0.16985,-0.22615,-0.0063987,0.35911,0.10357,0.027572,0.078249,-0.28204,-0.26813,-0.23391,0.050688,-0.049205,-0.36723,0.15712,0.024556,-0.10471,-0.046459,-0.047407,-0.16587,0.24168,0.10077,0.20953,0.056201,-0.19387,-0.11054,-0.12873,0.11485,-0.00072915,0.12231,0.10585,-0.010973,0.011618,0.2237,-0.1205,-0.17791,0.01313,0.1495,-0.04294,-0.16279,0.047774,0.16294,-0.0048644,-0.018412,-0.009846,-0.22705,0.030635,-0.25634,0.1708,0.00048574,-0.13706,-0.29497,0.028426,-0.070564,-0.015158,0.032952,-0.070555,-0.11452,-0.11841,0.15156,0.017891,-0.28557,0.12399,-0.13564,0.16636,0.00069505,-0.127,0.061574,-0.12126,-0.099876,0.056788,-0.0024816,0.16522,0.073513,0.082172,-0.0064503,-0.067332,-0.24903,0.14286,-0.36385,-0.15554,0.035858,-0.25851,0.14892,0.24585,-0.045364,-0.0079215,0.020827,0.09633,-0.1257,0.088922,0.29122,0.29982,-0.17675,-0.095433,0.011829
-0.076294,0.15973,-0.058927,0.31929,0.035802,0.16136,-0.050431,0.061497,0.13309,0.022465,-0.0081883,0.050826,0.026738,-0.048322,-0.048965,-0.15704,-0.20742,0.030529,0.019579,-0.22089,-0.048279,0.0092488,-0.074284,-0.044974,0.080993,-0.038452,-0.0059874,0.061453,0.24997,-0.11755,0.009757,0.10698,-0.15664,-0.15474,0.043338,0.038978,0.10838,0.060128,-0.046846,-0.16805,-0.05041,0.15289,0.012715,-0.0716,0.12703,-0.11684,-0.013652,-0.012383,-0.1164,-0.22009,0.061285,-0.17175,0.14883,0.2252,-0.09576,-0.095796,0.009135,0.051561,-0.14426,0.26538,-0.051864,-0.054066,-0.0057489,0.0094473,-0.019711,-0.18379,0.23815,0.012964,0.1451,-0.025497,0.1219,0.041899,0.11496,-0.061297,0.090724,-0.13993,0.31789,-0.041744,0.083527,-0.027754,0.048515,-0.29285,0.088358,0.0042299,-0.065107,0.12909,-0.11648,0.21993,-0.017453,0.20891,-0.039039,-0.048409,-0.0028722,0.085606,0.20097,0.12798,-0.16807,-0.064153,-0.15212,-0.14367
0.20296,-0.012516,-0.13678,-0.014251,0.051239,-0.0050251,0.049955,0.098646,0.17089,-0.21513,-0.054508,-0.0062685,-0.18581,-0.0096073,-0.017433,-0.19008,-0.10379,0.01834,0.015748,0.079935,-0.1371,-0.14262,0.03254,0.066311,-0.12246,-0.035332,0.14553,-0.047973,-0.11494,0.03857,-0.06264,-0.10487,-0.024202,0.18531,-0.0025257,0.023869,0.048686,-0.095383,0.058792,0.2456,-0.087115,0.15466,-0.13722,-0.085513,-0.067464,0.25214,0.11037,0.15515,0.1354,-0.0067125,0.020635,-0.041738,0.035783,0.25823,0.16017,-0.085308,-0.081343,0.048866,0.0079467,-0.061712,0.082638,0.13463,-0.16247,0.21072,-0.071223,-0.13704,-0.035349,0.14114,0.00021199,0.004771,0.022722,-0.04671,0.057575,-0.0059791,-0.11677,-0.10504,-0.007915,-0.14588,0.10472,-0.0078691,-0.024976,0.041797,0.025014,0.010239,0.041202,-0.10286,-0.028746,0.10071,-0.059758,-0.1794,0.067241,-0.1504,-0.064425,0.02283,0.061543,0.10045,0.14152,0.071922,-0.019438,0.012334
0.02027,0.17154,-0.05744,-0.0071977,0.029615,0.21201,-0.097538,0.022683,0.23556,0.048813,-0.11178,0.0081237,0.053604,0.14071,0.24754,0.066966,-0.042527,-0.053153,-0.020875,0.054667,-0.02211,0.097442,0.061041,-0.13139,0.14634,0.01482,0.017673,-0.077031,0.080854,-0.048252,-0.037669,-0.18802,-0.2183,0.041618,-0.23619,0.04524,0.024065,0.031659,0.18657,-0.025738,-0.15453,-0.010918,-0.089712,-0.14137,-0.0067867,0.22513,0.090864,0.062357,0.080915,0.065237,-0.09935,-0.10747,-0.025757,0.31974,0.086587,-0.098337,-0.013628,0.032869,0.040624,0.18409,-0.065407,-0.090933,-0.015545,0.054712,0.037982,0.12618,-0.043169,0.042381,0.050428,-0.018824,0.16131,-0.12517,0.20761,-0.017452,-0.09297,-0.0050066,-0.21626,0.12227,0.12556,-0.0057769,0.10638,-0.056193,0.23393,-0.10506,-0.013201,-0.070767,0.012878,0.031171,0.045797,-0.15818,0.19154,-0.23407,-0.041146,-0.11208,0.11742,-0.073026,-0.018924,-0.082201,-0.023859,0.0058388
-0.037022,0.12598,-0.064662,-0.019372,0.16226,0.0058079,-0.1395,0.077938,0.23298,0.21024,-0.17932,-0.08126,-0.093013,0.27038,0.065052,-0.093535,-0.0019761,0.078149,-0.10018,0.038277,-0.098948,-0.21942,0.18638,-0.21663,-0.17008,0.095208,-0.21179,-0.23862,-0.12275,-0.054099,0.10911,-0.025217,-0.10118,0.040721,-0.11271,0.16745,-0.090296,0.038732,-0.13472,0.056598,0.00025594,-0.023934,-0.028191,-0.000476,0.12942,0.24237,0.17324,0.13218,0.025742,0.11242,0.044874,-0.25659,-0.082713,0.0317,0.099551,-0.25162,0.021911,0.11341,-0.056624,0.27269,-0.079676,0.064545,0.10862,0.18467,-0.071681,0.16895,-0.010576,-0.19542,-0.03816,0.044398,0.034158,-0.15218,0.024482,0.16485,-0.22973,0.095306,-0.15625,-0.14501,0.016631,0.023452,0.11601,-0.063532,-0.030911,-0.19559,-0.17262,0.17743,-0.10466,0.11842,0.1977,-0.053431,0.17893,-0.14557,-0.048755,-0.10773,0.20586,0.22477,0.16714,0.22184,0.043866,0.16048
0.028799,-0.025273,-0.0015213,0.023796,0.03878,0.032659,-0.12266,0.1391,0.25819,0.061485,-0.10982,0.11619,-0.049391,0.037523,-0.23451,0.030319,-0.10421,0.10932,-0.14794,0.20495,-0.22073,-0.061794,0.090639,-0.032642,0.12793,0.19596,0.051099,-0.17859,-0.039085,-0.15648,-0.094588,-0.0020273,0.082918,0.098678,0.083536,-0.14583,0.00079781,0.21278,-0.004098,-0.082944,-0.28429,0.20358,0.039971,0.14444,0.015171,0.030259,-0.10597,-0.14085,0.058342,-0.26606,0.17969,-0.16176,0.16612,0.12965,-0.075313,0.052431,-0.018609,0.012669,0.022451,-0.10755,-0.10374,-0.20313,0.013748,0.17995,-0.039206,-0.12796,0.016032,-0.19812,0.029009,0.021796,0.021896,0.079009,0.11348,-0.14175,-0.13042,0.038782,-0.28825,-0.056769,-0.20248,0.14012,-0.1732,0.058747,0.04106,-0.033656,-0.050725,0.097568,-0.13989,0.18161,0.076313,0.065146,0.10765,-0.25995,-0.071444,-0.14945,-0.17544,-0.010446,0.015047,-0.013127,0.015444,-0.010128
0.042996,0.024265,-0.075156,0.091904,0.15831,-0.0074064,0.10408,-0.0065779,0.09078,-0.1622,-0.14037,0.14904,-0.12963,-0.077857,0.025917,-0.016781,0.085599,0.13139,0.033768,-0.10096,0.16623,-0.037473,-0.072438,-0.11353,0.2385,0.0032036,0.019361,-0.0075954,0.18888,-0.16439,0.043512,0.10699,-0.077797,0.033305,-0.25573,-0.029059,-0.001833,0.031913,-0.015818,0.0017703,-0.099131,0.01845,0.015006,-0.054449,0.15798,0.021055,-0.012785,0.070885,-0.22789,-0.071501,0.041324,-0.071752,0.036087,0.080848,0.023268,0.015214,0.106,-0.039971,0.17062,0.13733,-0.026902,0.051083,-0.066839,-0.038579,0.089027,-0.2086,0.16033,-0.030904,0.033052,-0.0014122,-0.14303,-0.054402,0.080154,-0.24855,-0.026868,-0.14532,0.1629,0.11237,-0.066413,-0.023739,0.1945,-0.23663,0.033723,0.054428,0.095313,0.092878,-0.17188,0.03286,0.1965,0.25801,-0.16924,-0.05043,-0.071906,0.025589,0.040216,0.079086,0.048096,-0.081257,-0.16426,0.068734
0.1339,0.22068,0.013384,0.074849,0.056946,0.11686,-0.038017,0.12003,0.18285,-0.081082,0.05255,-0.079245,-0.065002,0.22753,0.065052,-0.07689,-0.13632,0.06839,-0.23191,0.16583,-0.1551,-0.13159,0.085469,-0.23569,-0.25184,-0.048437,0.073309,-0.076401,-0.017588,-0.08413,0.13068,-0.16446,-0.14839,-0.078326,-0.081658,0.13891,-0.097672,0.066925,-0.11642,-0.088573,-0.1718,0.15381,-0.10182,-0.023769,0.15573,0.26426,0.11645,-0.0064583,0.10256,-0.023169,0.032554,-0.15331,0.078312,0.042213,0.11133,0.050375,-0.099291,0.0058571,-0.057754,0.13216,-0.1962,0.057207,0.08413,0.041423,-0.16929,-0.063732,-0.14909,-0.14882,0.10369,0.12455,-0.043289,-0.040592,0.17643,0.076563,-0.17215,-0.0067479,-0.16027,-0.20281,-0.016011,-0.14321,-0.020447,-0.010829,-0.044196,0.036212,-0.15666,0.16862,-0.11959,-0.023402,0.22553,-0.063605,0.13687,-0.065933,-0.17092,-0.15772,-0.0045017,0.021918,0.12296,0.18165,0.011646,0.1396
-0.0011589,-0.042586,-0.17005,0.10361,0.033278,-0.0052455,-0.30922,0.061937,0.16219,-0.049447,0.1498,-0.12085,-0.27728,0.09654,0.099581,-0.047257,0.15563,-0.0065497,-0.14408,0.026134,-0.12345,0.082196,0.16121,0.13307,-0.13673,0.086966,-0.15502,-0.16457,0.15336,0.068812,-0.0002369,0.25414,0.10991,0.11759,-0.13641,0.24691,-0.040223,0.25669,-0.0099561,-0.06763,-0.18394,-0.05883,-0.050799,-0.12469,0.068561,0.040075,0.087476,0.26599,0.11682,0.092742,-0.042589,-0.15087,0.046674,0.033619,0.1402,-0.16797,-0.081144,-0.27558,-0.022541,0.11695,0.18245,0.033009,-0.025871,0.19591,-0.13605,0.074688,0.033704,0.11949,-0.020257,-0.12822,0.18196,0.064141,0.20603,0.055063,-0.052534,0.055749,0.012873,0.0045434,0.20255,-0.059587,-0.0050861,-0.10057,-0.088354,0.0064342,-0.007761,0.048569,-0.13675,-0.0057685,-0.052826,-0.17234,0.18583,0.024332,-0.071524,-0.11305,0.12906,0.08817,-0.0014583,0.15377,-0.13599,0.093266
0.059213,0.13953,-0.093752,0.21359,0.012757,0.14471,0.0062889,-0.16222,0.066649,-0.064894,-0.043104,0.099871,-0.045653,-0.058545,0.018044,-0.059795,-0.13158,0.037624,-0.0091017,-0.069223,-0.049908,-0.13073,-0.087549,-0.063408,0.15182,-0.037088,-0.028506,-0.015499,0.18863,-0.24884,-0.0089655,0.087243,-0.11055,-0.16051,-0.066997,0.071076,0.044407,0.02538,-0.037451,-0.16823,-0.0024097,0.072053,-0.016296,-0.11105,-0.0591,0.030446,0.10391,-0.093013,-0.25035,-0.17023,0.05363,-0.26592,0.097194,0.064613,-0.03948,-0.18902,-0.024815,0.024385,-0.047846,0.037431,0.0081093,0.069394,0.024143,-0.040959,-0.044344,-0.18938,0.14531,0.014796,0.14221,0.042357,0.078247,-0.025671,0.15897,-0.10204,0.06957,-0.0048884,0.20802,0.03106,-0.032507,0.061223,0.11775,-0.3069,-0.03952,0.077214,-0.03075,0.11289,-0.090165,0.18841,0.20581,0.19351,0.0012046,-0.18245,0.0061274,0.077777,0.2252,0.1252,-0.11347,-0.036277,-0.18595,-0.13753
-0.071969,0.13089,-0.22741,0.0040933,0.079553,0.10822,0.078842,0.18932,0.14502,0.094078,0.16292,-0.11359,-0.059928,0.12274,0.15429,0.073073,-0.22999,0.10288,-0.24482,0.016144,0.056332,-0.21384,-0.015215,0.098448,-0.1448,0.034267,0.051886,-0.074159,-0.070047,-0.13859,-0.0011273,-0.017453,-0.091566,-0.10029,-0.010268,0.087016,-0.13811,0.17707,-0.030334,0.080537,-0.15123,0.18342,0.04217,0.15525,0.13287,0.1779,-0.067853,-0.21502,0.25176,-0.050456,-0.058534,-0.10706,0.10285,0.050891,0.18196,-0.058918,-0.014003,-0.10716,-0.015002,0.068361,-0.07767,0.098195,0.099842,0.12358,-0.026456,-0.080205,-0.092224,-0.028665,-0.051597,0.1478,0.0023025,0.072131,0.17105,0.10075,-0.076927,-0.031942,-0.15103,-0.18816,-0.1263,-0.13915,0.065033,0.040821,0.031815,0.02333,-0.11107,0.15167,-0.095148,0.19044,0.18484,-0.11439,-0.054923,-0.16397,0.031505,-0.044188,0.059122,0.25332,0.16124,0.1829,0.011617,0.069702
0.081657,0.11076,-0.20745,0.2445,0.16375,0.17461,-0.021414,0.011371,0.22978,0.060208,-0.03398,0.035046,-0.088964,-0.21547,-0.22212,-0.093013,-0.14477,0.12088,-0.12908,-0.032463,0.084076,0.1006,-0.14537,0.034599,-0.090303,0.014782,0.059614,-0.04022,-0.037829,-0.028823,-0.071536,0.23123,-0.12729,0.015892,-0.10328,0.08263,-0.068504,-0.061075,-0.079274,0.18486,-0.26184,0.010567,0.27623,-0.29825,0.1605,0.12654,0.013764,-0.20495,-0.3398,-0.066738,0.090335,-0.052163,0.013554,0.0020657,-0.0091531,-0.0022154,0.056668,-0.070994,-0.089428,0.2149,-0.20254,-0.049921,0.034549,0.22742,0.16949,-0.16711,0.090936,-0.12757,0.11661,0.0054936,0.22198,0.28107,-0.015064,-0.07876,0.029905,-0.13761,0.0446,0.21629,-0.10972,0.077434,-7.2935e-05,-0.11932,-0.11032,-0.24541,-0.033296,0.12856,-0.058303,0.074598,-0.012737,0.14144,-0.14334,-0.31773,-0.068398,0.13111,-0.044891,0.15377,0.071677,-0.11392,-0.15973,0.20205
-0.063557,0.15049,-0.0080576,-0.093799,-0.19387,0.26652,0.12515,0.1528,-0.0056622,0.064451,0.10617,0.018482,0.0432,0.21524,0.14199,0.056611,0.038439,-0.057473,-0.02361,-0.033596,-0.065508,-0.13911,-0.24429,0.039905,-0.088851,0.025411,-0.18376,-0.20029,0.075724,-0.14218,0.12488,0.069756,0.073968,-0.064483,-0.04655,-0.049274,0.069891,-0.21924,-0.074743,-0.086135,-0.19049,0.15087,0.037616,0.037689,-0.12768,0.042929,0.026767,-0.026134,0.13313,-0.22056,0.069327,-0.15101,0.1935,0.086371,0.010377,-0.2048,0.074787,-0.20547,-0.10963,0.00023463,-0.084343,-0.12109,0.17481,0.0056949,-0.063404,0.032099,0.0919,0.013537,0.030998,-0.0032509,-0.016121,0.16268,0.042751,-0.05711,-0.079153,-0.027301,-0.071394,-0.0080324,0.11964,-0.060945,-0.065707,-0.00016315,-0.15051,0.030583,-0.013627,-0.084357,-0.067235,0.1711,0.033035,-0.04726,-0.046549,0.021772,-0.034525,-0.080647,0.049825,-0.24949,-0.12473,0.05025,0.082495,0.075189
-0.021137,-0.044824,-0.071344,0.10913,-0.082614,0.12533,-0.039697,0.16358,0.073988,0.033742,0.16767,0.051768,-0.016533,-0.10774,-0.0056838,0.084075,0.13915,-0.089928,-0.14454,-0.047982,-0.16835,-0.08359,0.14211,-0.22026,-0.078081,0.12607,-0.029233,0.0063117,-0.089025,-0.018813,-0.020101,0.061699,0.10624,0.13965,-0.018977,0.015208,0.041673,-0.093183,-0.121,-0.18441,-0.22793,0.055558,-0.02156,-0.20985,0.0040905,0.043501,0.060461,0.096357,0.045937,-0.1625,-0.012481,-0.13814,0.13926,0.01053,-0.18238,-0.14359,0.17961,-0.01671,-0.026512,-0.10608,0.075425,-0.13254,0.11243,-0.00038478,0.044457,0.11684,0.10565,0.14683,0.19779,0.067996,-0.1062,0.14282,0.051829,-0.019742,-0.21437,0.10631,-0.045246,-0.070219,0.0069962,-0.048506,-0.084968,0.10838,-0.071722,0.14019,-0.014134,-0.014061,-0.099681,0.14507,0.15723,-0.057331,-0.065649,-0.13225,-0.020281,-0.19307,-0.017183,-0.10992,0.11988,-0.022037,0.036275,0.24384
-0.061569,0.11876,0.036631,0.088016,0.10747,0.1148,0.025643,0.15763,0.1514,-0.026462,0.063263,-0.01259,-0.22639,0.11606,-0.08286,-0.098261,-0.29313,0.19247,-0.1372,0.11346,-0.023938,0.14562,-0.01333,-0.28923,-0.097656,0.039745,-0.057589,-0.032716,0.079365,-0.023445,0.14943,-0.08065,-0.14988,0.085548,-0.064466,0.049477,-0.14292,0.24027,0.013237,-0.080347,-0.037878,0.095524,-0.25262,-0.082326,-0.063491,0.29762,-0.049138,-0.044737,0.11199,0.053778,0.10282,-0.063466,0.12933,0.070515,-0.0082331,0.029305,-0.12892,-0.077006,-0.0095872,0.17466,-0.042478,0.13685,-0.013688,0.049583,0.03665,0.0024088,0.052538,0.0034641,-0.018354,-0.0075557,-0.037032,0.025369,0.1513,-0.00087082,-0.16237,-0.051241,-0.36848,-0.067675,-0.061572,-0.20901,0.14021,0.039039,0.092317,-0.037374,0.033253,0.36791,-0.054415,0.031524,0.076702,-0.022135,0.066273,-0.14796,-0.10319,-0.066685,0.011818,0.13259,0.10871,0.253,0.036093,-0.052734
-0.0044144,0.037981,0.13294,0.24117,-0.0086174,0.24357,0.0063017,0.046796,0.19935,-0.11972,-0.12547,0.080495,-0.055742,-0.020255,-0.06382,-0.090784,-0.20392,0.10215,0.15296,0.06081,-4.1191e-05,-0.093849,-0.061169,-0.09127,0.16593,0.072934,-0.098102,-0.21602,0.051149,-0.055732,-0.032758,0.040268,0.039295,0.0096546,-0.086812,0.030834,0.099038,0.018507,-0.13476,-0.10512,-0.12879,0.096591,-0.10726,-0.094805,0.15394,0.0809,0.11832,-0.093241,-0.23389,0.039166,-0.0011782,-0.1772,0.054931,0.12563,-0.10582,-0.148,-0.0095542,0.070678,0.017396,0.050236,-0.18482,0.085627,0.086362,0.063955,-0.19819,-0.19,-0.016208,-0.093361,0.11425,-0.053884,0.06542,0.0048796,0.05847,-0.21099,0.12455,-0.097871,0.2023,-0.0381,0.16449,-0.089835,0.067694,-0.20513,0.011742,-0.046136,-0.060813,0.10797,0.012969,0.061366,0.14807,0.13514,-0.019943,-0.0077256,0.04924,-0.21708,-0.026474,0.057469,0.15042,-0.15615,-0.22198,-0.11023
0.066254,-0.07685,-0.15082,0.029254,0.080102,0.12281,0.10419,0.091591,0.0073608,-0.21508,-0.15421,0.033935,-0.15072,-0.15129,-0.1058,-0.10152,-0.10435,-0.090151,0.0044094,-0.018242,0.074848,-0.022653,-0.0036821,-0.042396,0.19609,-0.12098,0.10075,-0.071008,0.071793,-0.2405,0.068806,0.16964,-0.071532,0.14453,-0.13463,0.039299,0.10537,0.11112,-0.12777,0.041811,-0.11117,0.042026,-0.014049,0.001639,0.12855,0.0086573,0.20619,0.19721,-0.049559,0.085892,0.091422,-0.17493,0.14898,0.022625,-0.0044767,0.088505,-0.011947,-0.028345,-0.04059,0.21574,-0.09445,0.0080386,-0.036638,-0.11573,0.057144,-0.093291,0.087874,0.1185,0.07786,0.016087,-0.046627,0.027198,0.024482,-0.29955,-0.0027938,-0.14014,0.21417,0.14017,-0.084105,-0.17497,0.31463,-0.065823,-0.12788,-0.073166,-0.12006,0.1224,-0.15483,0.19854,0.29421,0.23504,-0.10855,0.077595,-0.11287,-0.086058,-0.014794,0.04378,0.15231,-0.087678,-0.044698,-0.10752
-0.096637,-0.046288,-0.038723,0.095625,0.10475,-0.10889,-0.25656,-0.16832,0.21543,0.16034,-0.052279,-0.075132,-0.07079,0.13796,-0.042834,-0.098827,-0.13427,0.0086902,0.1782,-0.13357,0.040433,0.025607,0.12446,-0.028612,-0.24782,0.058935,-0.16475,0.1577,0.14046,-0.025266,-0.02912,-0.20489,0.093731,0.080964,-0.041328,0.14459,-0.30555,0.20023,0.001934,-0.20247,-0.13274,0.050814,-0.2049,-0.29386,0.21947,0.24135,0.25121,-0.051521,-0.014047,-0.067039,0.27118,-0.15452,-0.18371,0.083242,-0.13367,0.039526,0.00050352,0.19841,0.011877,0.18638,-0.020895,-0.25465,0.015481,0.40058,-0.0028484,0.09764,0.012843,-0.10842,-0.2324,-0.041476,-0.019991,-0.13463,-0.061074,0.13483,0.075889,0.011234,0.040548,-0.22626,0.039903,0.04056,0.033785,-0.10648,0.14578,-0.093393,0.056501,0.13527,-0.031771,0.10416,-0.095638,-0.071894,0.065295,0.058645,-0.032951,0.0024301,0.020892,-0.17381,-0.065989,0.14114,-0.060293,-0.075365
0.034384,0.13938,-0.065117,0.20676,0.070669,0.19554,-0.024817,-0.023752,0.12783,-0.00028765,-0.011936,-0.037108,-0.0045788,-0.045355,-0.13741,-0.064601,-0.21084,-0.011203,0.067744,-0.11211,-0.091882,-0.051288,-0.091281,-0.068962,0.069298,-0.071789,-0.02255,-0.075961,0.13208,-0.22456,-0.040563,0.20995,-0.090251,-0.13529,-0.029906,0.085863,0.10836,-0.0069542,-0.03513,-0.086289,-0.036883,0.034512,0.0076374,-0.069064,0.00012169,-0.0079977,0.15791,-0.081177,-0.22871,-0.14092,0.13727,-0.2303,0.074127,0.11946,-0.075613,-0.10564,0.058913,0.17352,-0.078166,0.24485,0.01046,0.0033957,-0.055107,0.018654,0.0059114,-0.18351,0.20316,0.04087,0.18826,-0.050225,0.125,0.010388,0.11314,-0.16427,0.15439,-0.094711,0.25386,0.002367,-0.021372,-0.029705,0.15902,-0.26359,-0.066413,-0.11263,-0.034148,0.043569,-0.051394,0.22277,0.074883,0.14787,-0.010573,-0.083008,-0.026087,0.016819,0.25178,0.13036,0.035979,-0.085006,-0.1759,-0.17268
-0.050025,0.2042,0.13549,0.12379,0.10059,0.080074,-0.0068718,0.16548,0.020592,-0.055077,-0.089969,-0.091503,0.058698,0.07687,0.050333,0.14088,-0.064219,-0.068791,-0.051686,0.16149,-0.076906,-0.036558,-0.1265,0.056265,-0.063088,-0.12048,-0.057141,-0.08694,0.065857,0.049604,0.072858,0.042954,-0.12186,-0.095261,0.099822,-0.12447,-0.046296,0.054251,-0.061926,0.18491,-0.14573,-0.031324,-0.013464,-0.1457,-0.096185,0.062818,0.039884,0.10651,-0.032961,-0.029958,0.065623,-0.01167,0.046343,0.11886,0.11459,0.048721,-0.069766,-0.024696,0.072882,0.042641,0.0080707,0.0024456,0.012968,0.058956,-0.10396,-0.11563,-0.026384,-0.24232,0.10169,-0.18331,-0.025394,-0.11618,-0.066318,0.10593,-0.01088,0.090962,0.032023,-0.10613,-0.090896,-0.078594,-0.010074,0.028736,0.042442,0.10213,0.052257,-0.16652,-0.012153,0.082042,0.013166,0.14558,0.15145,-0.17434,-0.034101,0.055958,0.14516,-0.094893,0.016916,-0.020059,0.046179,-0.15993
0.068426,0.12689,0.032157,-0.031978,0.12696,0.10728,0.14206,0.21594,0.021024,0.077195,0.095318,-0.068352,-0.12634,-0.025572,-5.3261e-05,0.069431,0.062466,-0.073335,0.10278,-0.028234,-0.16309,-0.20425,0.10322,0.13024,-0.065132,0.030727,-0.042125,-0.012411,-0.0063394,-0.0817,-0.071829,0.054912,-0.052507,-0.060487,-0.24471,0.16055,-0.057028,-0.24123,0.011967,-0.21266,-0.15251,-0.068423,-0.037832,0.041392,0.071136,0.036063,-0.050014,0.094335,-0.089102,-0.042049,0.10786,-0.012531,-0.0074828,0.27555,-0.028852,-0.21694,-0.0060627,0.12562,-0.082715,0.20421,-0.14497,-0.07565,0.15819,-0.018867,0.075681,0.066715,0.015525,-0.014816,0.071618,-0.033645,-0.036551,0.17723,-0.097851,-0.042872,-0.032162,0.21113,0.088281,0.12749,0.15994,0.0081188,0.098423,-0.010215,-0.13058,0.005135,-0.074746,-0.16671,0.065567,0.095893,0.17306,0.053953,-0.01313,0.13416,0.14868,-0.028281,0.071872,-0.28124,-0.021958,0.015818,0.12244,0.13802
-0.02593,0.09247,-0.04732,-0.048913,0.20324,-0.035288,-0.058733,0.15383,0.11902,0.013925,0.15002,0.050682,-0.23092,0.20493,0.023864,0.051294,-0.053318,-0.073906,-0.083508,0.027665,0.038676,-0.16847,-0.040544,0.27003,-0.24074,-0.046574,-0.086766,0.24896,0.068028,-0.24294,0.063175,-0.12795,-0.14366,0.066859,-0.10258,0.12069,-0.11224,-0.083957,-0.061521,-0.089993,-0.20866,-0.063218,-0.0821,-0.051085,-0.0072399,0.077351,-0.070567,-0.054363,0.08429,0.12123,-0.010812,-0.072062,0.023407,0.07508,0.031897,-0.0049429,-0.026792,0.1233,0.17676,0.14606,-0.17349,0.12333,-0.08413,-0.044086,-0.039553,0.066274,-0.013975,-0.29279,-0.030335,-0.019142,-0.092568,0.069247,0.15211,0.14539,-0.18266,0.037858,0.014077,-0.13365,-0.14038,-0.024555,-0.036669,0.047899,-0.022156,0.017179,0.047054,0.059438,-0.28351,0.059637,0.035446,0.016061,-0.07311,-0.080702,0.078977,0.053185,-0.026626,-0.06821,0.030315,0.099138,0.10246,0.04691
0.046638,0.020424,-0.13867,0.23984,-0.23575,-0.057411,-0.099208,0.029154,0.24758,0.075187,-0.0051542,0.024469,-0.068004,0.17639,-0.025491,-0.28646,0.078469,-0.19368,-0.31093,0.10151,0.019967,0.20903,-0.20744,0.028216,0.11463,0.094237,-0.026227,-0.1431,-0.033502,-0.18631,-0.11915,0.28183,-0.046805,0.060497,-0.021508,0.069489,0.098284,0.055123,-0.26872,-0.041731,-0.19646,0.095527,-0.011736,0.078422,-0.0015835,-0.039519,-0.045497,-0.007517,0.11918,-0.25296,0.21583,0.17704,0.093454,-0.25416,0.13561,-0.012747,-0.065594,-0.17955,-0.39033,0.32026,-0.33083,0.077839,0.036511,0.16298,-0.097734,0.062701,0.32485,-0.15721,0.0085662,0.17418,0.067593,0.36815,-0.23523,-0.0022121,-0.28199,0.075431,-0.10098,-0.080084,0.2568,0.00084947,-0.088335,-0.06048,-0.047993,0.23116,-0.077223,0.071028,-0.18695,0.26133,-0.12648,0.0093488,-0.096972,-0.24073,0.025305,-0.037822,0.18812,0.076553,0.16871,0.1168,-0.41833,-0.0099478
-0.074398,0.17419,-0.051052,-0.15396,0.042718,-0.08219,-0.0032256,0.10966,0.023362,0.1302,0.030105,-0.049243,0.060696,0.39381,0.051731,0.08186,-0.10172,-0.034597,-0.18153,-0.16654,0.10514,-0.1716,0.095276,-0.03623,-0.21621,0.0049759,-0.1039,-0.054809,0.009883,-0.17275,0.062456,0.053733,0.03822,-0.13035,-0.075559,0.11334,-0.12912,-0.027022,0.020647,-0.17125,-0.027572,0.1346,-0.10194,0.15089,-0.13141,0.21044,0.18598,-0.22398,0.085828,0.036112,-0.15158,-0.054342,0.10616,0.17049,-0.009809,-0.088675,0.024378,0.13322,0.050688,0.10491,-0.016756,-0.0013175,-0.015849,0.00059759,-0.089554,0.017288,-0.098965,-0.11762,0.021011,-0.02055,-0.039348,-0.067981,0.26903,0.1486,0.027127,-0.057404,-0.086278,-0.24682,-0.056042,-0.17903,-0.046982,-0.019485,0.15473,0.012774,-0.05267,0.10525,-0.12008,0.17909,0.055618,-0.059344,-0.13538,0.024168,-0.051215,-0.059581,0.15724,0.15518,-0.0085036,0.12311,0.16848,-0.22229
-0.12859,0.18454,-0.012925,0.13283,0.15879,0.039623,-0.065375,0.020101,0.14261,0.1294,0.057042,-0.078722,0.011768,0.26247,-0.024677,-0.027476,-0.30058,0.024047,-0.022715,-0.11182,-0.011105,-0.069322,-0.066944,0.055922,-0.1492,-0.063584,-0.027752,-0.00053919,0.099229,-0.11818,-0.047509,-0.017394,-0.14653,-0.13971,-0.018194,0.20591,-0.18252,0.07753,0.048847,-0.27468,0.033804,0.01493,-0.1146,0.019735,0.027196,0.082194,0.010825,-0.08113,0.068645,-0.093771,0.1481,-0.2051,0.12453,0.22737,0.078618,0.095798,0.033215,0.20367,-0.13056,0.1505,0.013534,0.12979,-0.03477,-0.033277,-0.023685,0.01226,0.037866,-0.013948,0.08697,0.061583,0.058577,0.03808,0.11037,0.061513,0.076377,-0.087611,0.010239,-0.23077,-0.19525,-0.07434,0.093705,-0.10065,0.033937,0.063504,-0.10117,0.1778,-0.14222,0.21062,0.16297,0.056333,0.083704,-0.066839,-0.059909,0.121,0.18489,0.20221,0.06292,0.2814,0.043189,-0.064123
0.023172,0.035712,-0.12754,0.079245,-0.0085261,0.18634,-0.048812,0.090074,0.11961,0.055174,0.17004,0.030712,-0.065141,0.075773,-0.039804,0.082876,-0.010246,-0.16033,-0.047027,0.11438,-0.11477,-0.10209,-0.16086,-0.10997,0.12308,0.15906,-0.0851,-0.2281,-0.078967,-0.12873,0.054145,0.062471,0.07552,0.099454,-0.052352,-0.023317,0.23839,-0.023841,0.013527,-0.23557,-0.12974,-0.0014583,-0.27112,0.0030529,-0.052912,0.026264,0.11802,-0.17897,-0.029753,-0.17132,0.026577,-0.10693,0.16066,-0.047148,-0.065831,0.082263,0.13299,0.045536,-0.10647,0.049864,-0.067502,-0.040607,-0.079565,0.060041,-0.16103,-0.10402,0.02995,-0.068941,-0.0011153,0.11294,-0.13983,0.11268,0.093192,0.060327,-0.082923,0.16287,-0.1451,-0.17167,0.020524,-0.048411,-0.12342,-0.041037,-0.086291,0.0028544,0.046409,0.014541,0.02682,0.25853,-0.17362,-0.036226,0.056763,-0.069149,0.10525,-0.29773,0.006177,-0.032701,-0.039486,-0.0050399,-0.042428,0.054424
-0.075596,0.13949,-0.033899,0.25202,0.085244,0.18111,0.10156,0.057051,-0.047203,0.13205,-0.09957,0.13972,0.015977,0.11823,0.04145,-0.18787,-0.19894,-0.017651,-0.05414,-0.10493,-0.0456,-0.013337,0.060649,-0.02235,-0.031208,-0.1184,-0.096373,0.033756,0.1792,-0.05565,-0.071484,0.14189,-0.16587,-0.19746,0.017945,0.026871,-0.00016204,0.094104,-0.017038,-0.23495,0.024679,0.047273,-0.076352,0.02925,0.053417,-0.13897,-0.087228,-0.051218,0.047714,-0.20188,0.15132,-0.033685,0.23205,0.16999,-0.15004,0.012702,0.038504,0.085595,-0.22715,0.13981,-0.032208,-0.088226,0.065864,0.061084,0.11344,-0.15015,0.13785,-0.017631,0.072334,0.0056398,-0.0090558,-0.019932,0.030165,-0.12927,0.039943,-0.1259,0.18124,0.056236,-0.00709,0.015536,0.099636,-0.24337,0.14081,0.063268,-0.14857,0.239,-0.034883,0.13554,0.033956,0.15869,0.070147,-0.1155,0.0035677,0.07754,0.25932,0.17744,-0.099274,-0.012802,-0.17259,-0.11306
0.069777,0.059713,-0.21274,0.052071,-0.025802,0.021434,0.07381,0.18413,-0.077465,-0.051861,-0.10681,0.17427,-0.15883,0.019857,-0.043362,-0.026492,-0.0626,-0.013571,-0.16064,0.029145,-0.10698,0.057913,0.13009,-0.062732,-0.029563,-0.052375,0.17186,0.0284,0.14964,-0.036413,0.028679,-0.056814,-0.075034,0.084508,0.065904,0.10151,0.18832,0.084382,0.12474,0.066816,-0.20641,0.10398,-0.21061,-0.077554,0.22344,0.1327,-0.018711,0.035305,0.0070749,-0.093182,0.15923,-0.092592,-0.052428,0.07587,-0.0049273,0.17556,-0.182,-0.041146,-0.052857,-0.024452,-0.01154,0.064829,0.26489,-0.039311,-0.09595,-0.11065,-0.070526,-0.071395,-0.042895,0.15971,0.082398,-0.098845,-0.048436,-0.10991,0.083061,0.14553,0.068415,0.078505,0.0054093,-0.1909,0.094221,0.11164,0.12025,0.13205,-0.23636,0.1477,0.085768,0.14183,0.081572,0.20164,-0.1236,0.0044686,-0.19863,-0.050291,-0.090348,0.053822,0.22029,0.012083,0.027595,-0.021118
-0.16633,0.15865,-0.07663,0.089219,0.22344,-0.012016,-0.012798,0.22432,0.21683,0.099939,-0.07753,0.05404,-0.099084,0.055422,0.053688,0.059849,-0.039667,0.11608,-0.058416,0.0095379,0.081386,-0.063615,0.064695,-0.065798,-0.12466,0.011025,-0.062058,-0.080764,-0.038828,-0.068028,-0.021399,0.049138,-0.19284,0.047124,-0.18914,0.025985,-0.018743,0.14396,0.043605,-0.15649,-0.045313,-0.21648,-0.26984,0.004928,0.018511,0.2518,0.099417,0.033848,0.13781,0.19231,0.14524,-0.30477,0.15571,0.27046,0.0011941,0.095155,-0.18695,0.058259,0.060748,0.14747,-0.12086,0.029477,-0.0035525,0.1716,-0.14225,0.010165,-0.042385,-0.050304,-0.11272,0.012603,-0.031895,0.021723,0.19622,-0.071339,0.035868,-0.20494,-0.057809,-0.125,-0.22409,-0.17395,0.023968,-0.26613,-0.042471,-0.16491,-0.050606,0.13455,-0.10882,0.13747,-0.03758,-0.079947,0.14526,0.13685,0.012704,-0.082774,0.05467,0.16828,0.13039,0.058514,0.0082577,0.067241
-0.12756,0.11109,-0.15721,0.00714,0.074809,-0.046851,-0.18323,0.028314,0.25727,-0.00027956,0.063634,-0.026965,-0.13287,0.13796,0.086537,-0.023987,0.019106,-0.018238,-0.21852,-0.0083619,-0.062627,-0.098544,0.088515,-0.034359,-0.036018,0.1511,0.053108,0.17674,0.08376,-0.083946,0.098141,-0.080421,-0.11511,0.018751,-0.094336,0.099332,-0.13983,0.10923,-0.052134,-0.12429,-0.20729,0.27922,0.14674,0.024869,-0.15473,0.023023,-0.076447,0.092027,0.047066,-0.10347,0.13481,-0.12686,0.044424,0.059764,0.11661,-0.080001,-0.15501,-0.18706,-0.0065362,0.10677,0.0068161,6.3854e-05,0.040099,-0.044506,-0.11414,0.12918,-0.031332,-0.048605,-0.017162,-0.029775,-0.049837,-0.02022,-0.053727,0.086704,-0.063994,-0.02807,-0.11691,-0.1838,-0.15012,-0.10517,0.1534,0.078102,0.08926,-0.02565,-0.30476,0.13432,-0.064266,0.12423,0.018582,-0.066597,0.13412,-0.21135,-0.089253,0.019543,0.15916,-0.05375,0.33798,0.21404,0.08528,0.055756
-0.11879,0.034047,-0.23066,0.12938,-0.059772,0.11242,0.023333,0.063571,0.070614,0.0012078,-0.15794,0.17756,0.046745,-0.075785,0.0041792,-0.054657,-0.065374,0.19792,-0.043389,0.03167,-0.017941,-0.018239,-0.069756,-0.11028,0.10255,0.06453,-0.12882,-0.11643,0.24071,-0.036543,-0.069314,0.17848,-0.062703,0.073685,-0.050021,0.067427,0.075681,0.00011164,-0.073885,-0.01119,-0.24819,0.12746,-0.14819,-0.090008,0.025747,0.051643,0.1757,0.061427,-0.33091,-0.024291,0.22278,-0.16152,0.14799,0.0065935,-0.17783,-0.090891,0.020129,0.0059318,-0.041819,0.016147,-0.070458,0.024394,0.053576,0.093545,-0.11225,-0.26257,0.18243,-0.078482,0.070161,0.014273,0.046766,-0.012662,0.030063,-0.19988,0.045271,-0.097316,0.17229,-0.05443,0.016661,-0.19532,0.22685,-0.17212,0.10253,-0.023976,-0.061049,0.22264,-0.020605,0.15016,0.073773,0.0063047,0.06129,0.0081659,0.033867,-0.16578,0.20983,0.044628,0.10047,-0.12229,-0.098749,-0.09607
-0.10747,0.057306,-0.014432,0.053371,-0.034915,0.0026496,0.052618,0.03478,0.18315,0.25621,0.076907,0.019174,-0.10414,0.074612,0.12073,0.031289,0.28675,-0.042194,-0.094019,0.013898,-0.1446,-0.097862,-0.095444,-0.087498,0.070927,0.023008,-0.040795,0.11928,-0.04847,-0.0034331,0.1398,0.11574,-0.084586,0.12459,-0.19694,-0.11572,0.20835,-0.10579,-0.030403,-0.22822,-0.16532,0.062779,-0.078723,-0.14676,-0.15034,0.17109,0.12431,-0.12684,0.11439,-0.12373,0.027387,-0.11765,0.058366,0.11806,-0.10987,-0.08994,0.053458,-0.15625,0.013181,0.095708,-0.070746,0.0084118,0.19105,0.0021283,-0.23609,0.1743,0.23766,-0.0068216,-0.096118,-0.070563,-0.14448,0.19417,-0.076402,-0.11244,-0.063,0.12168,-0.13696,-0.010955,0.083043,-0.042176,-0.045725,-0.094449,-0.050545,0.039984,-0.0025702,0.042669,-0.11878,0.21934,-0.06244,-0.032199,0.13195,0.12122,-0.025358,-0.11058,0.11769,-0.27413,-0.049977,0.010741,0.03381,0.13781
-0.032903,0.11462,-0.038719,0.15613,0.00071031,-0.018394,0.075598,-0.017379,0.07352,-0.10965,-0.14529,0.12602,-0.082695,-0.057198,-0.075298,0.014691,0.038966,0.14337,0.040505,-0.097562,-0.22982,-0.042121,0.04051,-0.112,0.11802,0.0346,0.018391,-0.0028174,-0.0083304,-0.052295,-0.024453,0.14473,-0.1572,0.060253,-0.2002,0.047146,0.25596,0.1636,-0.080021,0.023367,-0.17843,0.021237,-0.03381,-0.10961,0.097812,0.23961,0.10568,0.082444,-0.26961,-0.0086862,0.15468,-0.30203,0.083617,0.16717,-0.24504,-0.037512,-0.075258,0.093931,0.086846,0.15137,-0.066129,0.043779,-0.12152,0.15803,0.039395,-0.17472,0.042526,-0.051832,-0.059437,0.1058,0.092049,-0.0073225,0.055527,-0.25146,-0.022381,-0.12516,0.17615,-0.015233,-0.019144,0.0040749,0.213,-0.2133,0.067647,-0.27129,-0.010114,0.0023697,0.067984,0.072478,0.10495,0.068918,-0.047011,0.1742,-0.080418,-0.11472,0.058184,0.13908,0.10668,-0.11952,-0.0049378,0.15431
0.11101,0.12058,0.046513,0.08073,0.2936,-0.083526,-0.13999,0.068552,0.12506,-0.087163,-0.11375,-0.12469,-0.17208,0.22487,0.052645,-0.10576,0.060455,0.042609,-0.29309,0.036693,-0.094561,-0.20569,-0.00076892,-0.022305,-0.13953,0.10709,0.059427,0.059756,-0.11289,-0.059673,0.051252,-0.1327,-0.13733,0.053342,-0.029245,-0.0017653,-0.038126,-0.043048,0.0045751,-0.020426,-0.16783,0.088527,-0.17445,0.14271,0.093137,0.22287,0.13121,-0.0097838,-0.0086776,-0.054091,0.09095,-0.21095,0.12806,0.1885,0.11399,0.065453,-0.14911,0.067553,-0.0053315,-0.044201,-0.090566,0.14036,0.029155,-0.067645,-0.1539,0.07791,0.054247,-0.19824,-0.05362,-0.1483,-0.033983,0.022468,0.021851,0.18361,-0.25591,0.025731,-0.13839,-0.14508,-0.097458,-0.24015,0.068648,-0.072389,-0.036847,0.1893,-0.32768,0.16097,-0.19054,0.11776,-0.08708,0.042427,0.20957,-0.041037,-0.10776,-0.076481,-0.039936,-0.10577,0.15309,0.18664,-0.0022318,0.10884
0.095399,0.023512,-0.14062,-0.0047326,0.1582,0.18367,0.03644,0.089916,0.030557,0.00025008,-0.086555,0.085919,-0.076578,-0.012238,0.030742,-0.10535,0.0029571,-0.027178,0.19435,-0.10623,0.17138,-0.11825,-0.047122,-0.1054,0.024324,0.069248,-0.029602,-0.070669,-0.022121,-0.1868,-0.079731,0.20069,-0.10125,0.12461,-0.17326,-0.083008,0.058402,0.01037,-0.14634,-0.165,-0.10457,-0.23576,0.03533,-0.026963,0.20107,-0.014696,-0.035509,0.17157,0.19128,-0.02867,0.070924,-0.1175,0.21052,0.10654,0.046015,0.074951,0.095713,-0.10068,0.093959,0.26387,-0.11109,-0.16084,-0.068858,0.028222,0.19689,0.17648,0.15231,0.15635,-0.1404,0.11044,-0.020957,0.15729,-0.13264,-0.1523,-0.069668,0.0058965,-0.035011,0.046745,-0.010969,0.0447,0.17538,-0.099237,-0.044434,-0.092128,0.082759,-0.089039,-0.18732,0.045996,0.18889,0.16216,0.052092,0.17476,-0.1042,0.022199,0.025432,-0.16022,0.0469,-0.10174,0.043256,0.19424
-0.030706,0.24912,-0.0046063,-0.14081,-0.099678,0.075809,0.13611,0.20717,-0.034658,0.054916,0.12994,-0.08083,-0.076877,0.39316,0.18239,0.067781,-0.12499,0.12469,-0.07784,-0.1347,0.040762,-0.11526,0.072028,-0.085347,-0.26872,-0.13581,-0.2195,-0.07912,0.12519,-0.10718,0.0839,-0.031339,0.029142,-0.231,-0.16532,0.07115,-0.096592,0.063045,-0.010716,-0.18498,-0.055865,-0.01871,-0.12342,0.060464,-0.057643,0.23897,0.075484,-0.24281,0.13515,-0.0052925,-0.011172,-0.2702,0.15026,0.080782,0.043639,-0.13317,-0.043902,0.20258,-0.066444,0.11598,-0.073131,0.20676,-0.037824,-0.0020991,0.054442,-0.11065,0.071328,-0.018832,-0.024458,-0.18479,-0.062368,-0.12504,0.17967,0.086017,0.11279,-0.18693,-0.094868,-0.13261,0.010429,-0.29602,0.14454,0.016139,-0.096943,0.0012082,-0.12574,0.025754,0.0033801,0.21109,0.21901,-0.01715,0.012051,-0.059319,-0.21139,-0.14298,-0.015408,0.070069,0.040337,0.17556,0.072972,-0.11218
-0.02809,0.1476,-0.083484,0.21328,-0.0020807,0.16568,0.088722,-0.023956,0.1633,-0.028205,-0.047692,0.094626,0.036387,-0.0046811,-0.11803,0.012033,-0.1568,0.021126,0.080351,-0.040933,0.044918,-0.058062,-0.14262,-0.076101,0.040507,-0.083498,-0.046054,-0.049073,0.20154,-0.19455,-0.063489,0.12028,-0.028839,-0.18506,-0.11536,0.09304,0.085917,-0.014004,0.018982,-0.080919,-0.043015,0.06924,-0.079244,-0.087295,0.070958,-0.044867,0.10711,-0.11289,-0.26039,-0.24103,0.088886,-0.12497,0.041598,0.19625,-0.20072,-0.092734,0.05789,0.067576,-0.051178,0.089958,-0.0032086,0.012563,-0.034106,-0.00072302,-0.001516,-0.16188,0.14146,0.074246,0.21772,0.019856,-0.015371,-0.042153,0.12476,-0.11362,0.21627,-0.15086,0.32153,-0.013292,-0.020148,-0.014763,0.12866,-0.33288,-0.0092515,0.06146,-0.068243,0.072048,-0.034177,0.15128,0.062039,0.18778,-0.052895,-0.087737,-0.038228,-0.022224,0.22636,0.15861,-0.025789,-0.08041,-0.23352,-0.15473
-0.13906,0.041944,0.029819,-0.088887,0.1153,0.064511,-0.032738,0.00605,0.18187,-0.045103,-0.12943,0.16812,-0.23331,-0.15917,-0.14765,-0.061524,-0.080455,-0.15662,0.079836,-0.09598,0.093863,-0.00061115,0.058118,-0.048291,0.085119,-0.0069819,0.10967,0.11675,0.20888,-0.13649,0.020497,0.23035,0.0048495,0.045057,-0.076236,-0.091555,0.1644,-0.039477,0.0017553,-0.01359,-0.16328,0.0041872,0.054126,-0.091122,0.069797,0.063945,0.090019,0.051406,-0.14406,-0.13471,0.071923,-0.23796,0.24837,0.083814,0.022141,-0.13269,-0.088728,-0.11147,0.01524,0.236,-0.030494,-0.10674,-0.23013,0.01576,0.045853,-0.075945,0.055368,0.020874,0.13457,-0.0022134,0.14687,0.1859,-0.011042,-0.13158,-0.12288,-0.10636,0.19465,0.10022,0.013878,-0.088178,0.18219,-0.17497,0.017539,-0.15584,-0.02233,0.11972,-0.19014,0.024524,0.14594,0.091767,0.0049658,0.044186,0.016625,0.049232,0.052466,0.099496,0.014073,-0.10469,-0.039098,-0.079468
-0.089288,0.11779,-0.10406,-0.12518,-0.14859,0.12829,0.039426,0.095721,0.023315,0.11316,0.00033738,0.049383,-0.087321,0.27139,0.10551,-0.019308,0.11596,-0.032419,-0.095911,-0.058332,-0.063344,-0.24727,-0.23132,-0.1898,0.034641,0.043118,0.0099325,-0.20738,0.10785,-0.21972,0.34687,0.15165,0.12608,-0.095934,-0.08604,-0.1545,0.078526,0.025661,0.0044882,-0.10384,-0.10226,0.0025608,0.079345,0.077362,-0.025559,-0.025468,0.032571,-0.17554,0.23502,-0.22566,0.084444,-0.14324,0.10567,-0.019886,0.10692,-0.013806,-0.0068263,-0.1826,0.0015644,0.017567,-0.11404,-0.027308,-0.053556,0.027279,0.075918,-0.072803,0.19478,-0.10333,-0.09734,0.07887,-0.039934,0.18593,-0.05409,-0.017621,-0.16622,0.028557,-0.29415,-0.07187,0.026177,0.049102,-0.053959,0.057401,-0.13011,0.097549,-0.040589,0.046631,-0.12958,0.13627,0.029004,-0.025308,-0.09322,-0.00069526,-0.04233,-0.079716,0.1355,-0.012304,0.01786,0.041035,-0.042941,0.040862
-0.1381,0.12004,-0.016478,-0.075392,0.064667,0.10548,0.025246,0.22972,0.12432,0.048041,0.123,0.065567,-0.13923,0.18161,0.11427,-0.015914,-0.21443,0.082846,-0.033486,-0.0099827,-0.052333,-0.18499,0.075323,-0.043457,-0.16744,-0.037007,-0.065941,-0.18876,0.05941,-0.014555,-0.0037458,-0.014675,0.14948,-0.086869,-0.11561,0.1822,-0.15284,0.10296,-0.073188,-0.08383,-0.041086,0.094028,-0.09701,0.10118,-0.092156,0.30567,-0.064265,-0.077817,0.11077,0.093586,-0.0057897,-0.22184,0.13682,0.22202,0.089446,-0.10964,-0.079184,0.18706,-0.12201,0.063421,-0.10679,0.11977,-0.038756,-0.014281,-0.031481,-0.086049,-0.01483,-0.054185,0.14669,0.067514,-0.032214,-0.0044659,0.13289,0.095046,-0.070366,-0.14836,-0.010574,-0.16137,-0.066715,-0.14703,0.13942,0.0012722,-0.058847,0.0054387,-0.1558,0.1821,-0.11422,0.041986,0.076069,0.0036595,-0.020993,-0.0714,-0.04898,-0.10783,-0.04613,0.21737,0.059362,0.24525,0.14708,-0.18901
0.035551,0.12159,0.019568,0.13952,-0.063396,0.25877,0.044036,0.16728,0.22246,-0.075667,-0.012385,0.13135,0.043159,0.12401,0.025737,0.021227,0.091359,0.1112,-0.17152,0.1962,-0.10305,-0.052317,0.034076,-0.16767,-0.08521,-0.0049577,-0.039899,-0.12034,0.057865,-0.066566,0.057846,0.15123,-0.15032,0.12203,0.072356,-0.1946,0.094797,-0.16086,-0.093077,-0.14727,-0.22738,0.056714,0.032503,-0.10234,0.016734,0.08931,0.053374,0.056047,0.093368,-0.12483,0.16561,-0.12725,0.10094,-0.098413,0.0045668,-0.11731,0.1787,-0.15826,-0.06756,0.038478,-0.059939,-0.11546,0.15478,0.10824,-0.02732,0.022733,-0.13672,-0.036668,-0.16645,-0.067864,0.12005,0.14473,0.010576,-0.14467,-0.0093473,0.02092,-0.25649,-0.024647,0.017126,0.07002,-0.0099428,-0.14445,-0.0422,0.0084934,0.11148,-0.12284,0.024938,0.10304,0.13973,0.042478,0.018173,-0.12363,-0.080319,-0.27671,0.022962,-0.23369,-0.070004,-0.075004,-0.006002,0.18603
0.078261,-0.021724,0.13186,0.2851,-0.022248,0.26371,-0.09228,0.02649,0.21994,-0.035108,-0.054547,0.016197,-0.089382,-0.030693,-0.1844,-0.092407,-0.19234,0.12936,-0.059668,0.067913,-0.058563,0.14111,-0.1623,-0.0029492,0.043329,0.084245,0.00081447,-0.16043,-0.16153,-0.13801,-0.035283,0.099455,0.0073774,0.038375,0.053612,0.14821,0.10263,-0.10816,-0.18529,0.080058,-0.19959,0.16282,0.03345,-0.1872,0.14174,0.098372,0.10212,-0.18966,-0.28965,0.15245,0.13587,-0.077287,-0.027143,0.0061165,-0.079695,-0.0077588,0.010523,0.035098,-0.076184,0.15987,-0.21899,0.12517,0.085857,0.14448,-0.17553,-0.27749,0.15282,-0.17619,0.13357,0.0055158,0.16269,0.23687,-0.11416,-0.12501,-0.018041,0.084081,0.097802,0.086185,0.038836,-0.04081,-0.088916,-0.11405,-0.023157,-0.19557,-0.02706,0.19256,0.047741,0.1634,0.024631,0.095237,-0.11691,-0.10042,-0.043416,-0.051653,0.039319,0.22371,0.15904,-0.11751,-0.29417,-0.04831
-0.074421,0.045874,-0.062854,-0.0049485,0.06329,0.16192,-0.096223,0.12595,0.31484,0.090727,-0.13454,0.10803,-0.088617,0.203,-0.071927,-0.074623,0.088133,-0.16965,-0.19145,0.2072,-0.13929,-0.027973,-0.063509,-0.28074,0.018184,0.17528,-0.11445,-0.11455,-0.067445,-0.22771,-0.0016034,0.11892,0.052898,0.0016223,-0.042296,-0.11045,0.13688,-0.21178,-0.13475,-0.070502,-0.24833,0.0090746,-0.10599,-0.062253,0.038565,-0.0058924,0.12659,0.068074,-0.12868,-0.1736,-0.044171,-0.19985,0.17341,-0.16462,0.092226,-0.0067031,0.16534,0.036841,-0.0013173,-0.011686,-0.11409,-0.064442,0.04565,0.10246,-0.039846,0.15828,-0.095231,-0.10018,-0.12692,-0.0010824,0.10499,0.30454,0.015837,-0.053856,-0.20441,0.16142,-0.25244,-0.19082,0.083206,0.08805,-0.12378,-0.0433,-0.0016714,0.16723,0.24687,-0.026831,-0.15527,-0.028194,0.013115,0.013559,-0.018157,-0.027256,0.01458,-0.13937,0.030363,0.11521,-0.14966,-0.12964,0.083396,0.066321
-0.055548,0.16798,-0.17767,0.22305,0.0077446,0.16766,-0.092747,0.048112,0.18015,-0.1765,-0.10678,0.10626,-0.21706,-0.14648,-0.28617,0.032573,-0.1579,-0.11161,0.2059,-0.11601,-0.19168,-0.078503,0.12188,-0.20859,-0.011385,-0.12825,-0.027371,0.027731,0.083326,-0.010548,-0.029002,0.22464,0.045312,0.11441,-0.23313,0.025902,0.24692,0.058695,-0.0051631,-0.25605,-0.22955,0.059371,-0.15874,-0.17946,0.025923,0.12576,0.061294,0.030592,-0.32687,-0.21014,0.15371,-0.26502,0.14512,0.25297,-0.3297,-0.088189,-0.079917,-0.036196,-0.052029,0.059242,-0.20465,0.27893,-0.083708,0.2156,0.028588,-0.033009,-0.023974,0.03156,-0.014736,0.11297,0.21974,0.073841,-0.049766,-0.25054,0.0047281,0.029208,0.25144,0.18175,0.1191,-0.31661,0.26438,-0.17177,-0.11465,-0.1138,-0.085405,0.13765,-0.098536,0.1677,0.1774,-0.13349,0.10328,0.0098979,-0.025844,-0.043913,0.089378,0.099895,0.060227,0.030527,-0.043947,-0.31542
