-0.12782,0.052719,-0.073372,0.097843,-0.075015,0.24986,-0.10824,0.088179,0.28976,0.23754,0.054084,-0.026052,-0.17454,0.089667,0.082006,-0.055378,0.0748,0.098633,-0.069479,0.085007,-0.13206,-0.15905,0.026659,-0.192,-0.14869,0.18022,-0.052296,-0.061534,0.0057543,-0.099602,0.021119,0.19005,-0.18321,0.20867,0.043098,-0.27869,0.0010432,0.044132,-0.11368,-0.038274,-0.28235,-0.088559,0.11404,0.027255,-0.10845,0.12672,-0.087653,-0.062949,-0.014787,-0.20343,-0.010822,-0.015536,0.052849,0.05394,-0.10641,-0.14691,0.089923,-0.11227,-0.0074504,-0.073809,0.003165,-0.063625,0.11492,0.1153,0.046487,0.143,0.0023862,-0.16113,-0.066118,0.16648,0.11639,0.30916,-0.11601,-0.078557,-0.13282,-0.016451,-0.31275,-0.04921,-0.093102,-0.056981,-0.048786,0.040838,-0.26528,-0.046417,0.072457,0.16024,-0.1131,0.19014,0.11223,0.17786,0.011535,-0.12527,-0.07409,-0.10689,-0.0038163,-0.19882,-0.12745,0.1413,-0.028384,-0.02005
-0.26991,0.074603,-0.093351,0.13465,0.010903,0.24967,0.030201,0.023784,0.0064637,0.0031906,-0.10112,0.23173,0.038499,0.14729,-0.12269,-0.17215,0.013135,0.12494,-0.0009374,0.15596,-0.025395,-0.053203,-0.098695,-0.018163,-0.022082,0.025725,-0.0035755,-0.2046,0.10729,-0.17693,0.14984,0.12989,0.00017653,0.012988,-0.011121,0.12791,0.11887,0.13691,0.00030512,-0.19071,-0.12693,-0.25438,-0.27014,0.12706,0.029165,0.10342,0.078394,0.11171,0.094433,-0.16704,0.15349,-0.24923,0.11605,0.1149,-0.30974,-0.069733,-0.025961,0.029506,-0.22526,0.089592,-0.1891,-0.028755,-0.074321,0.13079,0.044273,0.033121,0.0059421,0.049295,-0.11254,0.045613,-0.041477,-0.026147,-0.059782,-0.19151,-0.093848,-0.036515,-0.06655,-0.016283,-0.01959,0.058896,0.046861,-0.018767,-0.10124,-0.052115,-0.013462,0.10174,-0.067762,0.20548,0.015378,0.056762,-0.0015352,0.1063,-0.0046025,0.066066,-0.010785,0.084021,-0.16577,0.044032,0.072474,-0.04759
0.027204,0.12861,-0.19247,0.11275,-0.052997,0.14821,0.06787,0.12821,0.085076,-0.1366,-0.10202,0.17867,-0.16081,0.019893,-0.12627,-0.062598,-0.054489,0.0013646,0.057286,-0.091467,0.067074,-0.043228,0.10689,-0.021421,0.12896,0.13549,0.18848,-0.16095,0.0026621,-0.17891,-0.078608,0.31667,-0.15418,0.064777,-0.13092,-0.037298,0.12199,0.23259,0.02495,0.033843,-0.30346,-0.031957,-0.12098,-0.049332,0.07774,0.043738,0.085285,0.30182,-0.22001,0.010361,0.16708,-0.28861,0.13509,0.0091214,-0.1365,0.068328,-0.21651,0.052225,0.0086298,0.20923,-0.17101,0.25969,-0.14166,0.18557,-0.010349,0.0035936,0.08103,-0.090504,0.17034,0.09961,0.073038,-0.14041,-0.11672,-0.22009,0.045177,-0.02619,0.25219,0.078444,0.037664,-0.083321,0.1133,-0.15935,-0.063048,-0.18106,-0.135,0.0034579,-0.063908,0.058055,0.13876,0.17872,-0.022338,0.11476,0.041563,-0.11368,0.095376,-0.028434,0.06848,-0.085197,-0.098516,-0.104
-0.0057917,0.018022,-0.011261,0.14812,-0.15075,0.13943,-0.2195,-0.0035108,0.20418,-0.02614,-0.099862,0.074056,-0.27436,-0.11664,0.084811,-0.04914,-0.074615,0.054253,-0.050378,0.011192,-0.086392,-0.24062,-0.016949,-0.068516,0.2053,0.1759,-0.030004,0.075306,0.27163,-0.18006,-0.051233,0.19787,-0.087991,0.075067,-0.01142,-0.078569,0.13512,0.028956,-0.064703,0.019441,-0.32117,0.20845,-0.020597,-0.022628,-0.13839,0.00043561,-0.055701,-0.032297,-0.25466,-0.0059575,0.041987,-0.1062,-0.035673,-0.033465,-0.14618,-0.12663,0.0097701,-0.025462,0.17659,-0.13818,-0.057201,-0.0036554,-0.023599,0.035289,-0.24563,-0.057212,-0.017567,-0.088785,0.13593,0.10164,-0.049902,0.025235,-0.037154,-0.2685,-0.11188,-0.088273,0.14189,-0.09406,0.067467,-0.13344,0.080346,-0.12417,-0.017388,-0.053525,0.12025,0.13948,-0.12157,0.046468,0.1769,0.057464,-0.054336,-0.059436,-0.045546,-0.098271,0.087997,0.16081,0.010357,-0.068845,-0.14967,-0.097545
-0.039798,0.11507,0.052239,0.022622,0.32016,-0.046752,-0.14712,0.083124,0.23416,0.028225,-0.056502,-0.11116,-0.29159,0.24142,0.11775,-0.039239,-0.024713,0.024383,-0.30917,-0.070157,0.055741,-0.11165,0.011348,0.12351,-0.16705,0.12888,0.10144,0.18659,0.11851,-0.0013307,0.15289,0.042063,-0.11307,0.17647,-0.015787,0.068768,0.11942,0.26425,-0.017349,0.10555,-0.1807,0.12514,-0.18437,-0.036227,0.091548,0.27839,-0.23823,0.12754,0.027667,-0.22539,0.023133,-0.23353,-0.10491,0.1378,-0.035976,-0.010079,-0.10016,-0.036265,-0.094513,-0.076776,-0.14723,0.28154,-0.063891,-0.0038314,0.097685,0.083895,0.080585,-0.13353,-0.17091,0.088067,0.044293,0.053572,0.14333,0.19944,-0.21768,-0.02455,-0.16303,-0.11447,-0.1166,-0.2158,0.31588,-0.037356,0.14095,0.0085825,-0.26042,0.30677,-0.058839,0.34164,0.066445,-0.0004668,0.28212,-0.10696,-0.037125,-0.011342,0.056504,0.0027683,0.12314,0.29786,-0.040298,0.060144
0.042466,0.097345,-0.022662,0.068266,0.023103,0.038561,0.033608,0.29898,0.18859,0.015046,0.044422,-0.062752,-0.12047,0.098178,0.094275,-0.11197,-0.039469,0.044061,-0.076656,0.090334,0.026209,-0.1499,0.14374,-0.084417,0.038463,0.17898,0.041229,-0.26817,-0.027059,0.048835,0.046612,0.052559,-0.044043,0.06785,-0.12142,0.27666,-0.11868,0.28151,0.077707,-0.096173,-0.059574,0.097922,-0.19257,0.050418,-0.021509,0.15629,0.0051809,0.1518,0.05257,0.17946,-0.17712,-0.045892,-0.12825,-0.027147,0.085503,0.11504,-0.025135,0.17345,-0.0070258,0.11945,-0.10778,0.27122,0.090812,0.055386,-0.31731,0.039562,-0.085467,-0.098241,0.064202,0.047197,-0.15783,-0.2111,-0.076904,-0.070003,-0.0043515,-0.094926,-0.08281,-0.24317,-0.1084,-0.11546,0.019285,-0.069723,0.026467,-0.015425,-0.13992,0.12733,-0.093995,0.13135,0.20209,-0.068732,0.17978,-0.067079,0.0095745,-0.19279,0.040014,0.15361,0.24575,0.28531,0.11753,0.012993
-0.06159,0.051613,-0.26257,0.032121,0.058623,-0.020744,0.062155,0.0091534,-0.010211,0.053149,-0.084604,0.07429,-0.14299,-0.14212,-0.16378,-0.036391,0.018684,-0.0079451,0.14246,-0.17938,0.077033,-0.0293,0.034773,-0.094907,0.0040694,0.014433,0.13468,0.19381,0.1856,-0.055941,0.016855,0.20992,-0.17255,0.0067189,0.034863,-0.070501,0.074941,0.052456,-0.037145,-0.022413,-0.21419,-0.081177,0.016403,-0.19166,0.036717,-0.10609,0.23227,0.018766,-0.062909,-0.096484,-0.021416,-0.16339,0.21898,0.021258,-0.086189,-0.011518,-0.04218,0.014082,-0.03954,0.27834,-0.14284,0.0015146,0.013041,-0.035375,0.081518,-0.010543,0.11196,-0.063882,0.19047,-0.059176,0.079723,-0.016407,0.13925,-0.10232,0.067473,-0.27125,0.20471,0.16065,0.051181,-0.10367,0.2298,-0.25052,0.037012,-0.1817,-0.034303,-0.048292,-0.3308,0.16344,0.12919,0.12691,-0.12717,-0.010942,-0.065215,-0.092608,0.054608,-0.030227,-0.13333,-0.11004,-0.020209,0.046274
-0.06646,0.061169,-0.030213,0.20507,-0.0039281,0.11542,0.076835,-0.049806,0.090891,-0.0507,-0.082262,0.1213,0.064926,-0.032646,-0.039536,-0.10574,-0.23919,0.051448,0.066423,-0.11557,0.0090983,-0.05823,-0.10779,-0.027045,0.052791,-0.10912,0.0089415,0.080918,0.21373,-0.24369,-0.03422,0.12774,-0.074219,-0.13637,0.02456,0.017262,0.19023,0.077684,-0.037539,-0.1152,-0.044466,0.16234,-0.033405,-0.064847,0.034567,-0.060619,0.085802,-0.069707,-0.1908,-0.20706,0.06264,-0.15241,0.1176,0.1378,-0.15105,-0.07821,0.0080184,-0.019022,-0.1145,0.17727,0.038114,-0.030197,-0.10588,0.028637,-0.028839,-0.13696,0.25148,0.0046776,0.18394,0.040909,0.09193,0.0093879,0.08748,-0.077134,0.16305,-0.14374,0.30938,-0.057934,0.0074195,-0.031444,0.10047,-0.2636,0.055311,0.026993,-0.037497,0.12071,-0.060601,0.16638,0.062501,0.18408,-0.027142,-0.052442,0.0026495,-0.045438,0.21638,0.11005,0.012698,-0.081472,-0.17714,-0.14495
-0.056221,0.1466,-0.018289,0.079693,0.15361,0.12833,-0.013371,0.12889,0.089095,-0.049372,-0.0036231,0.11556,-0.18105,-0.19324,-0.0047981,-0.041613,-0.12242,-0.032188,-0.088059,0.03215,-0.034822,-0.061131,-0.0096511,-0.1591,0.060969,-0.11235,0.063529,-0.13907,0.070373,0.065156,-0.011414,0.12827,-0.04183,0.12003,-0.10303,-0.035413,0.31804,0.14303,0.10963,0.13686,-0.20023,0.085629,-0.1338,-0.18076,0.11606,0.042379,0.15926,0.26443,-0.12674,-0.25252,0.049656,-0.060326,0.23097,0.046013,-0.17677,-0.053755,-0.16527,-0.093883,-0.20279,0.063141,-0.082458,0.071088,-0.10854,0.091456,-0.038669,-0.18361,0.088578,0.015384,0.034132,-0.076173,0.014818,0.032951,0.11563,-0.074932,0.039382,-0.20993,0.29139,0.022208,0.040046,-0.19099,0.097138,-0.22794,0.0097261,-0.11501,0.019791,-0.033791,-0.070708,0.081537,0.05789,0.052604,0.0055049,0.086413,0.13661,-0.13653,-0.11486,-0.018308,0.057201,-0.15443,-0.1852,-0.015471
-0.0087893,-0.066842,-0.1139,0.090129,-0.12214,0.35635,-0.049954,0.24739,0.092138,0.086935,-0.031223,0.12085,-0.076803,0.13118,-0.080875,-0.05629,0.020604,-0.10982,-0.13014,0.25614,-0.20646,-0.18226,-0.0975,0.016227,0.073449,-0.068407,-0.030524,0.012358,0.10345,-0.1319,-0.010905,-0.068046,-0.047957,0.13986,0.12424,-0.067584,0.044174,-0.12579,-0.19717,-0.24075,-0.20388,-0.024867,-0.09449,-0.11135,-0.11552,0.00079768,-0.11494,-0.13681,0.083986,-0.074803,0.0033432,0.025911,-0.050462,0.16551,-0.20297,-0.13934,0.051499,0.13111,-0.043169,-0.060598,-0.10031,-0.1749,0.14188,-0.087807,-0.20454,0.10404,-0.069439,-0.087296,-0.025466,-0.11839,-0.0013852,0.21839,0.033976,-0.018144,-0.038682,0.11672,-0.21084,-0.19942,-0.065213,0.073794,-0.048306,0.028961,-0.093588,0.017056,-0.060372,-0.044758,-0.21447,0.25012,-0.059599,0.11837,-0.16856,-0.18542,-0.11659,-0.17192,0.042144,-0.082615,-0.12652,-0.014389,-0.026716,0.028533
-0.14059,0.14791,-0.050032,-0.011788,-0.04612,0.15511,-0.10416,-0.010971,0.28542,0.081745,-0.10811,-0.041461,-0.21868,0.045119,-0.014625,-0.10117,0.02887,0.15156,-0.20202,-0.0029033,-0.21927,0.048458,0.089872,-0.082226,-0.091434,0.16396,0.027609,-0.017939,0.14869,-0.11709,-0.17593,-0.072337,-0.18241,0.10976,-0.042984,-0.22202,0.059611,0.20417,-0.18632,0.11141,-0.20254,-0.047572,-0.066628,-0.16637,-0.073458,0.19251,-0.1255,-0.083977,-0.044933,0.062863,0.17536,-0.029321,0.0046144,0.12261,-0.055382,-0.020514,-0.022304,0.024716,-0.011578,-0.065308,0.17822,-0.081436,0.10062,0.083342,-0.12614,0.097368,-0.0096973,-0.15133,0.067648,0.33604,-0.026633,0.047819,0.017108,-0.011537,-0.13005,0.031159,-0.07364,-0.076376,-0.05161,-0.064564,0.071322,-0.053843,-0.15281,-0.024785,-0.0036031,0.21247,-0.056164,0.11122,0.16004,0.11777,-0.015508,-0.24381,-0.086384,0.0064012,-0.019001,0.080241,-0.074533,0.039076,-0.025763,-0.064026
0.0159,0.048077,-0.02466,0.29235,-0.045884,0.097824,-0.0049187,-0.0094328,0.20427,-0.13155,-0.066765,0.096683,0.025308,-0.09297,-0.064955,-0.047163,-0.11279,0.13531,0.12657,0.11445,0.0053639,-0.080039,0.05185,-0.11759,0.15328,-0.037567,-0.13142,-0.13842,0.086613,-0.20018,-0.043223,0.2356,0.12402,0.00076961,-0.20984,0.059559,0.12292,0.16752,-0.042257,-0.13505,-0.1187,0.03821,-0.14721,-0.16013,0.044096,0.18888,-0.023681,0.00081998,-0.2617,0.0043529,-0.0088254,-0.20941,-0.0717,0.10178,-0.20049,-0.097672,0.041055,0.014179,0.0080135,0.14555,-0.13607,0.056056,-0.062191,0.029043,-0.10763,-0.14001,0.0071823,0.017091,0.18575,0.1606,-0.085884,-0.10289,0.10516,-0.18637,0.16502,-0.073023,0.28167,-0.068801,0.084748,-0.081406,0.079021,-0.16793,-0.003407,0.014266,-0.12094,0.17581,0.050754,0.086126,0.13617,0.19991,-0.046277,-0.11144,-0.078163,-0.27049,0.1136,0.10976,0.069196,-0.069858,-0.33183,-0.036018
-0.00386,0.01627,0.0027388,0.12925,0.18746,0.27704,0.058833,0.2685,0.15865,0.13698,0.032357,0.070559,-0.083681,0.054353,-0.085745,-0.12722,0.1097,-0.01732,-0.21829,0.11769,-0.14374,-0.17449,-0.020055,-0.075906,0.014314,-0.016106,0.12923,-0.10131,-0.066762,-0.069801,0.054327,-0.049035,-0.10586,0.28899,-0.11673,-0.064455,-0.016192,-0.0012084,-0.1002,-0.028146,-0.22891,-0.09668,-0.12423,-0.1311,0.027873,0.28359,-0.14971,0.03281,0.12819,-0.19745,-0.10649,-0.063353,-0.016477,0.18337,-0.15495,-0.061484,0.024439,0.010983,-0.094522,-0.067333,-0.1669,-0.14847,0.16518,0.0084659,0.14119,-0.0093106,0.14837,-0.036815,-0.19507,-0.0082168,0.018187,0.22879,0.071245,0.11979,-0.11285,0.015505,-0.26479,-0.060429,-0.031582,0.01791,0.026081,-0.070844,-0.045543,-0.081092,-0.11388,0.080031,-0.14401,0.18562,0.16287,0.033864,-0.091429,-0.12986,-0.0041283,-0.10706,-0.049501,-0.10608,0.0099924,-0.087209,0.038866,0.11848
0.026811,0.076432,0.0037025,-0.051151,0.047252,0.12242,0.018034,-0.015041,0.1715,-0.16493,-0.15625,0.25692,-0.13365,0.019177,-0.06939,-0.14267,-0.24696,-0.055264,-0.064414,-0.017613,-0.083248,-0.025602,-0.011592,-0.20699,0.18914,-0.19203,0.084842,-0.12169,0.15734,-0.13638,0.021356,0.20631,-0.17725,0.22818,-0.045874,-0.12741,0.23026,0.18226,-0.11653,-0.050228,-0.14018,-0.025311,-0.14315,-0.008181,-0.0084643,0.067702,0.21868,0.14309,-0.089744,-0.081629,0.12094,-0.16923,0.13564,0.14271,-0.13331,-0.05912,-0.18712,0.089978,-0.05247,0.19185,-0.2348,0.10161,-0.10099,0.012476,-0.096083,-0.19535,0.22322,-0.012768,0.12846,-0.022085,0.016327,0.094961,-0.015083,-0.18132,-0.04997,-0.07683,0.20734,0.040721,0.033774,-0.10427,0.13319,-0.25975,0.075382,-0.22677,-0.14897,0.059227,-0.058089,0.029907,0.10172,0.025673,-0.10155,-0.0012163,-0.019458,-0.25776,0.14821,0.025332,0.043575,-0.097445,-0.24444,-0.18575
-0.065806,-0.068617,-0.067251,0.22534,-0.089738,0.12034,0.016433,0.11027,0.098133,-0.055187,-0.10734,0.12964,0.0090466,-0.091064,0.0048389,-0.090201,-0.19865,0.08752,0.18605,0.0069468,-0.076562,-0.025782,0.12102,-0.13325,0.17248,-0.042231,-0.095426,0.0025586,0.068794,-0.23614,-0.015598,0.1957,0.037928,0.058902,-0.019092,0.061434,0.19329,0.16944,-0.091723,-0.22234,-0.17791,0.090926,-0.085325,-0.22771,0.071317,0.1121,0.031088,0.056072,-0.17383,0.073029,0.073835,-0.18557,0.16289,0.14148,-0.20095,-0.061751,-0.087459,-0.079216,-0.022987,0.24403,-0.09094,0.067459,-0.10247,0.12477,-0.092087,-0.11405,0.089239,0.018165,0.14918,0.16471,0.042485,-0.037127,0.0656,-0.14064,0.12567,-0.054568,0.20775,-0.019639,0.16512,-0.17946,0.072651,-0.11541,0.037235,-0.11692,-0.12551,0.26817,0.027001,0.16618,0.21051,0.18313,-0.078692,-0.036319,-0.11017,-0.23711,0.045898,0.10592,0.10708,-0.069781,-0.1883,-0.057074
-0.18975,0.10745,0.039209,0.12826,0.0092097,0.02987,0.13016,0.11736,0.28967,0.0088426,-0.15552,0.1757,-0.26989,-0.057507,-0.14332,-0.031018,0.013161,0.14506,-0.11885,-0.08905,-0.042731,-0.11951,0.24204,0.055619,0.27881,0.089569,0.11567,-0.0096575,-0.063933,-0.33468,-0.078006,0.21188,-0.026399,0.15471,0.013043,0.030876,0.13094,0.11178,0.11494,-0.12256,-0.14886,-0.11432,0.0014609,-0.037277,-0.076936,0.0027878,0.3757,0.1993,-0.29953,-0.071172,0.069307,-0.26117,0.17091,0.18287,-0.17163,-0.054684,-0.15734,-0.07525,0.0095108,0.12128,-0.069303,0.21214,-0.14136,0.10358,-0.064236,0.16398,0.23505,0.033257,-0.00030403,-0.16128,0.02521,-0.025553,-0.077243,-0.20475,-0.097232,-0.004811,0.037571,0.27474,0.080371,-0.18395,0.032089,-0.21839,-0.19549,-0.15488,-0.25811,0.21284,-0.11954,0.030323,0.19193,0.029884,-0.04622,-0.017015,0.019576,-0.066913,0.069603,-0.060724,0.14301,-0.13328,-0.095736,-0.12889
-0.12108,0.085285,-0.027233,0.10685,-0.11034,-0.012352,0.065078,0.15995,0.13627,-0.038698,-0.19664,0.25967,-0.12385,0.024403,0.061268,-0.10684,0.033584,-0.037585,0.1739,-0.15366,0.015726,-0.060593,0.023998,0.014761,0.14426,0.12139,-0.098149,0.012959,0.10662,-0.043188,-0.0448,-0.042943,-0.0011517,0.009479,0.0029306,0.15827,0.25083,0.085102,-0.11134,-0.14492,-0.20324,0.10041,-0.022388,-0.20609,0.092605,-0.016267,0.08709,0.086594,-0.29596,-0.081545,-0.11973,-0.1392,0.10191,0.12519,-0.16782,-0.1468,0.032715,-0.06228,-0.02526,0.024364,-0.059228,0.078983,-0.12772,0.18371,-0.055322,-0.13295,0.12785,-0.046967,-0.0034227,-0.014581,0.011846,0.036068,0.020514,-0.052306,0.013864,-0.20987,0.20227,-0.094284,0.16558,-0.094059,0.10007,-0.23084,0.07901,-0.026997,-0.094631,0.12666,-0.091344,0.049843,0.042726,0.2073,-0.1283,-0.0066382,-0.10381,-0.21535,-0.019669,0.11823,0.13498,-0.20586,0.079927,-0.066249
0.094878,0.014204,-0.012168,0.023377,0.076095,0.096952,-0.11688,0.12718,0.17329,0.018174,0.060713,-0.050838,-0.094986,0.21494,-0.038228,-0.0058668,-0.18362,-0.043728,0.0433,0.12441,-0.15564,-0.058668,-0.014866,-0.03359,-0.17076,-0.028643,0.03831,0.09384,-0.026135,-0.050014,-0.053489,-0.016191,-0.048434,-0.01877,-0.065757,0.19254,-0.0972,0.21582,0.0015694,-0.36363,-0.20488,0.070968,-0.23894,-0.067604,0.020749,0.26189,-0.033771,0.019863,0.02161,0.1062,-0.02122,-0.24117,-0.014291,0.038759,-0.11324,0.1629,0.031741,0.25492,-0.083579,0.15421,-0.037487,0.23728,0.071533,-0.059118,-0.17399,-0.020433,-0.049302,-0.0057148,0.08319,0.017209,-0.15185,-0.15575,0.079464,0.14133,0.061205,-0.17314,0.0088114,-0.31464,0.058098,-0.18708,0.10762,0.057753,0.082602,-0.032074,-0.19747,0.02432,-0.10455,0.14813,0.24886,0.066133,0.048652,-0.2206,-0.22752,-0.16853,-0.020614,0.047199,-0.0047395,0.2076,0.099787,0.030812
-0.14527,0.27993,0.047272,-0.15387,0.071008,0.077712,0.018475,0.16742,0.28261,0.24633,-0.0080222,0.14975,0.14921,0.13789,-0.009935,0.0037943,-0.30639,-0.00042589,-0.21786,0.13289,0.071214,-0.090214,0.092739,-0.1695,-0.20273,0.036411,0.039204,0.014808,0.082005,-0.20788,0.051587,-0.14447,0.23021,-0.19729,-0.073434,0.34204,0.009004,0.026136,-0.06941,0.047386,-0.090225,0.090183,-0.015195,-0.11419,-0.075078,0.070645,0.1742,-0.18551,-0.16348,-0.20751,-0.19245,-0.2591,0.16167,-0.072459,-0.15411,-0.1118,-0.16059,0.015101,-0.25727,0.24472,0.21455,0.045917,-0.19196,-0.028954,-0.15798,0.25431,0.1185,-0.0088895,0.0040838,0.041246,-0.10896,-0.0073517,0.22124,0.16948,0.079007,-0.10283,-0.10885,-0.20732,0.14107,-0.30245,-0.17523,0.16008,0.077573,-0.12519,-0.33603,0.089896,-0.098998,0.35908,0.20772,-0.095431,0.16392,-0.19148,0.16745,-0.04058,-0.068323,0.19513,0.057853,0.084136,0.054609,0.1884
0.12571,0.11704,-0.0017847,0.19496,0.2945,0.15125,-0.070993,0.044536,0.28319,0.05561,0.022489,-0.014265,-0.1148,0.17286,-0.12401,-0.043895,-0.30624,-0.058876,-0.11135,0.077252,-0.019503,-0.076378,-0.035859,-0.091387,-0.073383,-0.15307,0.11517,-0.069856,-0.066369,-0.06445,0.13181,-0.04988,-0.20583,0.11659,-0.19547,0.21317,-0.038458,0.19341,0.029405,-0.18221,-0.074823,0.12136,-0.32657,0.045993,0.047192,0.31036,-0.032751,0.013162,-0.012513,-0.14212,0.050175,-0.19174,-0.0029047,0.075477,-0.091726,0.00026952,-0.15432,0.15376,-0.18314,0.13066,-0.071747,0.15938,-0.061541,0.07591,-0.017475,0.11878,-0.074956,-0.13754,-0.18254,0.1141,-0.044207,-0.086499,0.27549,0.054228,0.1501,-0.19706,-0.11992,-0.058488,-0.082209,-0.23776,0.25176,0.021097,0.12706,-0.072842,-0.2133,0.17686,0.10652,0.22115,0.23377,-0.11767,0.25995,-0.22066,-0.018139,-0.12073,-0.082121,0.049034,0.20834,0.27098,0.052833,0.1273
-0.013554,0.19528,0.081333,0.21918,-0.014198,0.048706,-0.031666,-0.061915,0.21434,-0.26236,-0.089776,0.12255,-0.070384,0.070755,-0.12723,-0.046355,0.052424,0.094116,-0.071469,-0.10211,-0.036906,-0.11293,-0.1379,-0.091436,0.1036,-0.089342,0.011974,-0.12143,0.15102,-0.061201,0.03958,0.063343,-0.062486,0.060976,0.054254,0.080096,0.2181,0.032349,-0.015847,0.0015849,-0.18897,0.082113,-0.17023,0.078202,0.066291,0.20268,0.059428,0.11042,-0.26416,-0.15485,-0.035776,-0.27615,0.051823,0.16103,-0.15441,-0.096189,-0.028223,-0.013168,-0.041257,0.046136,0.12564,0.008309,-0.0013875,0.10382,-0.15406,-0.26456,0.046844,0.05771,0.10039,-0.017579,-0.0044477,-0.089694,-0.12405,-0.25258,-0.22723,0.01435,0.19523,-0.011402,0.001824,0.026013,0.10344,-0.32934,0.076288,-0.092262,0.0091665,0.077765,-0.16894,0.14921,0.068839,0.087501,-0.057617,-0.040552,-0.014117,-0.097142,0.16375,0.17123,-0.099573,-0.13478,-0.163,-0.067111
-0.23867,0.15317,0.14896,0.069926,0.077847,0.15502,-0.077764,0.0037145,0.21917,-0.02714,-0.0023549,-0.022523,-0.052403,0.24057,0.090823,-0.0040638,-0.23361,0.089707,-0.14775,0.0046763,-0.034165,-0.11295,0.029979,0.11769,-0.28419,-0.07672,-0.046476,-0.067451,0.014602,-0.034492,0.058263,-0.13734,0.038663,-0.10706,-0.098047,0.1815,0.049499,-0.026602,-0.055811,-0.019686,-0.24708,0.12113,-0.0048523,-0.13733,0.0055313,0.21993,-0.1779,0.020473,0.18146,-0.19399,0.091548,-0.21233,-0.032583,0.12067,0.077154,-0.14018,-0.09499,-0.07092,-0.070216,-0.0059321,0.16393,0.24394,-0.11703,0.10573,-0.011151,-0.0070451,-0.064171,-0.036758,0.01649,0.16073,-0.033166,-0.035343,-0.017398,0.18336,-0.11939,-0.11141,-0.079372,-0.2178,-0.1949,-0.1404,0.0062285,-0.20063,-0.034904,-0.032068,-0.013158,0.23304,-0.034048,0.18015,0.19363,-0.017335,0.26241,-0.11663,0.033875,-0.04595,0.049145,0.24261,0.077287,0.17869,0.051638,-0.10649
-0.13042,0.11486,-0.20736,0.24836,0.018833,0.25508,0.099583,0.026396,0.15983,-0.0078009,-0.086394,0.24384,-0.057917,-0.23417,-0.14301,-0.13704,-0.15908,0.03295,0.033655,0.071183,-0.10134,-0.069997,0.00043465,-0.097174,0.29699,0.13418,0.18944,-0.10993,0.1013,-0.0688,-0.0087192,0.13152,0.0062694,0.024449,0.015943,0.18039,0.087012,0.048902,-0.1219,0.0030935,-0.093473,0.19844,-0.084346,-0.18151,-0.092058,0.042509,0.21024,-0.12853,-0.30707,-0.18471,0.024928,-0.18476,0.28812,0.22907,-0.2411,-0.026976,-0.084985,-0.052593,-0.20483,0.065584,-0.10878,0.024744,-0.043411,-0.034956,-0.10067,-0.064164,0.14037,0.013137,0.044669,0.082043,0.072867,-0.011137,0.17184,-0.12203,0.034226,-0.11658,0.16907,-0.1356,0.053342,0.063551,-0.012313,-0.16173,0.049222,-0.040716,-0.2939,0.13261,-0.065967,0.066933,0.029117,0.051334,-0.15798,-0.096703,-0.02426,-0.1585,-0.021218,0.17494,0.18086,-0.046312,-0.12036,-0.070836
-0.12848,0.046576,-0.035987,0.19855,-0.047593,0.1056,0.15495,-0.0068712,0.038783,0.030468,-0.065607,0.17378,-0.012461,0.025781,-0.069212,-0.099032,-0.20967,0.095363,0.093088,-0.06511,0.030627,-0.039957,-0.16066,-0.048708,0.0646,-0.10376,-0.054297,0.022262,0.22367,-0.22745,-0.014224,0.083925,-0.10324,-0.15626,-0.047542,0.093096,0.077942,0.052391,-0.012556,-0.12893,-0.06389,0.1445,-0.10965,-0.17718,0.027823,-0.038621,0.065545,-0.12497,-0.19679,-0.19759,0.073434,-0.13847,0.11513,0.22008,-0.15829,-0.072036,0.02786,0.050743,-0.16996,0.12355,-0.021236,0.0041919,-0.10859,0.035008,-0.026161,-0.13132,0.23123,0.044214,0.24763,0.020692,0.082914,-0.01659,0.065334,-0.055509,0.18569,-0.12241,0.28013,-0.0032714,0.069892,-0.031692,0.10025,-0.23301,0.036186,0.0081256,-0.092927,0.12703,-0.029653,0.17156,0.058089,0.15296,-0.052437,-0.064782,-0.077776,-0.060027,0.14343,0.1393,-0.0013606,-0.092173,-0.11344,-0.23831
0.22119,-0.022249,-0.014399,0.0021426,0.14052,-0.0090052,-0.12367,0.20411,0.021366,-0.11784,0.18089,-0.050329,-0.32051,0.057015,0.016532,-0.12419,-0.0030336,-0.050224,-0.051982,-0.12318,-0.10303,0.12455,0.18806,0.090444,-0.019761,0.11241,0.22159,-0.13724,-0.03302,0.022865,-0.01601,0.086566,-0.059354,-0.098311,-0.14693,0.13019,-0.0020855,0.1963,0.039614,-0.067915,-0.10773,0.096552,-0.20562,0.099213,0.15079,0.061542,-0.0033885,0.039058,0.081886,0.060963,-0.19613,-0.032087,0.061652,0.1024,-0.059142,0.040763,-0.19218,-0.05113,0.059793,0.062402,0.13704,0.2771,0.11199,0.16113,-0.11337,0.07259,-0.028699,-0.035299,-0.059339,0.022409,0.076831,-0.050389,0.12565,-0.076099,0.1727,0.091683,0.13786,-0.021173,0.2827,-0.090576,0.039195,-0.080247,-0.1603,-0.013134,-0.15906,-0.046438,0.096025,0.2462,0.11642,-0.20248,0.12932,-0.11576,-0.032967,-0.16713,0.020825,0.14473,-0.20297,0.20494,-0.091994,0.14948
-0.10399,0.023659,0.043767,0.17124,0.10785,0.088768,-0.14334,0.003027,0.22233,0.2787,0.050554,-0.125,-0.13992,0.091319,-0.029896,-0.073514,-0.30666,0.01602,0.017367,0.068917,-0.027819,-0.15034,0.00087757,-0.12067,-0.089376,0.081387,-0.17405,-0.030152,-0.057793,-0.25886,-0.010418,-0.14663,0.044807,-0.10257,0.021609,0.3026,-0.043997,0.17386,-0.048648,-0.098082,-0.17042,0.10297,-0.15518,-0.0010382,0.065142,0.28823,0.01114,-0.091142,0.0575,-0.10558,0.044643,-0.24098,0.058927,0.015109,-0.008842,-0.023192,-0.14047,4.8103e-05,0.032606,-0.012942,0.051416,0.018289,-0.035622,0.12944,-0.14132,0.061938,-0.17098,-0.11461,0.080179,0.17125,0.080549,-0.047092,0.19365,-0.18142,0.059896,-0.067389,-0.11197,-0.17878,-0.020802,-0.26574,0.15976,0.1752,0.041454,-0.073381,-0.14417,0.19762,-0.060531,0.097357,0.23716,-0.1404,0.12907,0.030814,-0.092412,-0.054976,0.060895,0.30178,0.21219,0.24486,0.11205,0.077102
-0.003679,-0.070974,-0.15118,0.054171,0.083587,-0.0074441,0.13238,0.16236,0.028135,-0.20574,-0.13464,0.13584,-0.12497,-0.052763,-0.0014405,-0.098458,-0.080248,-0.082159,-0.015772,-0.15318,0.0059836,-0.082087,0.029056,-0.093405,0.13213,-0.11051,0.095518,-0.027399,0.1365,-0.19684,0.051332,0.092882,-0.1218,0.13191,-0.12097,-0.060314,0.016543,0.048217,-0.23282,-0.050477,-0.17248,-0.088704,0.04695,-0.082959,0.16459,0.013448,0.16084,0.23001,-0.094812,0.0017942,0.00051671,-0.10454,0.17724,0.048777,0.031741,-0.014889,-0.014959,-0.013206,-0.092403,0.30264,-0.24365,0.15785,0.056024,-0.09615,0.074107,-0.074861,0.18233,0.1728,0.16629,-0.099162,-0.027374,0.10199,0.0094733,-0.17492,-0.037002,-0.11356,0.19242,0.18489,0.043781,-0.092062,0.16882,-0.16021,-0.23904,-0.083754,-0.21354,0.0697,-0.28116,0.19769,0.24717,0.22691,-0.14634,-0.015081,-0.05782,-0.12433,-0.0064832,-0.013875,0.14128,-0.089101,-0.057908,-0.17982
0.044026,0.019936,0.074822,-0.058793,0.079916,-0.037329,-0.16512,0.097082,0.19731,-0.064562,-0.024032,-0.19437,-0.24989,0.11985,-0.060152,-0.11154,0.018857,-0.016248,-0.078228,-0.047524,-0.17851,-0.015616,-0.022555,-0.059771,-0.039065,-0.038796,0.15676,-0.040564,-0.088459,-0.052422,-0.05493,-0.16203,-0.12454,0.044253,0.040011,-0.2869,0.0069261,0.2038,-0.20058,-0.18229,0.11138,0.22015,-0.23622,-0.13491,0.055596,0.18385,0.040321,-0.087805,0.10679,-0.052903,0.22131,-0.11523,0.055195,-0.05642,-0.058827,-0.023004,0.0094434,0.0028727,0.04031,-0.06066,0.040757,-0.056977,-0.059639,0.030314,-0.053491,0.055851,-0.058488,-0.035094,-0.069321,0.27894,-0.12101,-0.019896,-0.019078,-0.076402,-0.068916,0.14494,-0.27292,0.017665,-0.14997,0.023637,-0.071522,-0.14079,-0.13514,0.079043,-0.12568,0.18011,0.078618,0.12135,0.19339,0.16016,-0.11923,-0.07362,-0.17893,0.025685,0.017502,0.11795,0.09323,0.11078,-0.086083,0.10663
0.040538,-0.0069316,-0.040896,0.23801,-0.021921,0.20342,-0.16971,0.078837,0.16786,0.098454,-0.040183,0.10689,-0.010964,-0.012866,-0.057695,-0.15959,-0.17405,0.11287,0.007636,0.067737,-0.018892,-0.15209,-0.095083,-0.011935,0.31118,0.048315,-0.16982,-0.1489,-0.065496,0.03087,-0.051976,0.12486,-0.013271,0.094873,-0.065987,0.015374,0.13446,-0.056459,-0.16713,-0.20655,0.064997,0.10009,-0.1683,-0.087798,0.032686,-0.00043363,-0.0069311,0.10316,-0.0034355,-0.11641,0.087944,-0.089095,0.0033839,0.085058,-0.27774,-0.0024059,0.23487,0.10322,-0.16513,-0.079207,-0.3558,0.069411,-0.0068262,0.10408,0.085323,0.11976,-0.014425,0.088638,-0.18075,0.057567,0.04729,0.10432,-0.05664,-0.34485,-0.041292,-0.023132,-0.12285,-0.080093,0.15617,-0.016071,-0.035835,-0.024699,-0.061327,-0.096758,0.10089,0.082618,0.026671,0.073524,0.086118,-0.018612,0.039215,0.10375,-0.091215,-0.25949,0.015917,0.028612,0.086211,0.10245,0.025219,0.017379
-0.17669,0.061166,0.094021,0.0095675,-0.14857,-0.049134,-0.031294,0.12278,0.08688,-0.15599,-0.043206,0.23866,-0.13728,-0.027643,-0.10235,-0.025958,0.082075,0.086394,0.03352,0.015715,-0.07967,-0.089389,-0.10747,-0.16649,0.11493,-0.02433,-0.12972,0.075032,0.1133,0.02743,0.11388,0.040305,0.00079351,0.064803,-0.0091576,0.013019,0.086892,-0.026944,-0.027876,-0.019677,-0.20397,0.13237,0.020962,-0.1593,0.09979,0.14267,0.10082,0.083268,-0.24899,-0.14202,0.089431,-0.20516,0.08997,0.18164,-0.17099,-0.14628,0.018547,0.016153,-0.029872,0.16249,-0.16511,0.030478,0.19606,0.015454,-0.11703,-0.27715,-0.043114,-0.056329,0.11813,-0.00030817,0.014455,0.058172,-0.0037608,-0.16532,0.0074313,-0.13064,0.37528,0.0035991,0.11566,-0.009343,0.13366,-0.22397,0.12495,-0.29816,-0.064402,-0.16405,-0.069019,0.058802,0.1378,-0.019294,-0.015896,0.14878,0.0077124,-0.14887,0.02772,0.067577,0.028097,0.02803,-0.076753,-0.052496
-0.035784,0.10702,-0.071756,0.26545,0.079173,0.13958,0.028216,-0.1192,0.11881,-0.00020302,-0.038918,0.047591,0.045539,0.0078106,-0.041651,-0.062794,-0.18009,0.099803,0.096978,-0.13704,-0.059841,-0.10374,-0.13746,0.030962,0.10175,0.044089,-0.017863,-0.045585,0.22041,-0.23579,-0.036567,0.10336,-0.099417,-0.21582,-0.088069,0.12916,0.0067622,-0.060751,0.024257,-0.11095,-0.053601,0.11984,-0.080579,-0.12417,-0.040792,0.01449,0.063236,-0.07924,-0.27018,-0.14957,0.12479,-0.21509,0.073783,0.167,-0.053172,-0.15458,0.12717,0.12925,-0.10607,0.084029,-0.0089204,-0.0069722,0.014027,0.067694,-0.052475,-0.23904,0.16946,-0.016845,0.2452,-0.00060505,0.10082,-0.083602,0.1435,-0.13151,0.1949,-0.023645,0.2547,-0.047724,0.032238,0.014867,0.12067,-0.22138,-0.0047056,0.065421,-0.041941,0.097107,0.0076072,0.26172,0.059175,0.1461,0.028413,-0.14742,-0.03876,0.0067877,0.26832,0.05857,0.036367,-0.030154,-0.23464,-0.14391
-0.14476,-0.0068403,-0.013259,0.10031,-0.19028,-0.11359,-0.093063,0.046033,0.05979,-0.093299,-0.027072,0.2049,-0.13733,0.015989,-0.046468,-0.098065,0.087278,0.12701,-0.10096,-0.093987,-0.076066,-0.17426,-0.068797,-0.14385,0.060864,-0.064202,-0.11274,0.072491,0.099779,0.045832,-0.026357,0.10737,0.032928,-0.03607,0.054783,-0.012899,0.22762,0.096117,0.0039789,0.033964,-0.24725,0.15459,-0.095903,-0.1084,0.11297,0.08842,0.041543,0.19595,-0.16764,-0.094389,0.066242,-0.16292,-0.00052308,0.12385,-0.11813,-0.15568,0.030836,-0.098293,0.0075209,0.10689,-0.21921,0.033923,0.16553,0.008427,-0.13938,-0.23436,-0.0056485,-0.09199,0.24302,0.10271,0.034073,0.058589,-0.10455,-0.11545,-0.046918,-0.12735,0.37826,-0.081016,0.053798,0.015219,0.040452,-0.28242,0.10516,-0.20753,-0.035089,-0.083861,-0.12313,0.024428,0.040552,0.063913,0.0045202,0.10315,0.049587,-0.2466,0.14409,0.013608,0.044083,0.047217,-0.14511,-0.050705
-0.045948,0.027693,0.069887,0.25733,-0.030586,0.20706,0.087796,0.079379,0.092531,-0.12455,-0.1255,0.092144,-0.093174,0.0022714,-0.094077,-0.12763,-0.15727,0.21752,0.069113,0.068963,-0.10407,-0.044437,-0.058674,-0.13172,0.11595,0.030627,-0.042611,-0.12337,-0.039034,-0.094462,-0.024471,0.010339,-0.0096502,0.013301,0.04572,0.069783,0.13583,0.023511,-0.20337,-0.066059,-0.10568,0.15498,-0.13341,-0.19966,0.13305,0.12595,0.016682,-0.1896,-0.21759,0.066525,0.012302,-0.16976,0.15296,0.21414,-0.11775,-0.10973,-0.010052,0.024688,-0.029627,0.1257,-0.097794,-0.034795,-0.052734,0.097877,-0.16615,-0.16058,0.056556,-0.15919,0.14652,-0.032248,0.16464,0.035445,-0.012268,-0.028079,0.0096124,0.020177,0.18033,0.015758,0.17624,0.034558,-0.015851,-0.17184,0.071756,-0.081292,-0.044229,0.14779,0.029867,0.12878,0.015545,0.12598,-0.062373,-0.0084515,0.013466,-0.18023,-0.11343,0.030506,0.14195,-0.1151,-0.18113,-0.16556
-0.049253,0.16209,0.003069,-0.21733,0.032353,0.2734,-0.044444,0.024344,-0.029896,0.028978,0.0059575,0.14283,0.065003,0.14097,0.054755,0.11233,-0.018507,-0.015025,0.10235,-0.045038,-0.005389,-0.20861,-0.19479,-0.10018,-0.094891,0.030815,-0.11469,-0.23234,0.13205,-0.12821,0.019579,0.19285,0.10608,-0.12962,-0.046607,0.11739,0.10584,-0.2352,0.065974,-0.15453,-0.22776,-0.038319,-0.062931,-0.026325,-0.013794,0.10013,0.075727,0.086644,0.097048,0.060447,0.10177,-0.25374,0.19424,0.13767,0.069854,-0.2362,0.15159,-0.15012,-0.077964,0.051914,-0.071022,-0.18685,0.095991,0.026998,-0.033073,0.053791,0.028138,0.097427,0.023758,-0.018449,0.086805,0.10225,-0.04997,-0.046859,-0.10686,0.06548,-0.0090212,0.039203,0.022013,0.1246,0.10761,-0.14228,0.0019826,-0.13745,-0.010605,-0.21667,-0.09157,0.13202,-0.032659,0.00090282,0.04242,0.12505,0.028644,-0.11207,0.22747,-0.018581,-0.1765,-0.054417,-0.042825,0.039909
-0.050134,0.056546,-0.17335,0.19101,0.03524,0.18645,0.023682,0.0014209,0.11607,-0.21074,-0.054252,0.010919,-0.18929,-0.15305,-0.16896,-0.036972,-0.09121,0.090057,-0.082252,0.070823,0.017682,-0.024092,-0.023207,-0.022431,0.20015,0.14423,0.056614,-0.046887,0.046758,0.031293,-0.12723,0.21097,-0.02232,-0.08171,-0.048829,-0.0005485,0.11935,0.17676,-0.028821,-0.17545,-0.09608,0.12734,-0.23145,0.080543,0.14944,0.25826,0.10766,-0.072504,-0.24779,-0.084923,0.1479,-0.34118,0.043324,0.024978,-0.10988,0.050611,-0.048352,-0.13681,-0.083025,0.053981,-0.16378,0.0063741,0.13127,0.060162,-0.01784,-0.10255,-0.051876,-0.07728,0.11077,0.043939,0.14138,-0.040073,-0.15686,-0.19769,0.036827,0.023383,0.10684,-0.0088536,0.12834,-0.11916,0.16795,-0.22379,-0.026153,-0.059089,0.078451,0.055038,0.025509,0.33276,0.078747,0.062706,-0.021629,-0.049168,0.0193,-0.073341,0.15811,0.25705,-0.075297,-0.14501,-0.10208,-0.1028
0.13165,0.051315,0.11323,0.16341,-0.1383,0.3139,-0.099557,0.22307,0.0021802,0.093713,0.010374,0.10416,-0.079566,0.05337,0.083326,-0.036992,0.17289,-0.014839,-0.12245,0.088252,-0.13751,-0.10189,-0.0077332,-0.084025,0.042026,0.054546,0.025981,-0.061983,0.12489,-0.054783,-0.0052672,0.091159,-0.029229,0.059768,-0.097671,-0.09595,0.12143,-0.18378,0.0041406,-0.24711,-0.1688,0.21795,-0.084681,-0.14159,0.025634,0.0086539,-0.05353,0.048873,0.081684,-0.21236,0.16237,-0.10144,-0.054112,-0.014492,0.042824,-0.098453,-0.061158,-0.20523,-0.043578,-0.035467,-0.10317,-0.06765,0.052133,0.040638,-0.019458,0.056596,0.029972,0.01707,-0.054556,0.05608,0.022373,0.18091,-0.13547,-0.09202,-0.051644,0.032266,-0.21652,-0.078383,0.042366,0.030103,-0.01422,-0.14247,-0.016203,-0.016381,-0.13865,-0.011102,0.0040263,0.07892,0.12137,0.041788,0.059282,-0.028052,-0.086008,-0.21039,-0.0059147,-0.17717,0.096287,0.031199,-0.045269,0.10784
0.0061943,0.2117,0.03158,-0.014443,0.14697,0.090833,-0.13162,0.14597,0.23469,-0.071284,0.066684,0.18245,-0.1723,0.13658,0.14689,0.0079742,-0.14284,0.17434,-0.20188,0.010041,-0.11447,-0.091604,-0.040334,-0.063407,-0.22512,-0.1473,0.13888,0.043443,-0.15893,-0.054092,0.089688,-0.1207,-0.21157,0.20318,-0.1307,0.014051,-0.032855,0.081585,-0.108,-0.069614,-0.061912,0.051882,-0.11703,0.044506,-0.030242,0.30504,0.038031,0.2143,0.13345,0.03355,0.048524,-0.18458,0.070363,0.031752,-0.053789,-0.063838,-0.12315,0.084581,-0.155,0.060667,-0.11332,0.14965,0.035967,0.092881,-0.14826,-0.081877,0.10568,-0.0059059,0.018613,-0.1428,-0.12408,0.013979,0.14032,0.19153,-0.087829,-0.12475,0.0294,-0.15558,-0.089492,-0.10553,0.060262,0.055017,-0.046416,-0.027188,-0.072025,0.071026,-0.13243,0.13058,0.13848,-0.017868,0.077446,-0.11819,0.076947,0.0099289,0.10967,-0.088258,0.21796,0.19377,-0.070572,0.033831
0.19786,0.0039038,-0.043401,0.11938,0.0041871,0.12712,-0.38078,0.12444,0.22559,0.13128,-0.12984,-0.037665,-0.059745,0.0089002,0.068736,0.15864,-0.08461,-0.078644,0.070286,-0.041677,-0.010581,-0.1177,0.075166,0.089145,0.13779,-0.018455,-0.025645,-0.066581,-0.20356,0.088425,-0.032694,0.059686,-0.20632,-0.028411,-0.0038183,-0.093601,0.052951,0.033766,0.045822,-0.07697,0.069726,0.021063,-0.26564,-0.057084,0.039114,0.13114,0.091552,0.17838,0.2497,-0.072601,0.051063,-0.097359,-0.046753,0.16555,0.01654,0.035852,0.070896,-0.098529,-0.02322,0.18123,-0.1897,0.036425,-0.0072635,0.053244,0.060253,0.082181,-0.002168,0.1494,-0.15744,0.078369,-0.042508,-0.054714,0.18267,-0.079791,-0.12525,0.094716,-0.21213,0.14667,0.091118,-0.01047,-0.17429,-0.0073946,0.12271,-0.064043,-0.00058067,0.055921,-0.091372,0.0094249,0.28223,-0.043772,0.10445,-0.07701,-0.015535,-0.15881,0.091858,0.079454,0.099376,-0.11126,-0.089388,-0.11278
-0.026201,0.30968,0.081351,0.084831,0.018695,0.121,-0.14657,0.06848,0.13865,0.056512,0.1675,-0.042394,-0.15596,0.19144,-0.063085,0.084,-0.093283,0.065241,-0.17216,0.052572,0.047097,-0.12492,0.18082,0.097274,-0.23587,0.050842,-0.14926,0.12374,-0.082904,-0.061031,-0.17603,-0.13861,-0.16355,-0.060758,0.096429,0.091381,0.027308,0.025609,0.016285,-0.23733,-0.087861,-0.10917,-0.10948,0.003651,0.031666,0.17995,-0.063387,-0.14599,0.0017512,0.11175,-0.075471,-0.16265,-0.0028263,0.22343,-0.16398,0.052441,-0.10692,0.11552,-0.091456,-0.019645,-0.028892,0.051876,-0.0026416,0.10753,-0.25405,-0.15104,-0.062503,-0.17003,-0.13449,-0.15212,0.10671,-0.0077508,0.24392,0.12371,0.033468,-0.17516,-0.048714,-0.31553,-0.021461,-0.080799,-0.016333,0.052222,0.015102,-0.052662,0.008631,0.062585,-0.095236,0.13941,0.0014855,-0.033619,0.063197,-0.0229,0.0021316,0.081043,0.032648,-0.0068231,0.0076795,0.091044,-0.01061,0.033624
-0.10019,0.13161,-0.16519,-0.024083,-0.034611,-0.035893,0.046132,0.016766,0.04394,0.16832,0.14137,0.037897,0.012041,0.0047352,0.012044,-0.10815,0.21545,-0.096693,-0.037518,-0.12235,0.10333,-0.10861,0.064473,-0.10354,0.13984,0.14582,0.15199,0.0075142,0.054279,-0.093758,0.14643,0.0051215,-0.047658,-0.11196,-0.15176,-0.11759,0.0107,-0.22039,-0.1305,-0.092041,-0.18027,0.22169,0.14347,-0.14937,0.0086553,-0.0072405,-0.087517,-0.079682,-0.00041052,-0.26411,-0.089144,-0.095843,0.13833,0.064981,0.037089,-0.016431,0.21657,-0.32564,0.043939,0.11923,-0.051553,-0.21026,0.19353,0.0070975,0.055315,0.27461,0.087522,-0.063237,0.087944,0.058562,-0.011651,0.15845,0.0014019,-0.10468,-0.13792,0.03957,-0.22392,0.12829,-0.0944,-0.02663,0.06195,-0.092478,-0.061216,-0.011124,-0.060902,-0.018674,-0.1602,0.13661,0.16024,-0.0796,-0.054851,-0.20729,-0.053155,-0.22437,-0.0038071,-0.18924,-0.050471,-0.028397,0.11866,0.2216
0.068425,0.020984,-0.015783,0.06266,0.10066,-0.021516,-0.065293,0.17823,-0.051149,-0.1791,-0.17734,-0.14036,-0.023443,0.042408,-0.10005,0.050671,0.018187,0.06053,0.051085,-0.10355,-0.19931,0.062974,-0.10841,-0.14963,-0.091073,0.064238,0.15015,-0.01706,0.065832,0.042075,0.024074,-0.094027,-0.08847,-0.14753,-0.083086,-0.24784,0.19031,-0.032834,0.0032942,-0.048928,-0.19683,0.031702,-0.12359,0.0051365,-0.015626,0.26289,-0.069482,-0.099843,0.10168,-0.0027295,0.028603,-0.083128,0.043919,-0.015012,-0.024303,-0.19321,-0.10178,0.025074,0.10422,-0.15424,-0.062498,-0.075664,0.14397,0.028847,0.0084235,-0.09301,-0.12103,0.161,-0.025535,0.034538,-0.18125,0.11016,-0.06638,-0.031746,-0.10628,0.21382,-0.054832,-0.068352,-0.043715,-0.030767,-0.0064987,0.027136,0.0096946,-0.05891,-0.055501,0.011407,0.10162,0.048016,0.092222,0.0037879,0.18665,-0.10706,-0.32913,-0.10877,0.044162,0.036476,-0.073309,-0.016233,-0.15491,-0.07109
-0.073522,0.10393,-0.033744,0.20222,-0.051034,0.1306,0.097435,-0.018446,0.074685,0.049901,-0.031168,0.10145,0.005035,0.031221,-0.03174,-0.14088,-0.17678,0.08988,0.082416,-0.093049,-0.020939,-0.0727,-0.16657,-0.023443,0.040488,-0.056154,0.0022086,0.059093,0.18795,-0.23102,0.0040571,0.10446,-0.12668,-0.15527,-0.059334,0.09118,0.08445,0.021166,-0.013598,-0.10307,-0.030178,0.11755,-0.093034,-0.13221,0.035662,-0.022232,0.062107,-0.12859,-0.18243,-0.18008,0.073718,-0.2012,0.12862,0.20956,-0.13195,-0.1076,0.029893,0.065168,-0.15384,0.14917,-0.006463,-0.024193,-0.08743,0.038083,-0.050806,-0.12427,0.23044,0.00051172,0.20907,0.032408,0.12012,-0.045574,0.10008,-0.05934,0.17862,-0.044877,0.27033,-0.051791,0.057036,0.023962,0.07832,-0.21616,0.038263,0.013572,-0.041758,0.09931,-0.025009,0.23275,0.065359,0.15325,-0.069202,-0.051699,-0.082991,-0.0086214,0.18733,0.099971,-0.027449,-0.093607,-0.12383,-0.19718
-0.0052671,0.20668,-0.25844,0.010279,0.043878,0.01709,-0.0073955,0.12716,-0.039557,0.012893,-0.0054508,-0.033309,0.003056,0.23646,0.082453,-0.2236,-0.14929,0.035641,-0.073507,-0.24993,-0.080535,-0.010893,0.30929,-0.11122,-0.23378,0.0097053,0.10072,-0.01888,-0.079588,0.18099,0.011019,0.26465,-0.12348,0.017725,-0.19113,0.10831,0.029154,0.27834,0.034951,-0.11979,0.07503,0.14579,-0.12141,0.22162,-0.05179,0.15591,-0.068064,0.036673,0.19735,0.12994,-0.23101,-0.16115,-0.020461,0.17173,-0.046311,0.13278,-0.38778,0.058162,-0.25092,-0.072819,-0.2849,0.075123,0.0604,0.023422,-0.18487,-0.064075,-0.093244,0.094807,0.10346,0.11629,0.1135,-0.048638,-0.14322,-0.12832,0.13349,-0.21725,0.040991,-0.25133,0.00054219,-0.066134,0.26571,0.11053,0.003931,-0.061184,-0.038747,-0.030481,-0.20057,0.21496,0.089434,-0.10367,0.12341,-0.00031047,-0.046584,-0.028071,0.20583,0.23793,0.27588,0.27578,-0.03965,-0.1954
0.15104,0.014174,-0.18231,-0.085268,0.10836,-0.081955,-0.082897,0.13551,0.11755,-0.16063,0.12923,-0.028156,-0.3167,0.099771,-0.092702,-0.29528,0.073407,-0.070235,-0.050739,0.03071,-0.065479,0.19449,0.22573,-0.028491,-0.14914,0.1423,0.102,-0.16616,-0.004355,0.021923,0.014749,-0.089502,0.010578,0.026358,-0.033291,-0.0034644,0.008126,0.056989,-0.081301,0.090666,-0.14215,0.12924,-0.18273,0.16035,0.049531,0.039819,0.27602,0.12686,0.042192,0.0037774,-0.053437,0.017137,0.085671,0.043828,0.099753,0.0443,-0.051071,-0.14688,0.05047,0.058146,0.25083,0.080067,0.14377,-0.014376,-0.20911,0.018672,-0.20801,0.019678,-0.084442,0.056456,0.073689,-0.062264,0.10596,-0.095359,-0.11555,-0.021548,0.0052834,-0.023704,0.1411,-0.049792,0.14945,-0.11989,-0.0349,-0.088214,-0.025751,-0.15715,-0.051842,0.11276,-0.065291,-0.17891,0.12519,-0.14008,0.063128,-0.3311,0.143,0.051561,-0.10722,-0.054536,0.042264,0.12851
0.08991,0.10192,-0.032015,-0.023227,0.17538,0.087018,-0.12561,0.069168,0.24045,-0.054708,-0.036474,-0.064995,-0.035807,0.19608,0.0084859,-0.084692,0.039451,0.0027005,-0.17352,0.040602,-0.19501,0.05114,-0.04803,-0.14949,0.07963,0.077417,-0.00072881,0.01479,0.095337,-0.077113,-0.020473,-0.20901,-0.20329,0.046255,-0.078865,-0.020577,0.18807,0.095634,-0.028429,0.1197,-0.2019,-0.081559,-0.068544,-0.19704,0.12683,0.15727,0.11991,0.00062529,-0.012647,-0.1111,0.064678,-0.14385,0.0074516,0.11715,0.046867,-0.11674,-0.055768,0.03741,0.059144,0.05786,0.026983,-0.18233,0.16813,0.16997,-0.038503,-0.047375,0.070376,-0.069266,-0.023068,0.19197,-0.040581,0.047133,0.20418,0.019118,-0.16418,0.21145,-0.050804,-0.015305,0.13498,0.022063,-0.078982,-0.15372,0.084309,0.10593,-0.092954,0.015902,0.012915,-0.024972,0.054082,-0.039198,-0.039846,-0.19215,-0.065275,0.0609,0.076851,-0.012573,-0.074646,-0.041481,-0.0020464,0.17735
0.017645,0.20768,0.14832,0.19618,-0.096418,0.12165,-0.087276,0.12412,0.09479,0.26626,-0.14421,0.14762,-0.24366,0.079611,-0.2164,-0.0051243,-0.12267,-0.18258,0.025574,-0.086706,0.017512,-0.091643,0.22654,-0.21686,-0.021868,0.15464,0.21382,0.020991,0.088928,0.041169,-0.28247,0.33354,0.15574,-0.014438,0.022808,-0.21676,0.22954,0.15132,0.11519,-0.037428,-0.075231,0.20949,-0.17053,0.16668,0.040672,-0.027386,-0.059412,0.063243,0.02325,-0.12192,0.13243,0.017144,0.043557,0.090954,-0.057501,0.019125,0.027024,-0.10726,-0.26813,0.084942,-0.023571,0.18175,-0.020282,0.17399,0.0081805,-0.09949,-0.093257,-0.044168,0.18343,0.10313,0.089572,0.06888,0.064175,-0.26271,0.082989,0.096206,0.017224,0.11651,-0.0092547,-0.22251,0.17006,-0.15811,0.066657,-0.085622,-0.13785,-0.016782,-0.15249,0.10404,-0.017184,-0.03807,0.049062,-0.071658,0.049799,-0.3002,0.11669,0.22719,0.11635,0.086402,-0.18703,0.0026459
-0.040681,0.076354,-0.036211,0.18228,-0.018724,0.1761,0.095598,-0.085923,0.010017,-0.00048979,-0.010565,0.091868,0.0098846,-0.046085,-0.1493,-0.080321,-0.14191,0.066545,0.012809,-0.078937,-0.081684,-0.03728,-0.17482,0.047568,0.099901,-0.099216,0.073353,0.073591,0.20004,-0.16973,-0.0031508,0.15391,-0.13413,-0.10463,-0.025305,0.13906,0.15153,0.10375,-0.046897,-0.14171,-0.082663,0.14146,-0.013461,-0.12931,-0.0049511,-0.062413,0.20752,-0.14312,-0.24989,-0.24685,0.09473,-0.24558,0.16752,0.15217,-0.14558,-0.014601,0.0058809,0.05934,-0.11301,0.10189,0.080171,-0.0033696,-0.08636,-0.034016,0.072945,-0.16564,0.11525,0.097698,0.17768,0.028274,0.11821,0.007876,0.11032,-0.13962,0.12205,-0.11414,0.27999,-0.040483,-0.032478,0.041712,0.17045,-0.2925,0.015769,-0.037556,0.049748,0.049429,-0.044556,0.11734,0.17202,0.11959,-0.055536,0.056738,-0.01062,-0.00081962,0.16489,0.24458,-0.01315,0.034527,-0.10337,-0.18781
-0.093416,0.24055,0.03452,-0.044375,0.016067,-0.1342,0.17503,0.2053,0.21186,-0.023534,-0.077909,-0.11877,-0.054157,0.053927,-0.019255,-0.039388,0.10806,0.024649,-0.1259,0.00016465,-0.28847,0.021748,-0.12395,-0.056289,0.048294,0.14737,-0.058632,-0.1473,-0.0054471,-0.019618,0.12812,0.035124,-0.11821,0.030576,-0.11334,-0.093205,0.14752,0.17954,-0.10702,-0.045829,-0.12776,0.1711,-0.053873,-0.064666,-0.098951,0.21224,0.077612,-0.046305,0.1196,-0.028241,0.12574,-0.13302,-0.05804,0.13888,-0.11555,-0.16177,-0.0253,-0.057462,0.012621,0.054422,0.13639,-0.018474,0.061474,0.25631,-0.20783,0.12148,0.12549,-0.22138,0.026489,0.025101,-0.15118,-0.016984,0.02147,-0.036769,-0.04462,0.24392,-0.10093,-0.038498,0.12393,-0.02702,0.0012674,0.033092,-0.005654,0.15993,-0.22769,0.036931,-0.14162,0.094948,0.27777,-0.016689,0.035981,-0.12888,-0.15244,-0.060897,0.23748,-0.0069005,0.12032,-0.028249,-0.10442,0.16812
-0.020341,0.12727,-0.0439,0.12336,-0.0016751,0.16218,0.084455,-0.01474,0.059395,0.0053067,-0.063195,0.084587,-0.047367,-0.036114,-0.078023,-0.048594,-0.16218,-0.027871,0.051605,-0.095413,-0.0094447,-0.047675,-0.031865,-0.098523,0.074886,-0.11686,0.05754,-0.036055,0.15677,-0.2621,0.018756,0.13116,-0.088765,-0.068014,-0.038404,-0.05893,0.11532,0.13198,-0.021814,-0.11322,-0.063347,0.092868,-0.037828,-0.16521,0.0033823,-0.093205,0.16365,-0.094953,-0.12476,-0.17284,0.10488,-0.2227,0.19137,0.13434,-0.15009,-0.0949,0.00038854,0.083341,-0.084987,0.18144,0.056292,0.014778,-0.12365,0.0041227,0.0056954,-0.16643,0.18535,0.024581,0.22398,0.025394,0.041262,-0.010882,0.11113,-0.11423,0.1234,-0.077305,0.21652,0.12224,-0.037991,0.030733,0.072636,-0.29113,-0.062612,-0.12955,-0.054101,0.037896,-0.088428,0.12993,0.14618,0.12375,-0.033863,0.0075102,0.0093812,-0.02969,0.17009,0.12639,-0.055434,-0.12695,-0.15505,-0.23832
0.12379,-0.080862,-0.13986,0.069692,0.14377,0.079546,-0.12464,-0.004565,0.16822,-0.25339,-0.20216,-0.008223,-0.13421,0.1418,-0.11844,0.16028,-0.14115,0.01625,-0.039233,-0.08066,-0.030855,-0.081186,-0.018573,-0.11148,-0.29132,0.00044051,-0.0030277,0.02459,-0.021102,-0.086746,0.016541,-0.021943,-0.02167,-0.11659,-0.11205,0.037316,0.03185,-0.051947,0.054592,-0.15245,-0.16208,0.0050108,-0.25298,0.047157,0.0067883,0.3275,0.04026,-0.067556,0.14825,0.094649,0.10135,-0.26631,-0.0077882,-0.061002,-0.0031372,-0.1608,-0.24638,0.062041,0.057392,0.029586,-0.13364,0.195,0.11395,0.10564,0.015919,0.081853,-0.11834,0.036548,-0.039217,0.096595,-0.080146,-0.0066384,-0.071857,-0.098739,-0.043195,-0.030641,0.014529,-0.12389,-0.15004,-0.077065,0.15092,-0.10501,0.020294,-0.17876,-0.20351,0.17192,-0.020867,0.035636,0.15564,-0.088629,0.23087,-0.041255,-0.14277,-0.15416,0.11394,0.13008,0.0048215,0.16099,-1.4787e-05,-0.0015416
0.015374,0.078893,-0.12363,-0.011533,0.12463,0.35869,-0.14193,0.2406,0.27573,0.11649,-0.13494,-0.042893,-0.16392,0.14959,-0.088666,0.12223,-0.23088,-0.04673,-0.34928,0.058624,-0.027922,-0.025527,0.13747,-0.12638,0.044056,-0.14924,-0.13089,0.070108,0.048943,-0.18498,-0.094274,-0.10909,-0.11698,0.16793,0.089433,0.14222,-0.086283,0.11261,-0.15828,-0.28019,-0.11031,0.2327,-0.26556,0.088679,0.010329,0.18195,0.082271,-0.065403,0.011136,0.14467,-0.0061365,-0.19561,-0.089221,0.17856,-0.0074792,-0.010761,0.078043,0.27001,-0.022881,0.099678,0.064243,-0.084396,-0.033533,-0.030341,-0.12196,0.14014,-0.23413,-0.0063135,-0.11854,0.096409,0.054741,-0.0035278,0.19172,0.14852,0.017281,-0.18886,-0.12244,-0.20184,-0.0092221,-0.2037,0.029532,-0.13343,0.014529,-0.11944,-0.098031,0.26029,-0.064209,0.059725,0.15855,0.0152,-0.069621,-0.14175,-0.098998,-0.13422,0.12121,0.14456,0.087562,0.10902,0.11531,0.045803
-0.16184,0.13623,-0.1807,0.11656,0.13495,0.19924,0.066653,0.084326,0.052856,0.19463,0.062801,0.094577,-0.075573,-0.047317,0.016234,-0.099412,-0.043127,-0.079629,-0.23668,0.028252,-0.10962,-0.044802,-0.13398,0.00047986,0.028006,0.034762,0.10035,-0.0953,0.03009,-0.078431,0.012684,-0.010363,0.075085,-0.0010931,0.003706,0.015239,0.037988,0.14289,-0.075932,-0.043071,-0.062646,-0.02228,-0.057849,-0.075126,-0.064704,0.058673,-0.018012,-0.06209,0.18213,-0.24945,0.097589,-0.18626,0.060822,0.048835,-0.012777,-0.1789,-0.02358,-0.13066,-0.045257,-0.098479,0.0117,-0.17669,0.15856,0.12732,0.022276,-0.010492,0.28076,-0.10759,0.15494,0.026346,-0.05153,0.084719,0.014899,-0.083885,-0.13422,0.12591,-0.14196,-0.13326,-0.16513,0.10808,-0.041416,-0.19856,-0.15619,0.051031,-0.035166,0.068681,-0.16712,0.19314,-0.052563,0.013334,-0.16784,-0.15992,0.12318,-0.038882,0.025528,-0.064257,0.0063288,-0.055295,0.0052468,0.16065
0.13078,-0.054315,0.069205,0.0011392,0.14844,0.047911,-0.085037,0.11015,0.14895,-0.25792,0.13963,0.13005,-0.22495,0.12152,-0.065802,-0.10518,0.006595,0.11767,0.034179,-0.083704,-0.20281,0.07514,0.10242,0.16646,-0.067715,-0.064963,0.1016,-0.087033,0.037802,0.010443,0.10649,-0.074718,0.019577,-0.00081422,-0.086328,0.26046,-0.085954,0.11676,-0.0020118,-0.0020322,-0.14718,0.04772,-0.12889,0.1569,-0.00537,0.0084858,0.096534,0.078789,0.17006,0.011682,0.17087,-0.11168,0.17452,0.22649,-0.012941,-0.056112,0.0064758,-0.06387,0.1475,0.045659,0.093124,0.20232,0.041412,-0.036327,-0.094051,-0.12346,0.026907,0.1235,-0.20497,0.0010769,0.097701,0.0072831,0.16589,-0.015939,-0.056274,0.17335,0.093032,0.058535,0.12691,-0.17519,0.027711,-0.090373,-0.062862,-0.052448,-0.24135,-0.056257,-0.06123,0.076201,0.025834,-0.15626,0.092993,0.057856,0.075213,-0.17858,0.2543,-0.034347,-0.085179,0.075207,0.065405,-0.030571
-0.00017168,0.14147,0.053276,0.074666,-0.027492,-0.12527,-0.043395,0.11034,0.057892,-0.16537,-0.078736,-0.038169,-0.1286,0.21569,0.069446,0.022727,-0.080073,0.18737,0.13835,-0.0028413,0.093698,-0.014385,0.18212,-0.18961,-0.19892,0.087717,-0.1735,-0.060074,-0.12985,-0.14102,0.043199,-0.19274,0.020264,0.1035,-0.0375,0.092745,-0.07205,0.089465,0.071242,-0.34918,-0.071441,-0.0048404,-0.12036,0.064075,0.04583,0.22333,0.069361,0.095169,-0.004309,0.11529,0.11399,-0.32354,0.087586,-0.036509,0.076568,-0.061646,-0.090087,0.073778,0.0045137,0.089053,0.05074,0.23402,0.0074494,0.15929,-0.17269,0.021456,0.00044085,-0.17008,-0.063088,0.12631,-0.086639,-0.14683,-0.039077,0.0037348,-0.23288,-0.19629,-0.08796,-0.17905,0.059684,-0.20568,0.17264,-0.014939,0.075146,-0.023038,-0.078572,0.16761,-0.070593,0.12943,0.27957,-0.028984,0.042116,0.010444,-0.053005,-0.08293,0.14329,0.1529,0.17955,0.1922,0.11935,0.058146
-0.16349,0.12924,-0.012294,-0.11268,0.10795,0.17291,-0.022152,0.0090623,0.26987,0.19047,-0.0051683,-0.023337,-0.13372,0.010629,0.023422,-0.1149,-0.16832,0.17848,-0.086341,-0.066493,-0.08733,-0.13608,0.24485,-0.16505,-0.04929,-0.083246,-0.011741,-0.049533,-0.079577,0.0008887,0.025642,-0.070723,-0.045781,0.096186,0.00774,0.1487,-0.1038,0.0012666,-0.082841,-0.094159,-0.11106,0.10085,-0.17905,-0.12455,-0.002514,0.21968,0.012072,-0.15454,-0.052928,0.089701,0.020506,-0.21646,0.048656,0.12073,0.076954,0.081895,0.058972,0.20224,0.0489,0.1244,-0.17138,0.20507,0.25669,0.074099,-0.12238,-0.050359,-0.20697,-0.07072,0.012586,0.10626,0.073623,-0.027653,0.20364,0.12203,0.079459,-0.13852,-0.078506,-0.22337,0.030256,-0.18049,0.12906,-0.095421,-0.036131,-0.14375,-0.11282,0.25813,-0.014325,-0.018138,0.12135,-0.16002,0.12744,-0.11387,0.12707,-0.092438,0.028808,0.19234,0.023484,0.22958,0.080796,-0.012462
-0.042438,0.17855,-0.22309,0.014101,0.054852,0.03557,-0.23669,0.10123,0.041458,-0.029773,-0.12469,0.17446,-0.14661,0.1621,0.012512,-0.091087,-0.33431,-0.12032,-0.0067795,-0.10653,0.046393,-0.052208,0.16442,-0.12267,-0.25912,-0.18298,-0.18333,-0.050812,-0.064954,0.019338,-0.034243,0.029434,0.12023,0.099286,-0.067905,0.1417,0.047224,0.09768,0.1278,-0.13443,-0.075439,-0.1526,0.025853,-0.21008,-0.15007,0.15156,0.10084,0.095324,-0.019307,0.08949,0.12682,-0.30749,0.12798,-0.023145,-0.16949,-0.032633,-0.12178,0.15778,0.020197,0.1871,0.068248,0.093483,-0.047392,0.050616,-0.018863,0.10163,0.0066753,-0.065276,-0.017632,0.046932,-0.040287,0.025389,0.012737,0.035717,-0.010281,-0.26523,0.12944,-0.19189,-0.05245,-0.059094,0.22408,-0.16763,0.0088582,-0.22112,-0.085538,-0.090435,-0.13973,-0.067286,0.08154,-0.090852,-0.016818,-0.012497,0.074309,-0.028868,0.093119,0.12147,0.14155,0.23784,0.0031854,0.015494
0.11489,-0.030759,0.085594,0.11336,0.0056527,0.16754,-0.1339,0.061208,0.17115,0.087116,0.12924,-0.16214,-0.21921,0.075607,-0.063463,-0.011769,0.0091002,-0.094534,-0.15334,0.082936,0.018995,-0.11937,-0.049611,-0.19664,0.036255,0.025401,0.05028,-0.1681,-0.17829,-0.055761,0.066317,0.032492,0.0045349,0.020427,0.084397,-0.28739,0.091823,0.044386,-0.088982,-0.29125,0.066807,0.020389,-0.011211,0.017433,-0.032916,0.16041,-0.022154,-0.10856,0.085771,-0.18676,0.081595,-0.0064871,0.12112,0.075166,-0.055214,-0.015382,-0.018348,0.0064529,-0.027288,-0.027781,-0.031604,-0.045137,-0.016524,-0.0041089,0.028938,0.021761,-0.1444,0.014998,-0.19665,0.15796,-0.057123,0.18572,-0.15812,-0.078001,-0.012542,0.19361,-0.38477,-0.14679,-0.087187,0.0047877,0.0091409,0.012327,-0.17792,-0.001025,-0.0065005,0.19216,-0.063424,0.20731,0.092233,0.25293,-0.1322,0.10205,-0.15892,-0.043216,0.094495,-0.059308,0.13458,-0.04202,0.0051561,0.079957
-0.11304,-0.098277,-0.18551,0.0095046,0.33769,0.097975,-0.16771,0.13376,0.17305,0.19332,-0.13354,0.17856,-0.061376,-0.047343,-0.025512,-0.070227,-0.25542,0.0084843,-0.1222,0.085021,0.0022389,-0.12795,0.011044,0.12851,-0.16156,0.0099374,-0.039542,-0.16224,-0.17727,0.16111,0.042201,0.086415,-0.030443,-0.02836,0.14191,0.16258,0.09267,0.11736,0.069917,-0.14835,-0.090216,0.33449,0.01824,0.017382,-0.11127,0.17819,0.13313,-0.11874,0.086576,0.060358,0.083423,-0.20204,0.31076,0.1612,-0.21705,-0.14698,-0.036655,0.071925,0.035482,0.12456,0.027123,-0.12568,-0.069109,0.36066,-0.21766,0.035249,-0.25924,-0.1434,-0.24593,0.21635,0.15849,-0.0058165,0.086862,0.060634,-0.058529,-0.14291,-0.21238,-0.15677,-0.14862,-0.10988,0.015683,0.056353,0.12434,-0.19839,-0.0079983,0.16474,-0.028477,0.19243,-0.082827,-0.022314,0.25923,-0.012353,-0.0021184,-0.10134,0.14239,0.14424,-0.0055844,0.18411,0.016562,-0.30884
-0.083675,0.27047,-0.25632,-0.05458,0.24909,0.081492,0.072754,0.17545,0.040198,0.077135,0.079295,0.045695,-0.081026,0.053724,0.11212,-0.12595,-0.35198,-0.11961,-0.31885,-0.014438,0.087224,0.026981,0.11476,-0.12349,-0.10672,-0.064779,-0.071685,-0.18461,0.046032,-0.031904,-0.065003,-0.044343,-0.11922,0.020478,-0.15252,0.20442,-0.098627,0.22797,0.036276,-0.01936,0.04034,0.11904,-0.15376,-0.02029,-0.085679,0.098382,0.089143,0.027097,0.032923,-0.12864,-0.019483,-0.098174,0.085757,0.087628,0.044974,0.035095,-0.12336,-0.028502,-0.0074782,0.13301,0.010859,0.018775,-0.042201,0.045243,0.010377,0.003212,-0.055601,0.029865,-0.0012715,0.069622,-0.07943,-0.10232,-0.0056509,0.0039287,-0.032964,0.015858,-0.039648,-0.24543,-0.12947,-0.10415,0.040149,-0.27521,0.14738,-0.063565,-0.040789,0.058924,-0.15067,0.089399,-0.027292,-0.051574,0.036864,-0.060936,0.10678,0.038113,0.069424,0.11496,0.11505,0.063359,0.12808,0.034455
-0.19979,0.12541,-0.16486,-0.15854,-0.018323,0.066104,-0.11773,0.027058,0.28956,0.18742,0.13506,0.25048,-0.021351,0.18669,0.080944,-0.030118,-0.22169,-0.22278,-0.24812,0.021596,0.11049,0.095782,0.07571,-0.14981,-0.2784,0.0082538,0.013283,0.087305,0.12395,-0.012445,-0.098368,0.060331,0.071105,-0.16688,-0.07511,-0.04338,-0.14955,0.13046,-0.050292,0.091451,-0.11611,0.17121,0.010783,-0.031087,-0.2558,0.034234,0.0015524,-0.19232,-0.064438,0.019651,-0.055049,-0.15785,0.2668,-0.21815,-0.0031913,-0.090732,-0.055947,-0.042217,-0.16249,0.094719,-0.05256,-0.12728,-0.19523,-0.072674,-0.058292,0.16042,-0.083824,-0.19611,0.072832,-0.018826,-0.047122,0.28198,0.1184,0.25225,-0.1165,0.055433,-0.21666,0.043436,-0.032082,-0.15485,0.19486,0.085512,0.022133,0.10887,-0.015783,0.24848,-0.24655,0.22111,0.18261,-0.092507,0.070302,-0.30447,0.070514,-0.008222,-0.10124,0.24048,0.18429,0.2565,0.062849,-0.044221
-0.0076292,0.020537,-0.066195,0.24605,-0.014847,0.17774,-0.023711,0.044587,0.054471,-0.023822,-0.081951,0.025122,-0.020503,-0.11103,-0.086176,-0.094996,-0.1295,0.1423,0.14757,-0.0059206,-0.16944,0.01478,0.043934,-0.1357,0.17661,0.0061086,-0.02697,-0.075428,0.060378,-0.26847,0.043924,0.20814,0.0056498,0.061605,-0.089456,0.058622,0.092688,0.16699,-0.12344,-0.18562,-0.22687,0.1175,-0.08674,-0.27921,-0.0067885,0.12121,0.073361,-0.027748,-0.25747,0.096614,0.098676,-0.24793,0.16596,0.12195,-0.2553,-0.0018348,-0.035027,0.032537,0.030924,0.22284,-0.061606,0.015009,-0.091587,0.13882,-0.015608,-0.14515,0.021466,-0.028855,0.19591,0.12823,0.02314,-0.091936,0.1121,-0.20488,0.068484,-0.015899,0.17534,0.064861,0.10672,-0.10597,0.087553,-0.096385,-0.042273,-0.1808,-0.010143,0.22754,0.053054,0.21806,0.21518,0.078567,-0.056011,0.016684,-0.057711,-0.2213,0.051069,0.16134,0.069113,-0.01058,-0.22429,-0.076567
