0.03681,0.0052437,0.0096811,0.12794,0.0022793,0.26485,0.071704,0.062213,0.10954,-0.13691,-0.11127,0.081187,-0.14376,-0.036985,-0.19876,-0.063401,-0.14099,0.23422,0.094872,-0.0087086,-0.104,-0.0048129,-0.048875,-0.12243,0.16834,0.06967,-0.00043103,-0.19595,-0.068269,-0.057318,-0.074242,0.1233,-0.02778,0.050089,0.06861,0.094558,0.14663,0.073661,-0.17376,-0.18775,-0.11079,0.10731,-0.12428,-0.18089,0.11867,0.14331,0.1242,-0.10022,-0.18699,0.1084,0.084295,-0.24841,0.12488,0.15143,-0.083977,-0.056139,-0.033154,0.047409,0.031159,0.14905,-0.14094,0.10011,-0.042415,0.13006,-0.13158,-0.12749,0.10174,-0.15404,0.11637,-0.045159,0.1998,-0.00061548,-0.11526,-0.10053,-0.041914,-0.032367,0.13308,0.0077313,0.17293,-0.050638,0.032116,-0.16839,0.13177,-0.18707,0.004567,0.20032,-0.0189,0.18028,0.080322,0.12219,-0.055593,-0.0091451,0.019408,-0.12129,0.0022732,0.11068,0.12059,-0.073762,-0.13356,-0.20375
-0.035417,0.0099589,-0.13793,0.1097,0.13895,0.30459,-0.0065835,0.11327,0.21671,0.0021286,0.1539,0.21973,-0.17547,-0.037091,-0.055264,-0.09724,-0.31489,0.011203,-0.16618,-0.047081,-0.15512,-0.22739,-0.0088177,0.20129,0.29862,0.05345,0.22532,-0.075159,-0.19636,-0.13468,0.1768,0.065266,-0.18164,0.010207,-0.0074654,-0.1102,0.012712,-0.0043989,-0.083061,-0.028982,0.010209,-0.076271,-0.11526,0.027265,0.05705,0.02805,-0.066744,0.056246,0.13692,-0.12225,-0.0449,0.054901,0.23691,0.10824,-0.20177,0.095486,0.18362,-0.040469,0.00079504,-0.077886,-0.29728,-0.0070542,0.22867,-0.0084686,0.053698,0.13743,-0.08621,-0.033043,-0.033645,-0.051047,-0.065379,0.16114,0.1123,-0.073161,-0.20358,0.1541,-0.11233,0.13059,-0.13234,0.083371,-0.17365,0.13073,-0.2091,-0.078277,0.10382,0.069924,0.026255,0.22988,0.030202,0.023313,-0.17007,-0.24878,0.18484,-0.34424,-0.13961,-0.069205,-0.12797,0.12201,0.057316,0.075323
-0.062143,0.043419,0.0028641,0.079025,-0.09354,0.24707,-0.27119,-0.069966,-0.03311,0.16469,0.059402,-0.086743,0.011768,0.052627,0.14475,-0.025479,0.15507,0.0068911,-0.062627,0.11998,-0.22761,-0.082092,-0.035074,-0.092542,0.082329,0.090458,-0.06066,0.04242,-0.034488,-0.12278,-0.015297,0.030537,-0.0077113,0.015996,-0.073178,-0.15151,-0.015999,-0.073079,-0.014487,-0.17547,-0.12542,0.13087,-0.20439,-0.26199,-0.03315,0.013717,-0.092953,0.024273,0.090314,-0.073151,0.092672,-0.10117,0.16246,0.063617,0.054109,0.1093,0.10295,0.010954,0.030761,0.004735,-0.15592,0.10974,-0.031755,0.025013,-0.026597,0.11023,0.083263,-0.10994,0.056191,-0.0060661,0.067748,0.10957,0.0067062,0.022093,-0.108,0.04767,-0.11373,-0.22401,-0.1879,-0.088188,0.013871,-0.03333,-0.1529,0.11392,-0.090098,0.057744,-0.090416,0.08872,-0.026963,-0.083266,0.092966,-0.00042456,0.12578,-0.12438,-0.091954,0.051094,-0.1669,0.025937,0.069631,-0.035639
-0.047793,-0.042791,-0.16088,0.14733,0.016279,0.088097,0.23266,0.18247,-0.019903,-0.20322,0.044321,0.066828,-0.1329,-0.12527,0.0076561,-0.03667,-0.10899,0.13543,0.0030942,0.022867,0.054237,-0.15847,-0.080944,0.071244,0.26348,-0.073959,0.044871,-0.045392,0.22057,-0.084836,-0.026337,0.082733,0.065731,-0.012762,-0.16176,0.26935,-0.009022,0.022005,-0.18892,-0.099837,-0.095369,0.20116,-0.07036,0.038095,0.085985,0.12668,-0.072769,0.025403,-0.25313,-0.14099,0.12657,-0.096031,0.2444,0.28976,-0.088479,-0.067587,-0.017167,-0.11614,-0.11161,0.23947,-0.20162,0.022458,-0.081744,-0.0041683,0.15696,-0.10834,-0.066085,0.16206,0.14714,0.028868,0.065014,-0.053181,0.015274,-0.17245,0.13187,-0.10499,0.18038,0.17527,-0.012397,-0.045548,0.28302,-0.081759,-0.16681,0.010344,-0.23389,0.058688,0.084324,0.19213,0.085723,0.17909,-0.13508,-0.10524,-0.17281,-0.034669,-0.14581,0.006604,0.31861,-0.087255,0.046657,-0.1988
0.080673,-0.066387,0.013854,-0.047105,-0.011086,0.050293,0.0026278,0.078307,0.086461,-0.10223,-0.16424,0.172,-0.08829,-0.098912,-0.10886,-0.0097543,-0.105,0.16697,0.069623,-0.057599,0.13442,-0.18743,-0.128,0.094278,0.17808,-0.028504,0.065288,0.0527,0.056432,-0.16101,0.042919,0.15891,-0.014192,0.052631,-0.053055,0.15356,0.13863,0.026024,-0.13986,-0.017821,-0.024887,0.025013,0.10537,-0.003144,0.10412,0.049671,0.061072,0.065506,-0.12432,-0.041314,0.13642,-0.10943,-0.018924,0.095831,-0.087241,-0.095132,0.14227,0.048457,0.19389,0.22513,-0.15933,-0.0899,-0.1545,-0.021799,0.096286,-0.071191,0.083728,-0.075008,0.12346,-0.020172,-0.033436,-0.051223,0.060175,-0.20529,0.096655,-0.22448,0.20275,0.047031,-0.01607,-0.073709,0.16893,-0.20248,0.04643,-0.1657,0.011234,-0.028827,-0.10098,0.14144,0.06938,0.25589,-0.10231,0.055233,-0.20343,-0.11775,0.067057,0.082648,0.17995,-0.077154,-0.055195,-0.00031179
-0.10552,-0.048805,-0.15687,-0.18523,-0.19243,0.079637,0.06514,0.092022,0.19837,-0.078024,-0.10216,0.32733,0.077474,0.017043,0.1818,-0.063845,-0.067405,-0.12058,-0.15734,-0.081395,0.019679,-0.13911,-0.0787,-0.24791,0.07184,-0.013162,0.044494,-0.034223,0.25152,-0.04665,-0.15169,0.22965,0.10908,-0.20375,-0.1031,0.01398,-0.030314,0.15434,-0.018378,0.03894,-0.2863,0.026911,0.19484,-0.070808,0.080285,0.13667,0.076175,0.030626,-0.41342,-0.045164,-0.097805,-0.17849,0.071167,-0.18202,-0.037632,-0.25559,0.12731,0.0041275,0.0059719,0.015124,0.04406,-0.14632,-0.12803,0.063439,0.053533,-0.083297,0.11852,0.0034721,0.18951,-0.25029,-0.021762,0.17732,0.031759,0.080831,0.064047,0.046578,0.00027829,0.075338,0.26078,-0.17972,0.21128,-0.28892,-0.025779,0.0042618,-0.16369,0.071902,-0.26567,-0.061582,0.3488,0.0022034,-0.31074,-0.18123,-0.0023004,-0.06991,-0.052988,0.25971,0.091717,-0.11974,-0.034807,-0.035221
0.13738,0.25677,-0.13426,0.080666,0.074379,0.038764,-0.10175,0.085159,0.24565,0.038872,0.030046,0.088972,0.036664,-0.041305,0.063256,-0.029982,-0.047464,-0.18508,-0.24852,0.074446,-0.10716,-0.017759,0.11167,0.21765,-0.10527,-0.014086,0.32874,-0.28793,-0.031364,-0.016342,0.10322,-0.071747,-0.062798,0.068184,-0.0030538,-0.028339,0.0995,0.28482,-0.16433,-0.023504,-0.0045787,0.28672,-0.10122,-0.055756,0.057477,0.22439,-0.053553,0.061441,-0.034458,-0.21022,-0.077376,-0.028656,-0.088634,0.17096,0.08353,0.053002,0.014906,-0.06887,-0.14008,0.094193,-0.1632,-0.017992,0.076528,0.14167,-0.09152,0.088421,0.0036876,-0.16631,-0.092934,0.095475,-0.19559,-0.18479,0.1661,0.15186,-0.041763,0.04639,-0.081445,0.023429,-0.053917,-0.093525,-0.20168,-0.070985,0.11399,0.15617,-0.043798,-0.022886,-0.0064814,0.15871,0.091147,0.061842,0.06072,-0.35558,-0.044686,-0.013228,-0.0069995,-0.065202,-0.049182,0.021899,0.018403,-0.037551
-0.060067,-0.013711,-0.15219,0.2286,-0.16301,0.10567,-0.17927,0.15222,0.054962,0.071702,-0.089541,0.18668,-0.13972,-0.20657,-0.08676,-0.067433,-0.13486,0.16479,0.022004,-0.072194,0.048073,-0.15123,0.090366,-0.23643,0.047905,-0.0011069,-0.039501,0.038376,0.042746,-0.047847,-0.099126,0.13235,0.047405,0.13199,0.091408,-0.014356,0.33702,0.30579,0.026762,-0.10683,-0.24171,-0.010209,-0.032197,-0.19613,0.02704,0.0091803,0.13614,0.1808,-0.1732,-0.040252,0.081127,-0.15007,0.12423,0.054058,-0.34438,-0.13604,-0.05853,-0.11854,-0.14707,0.094172,0.0098294,0.05521,-0.064609,0.0060833,0.068563,-0.064322,0.085932,-0.13243,0.1293,0.13477,0.012839,-0.10743,0.095929,-0.24649,0.00043235,-0.072913,0.17637,-0.063295,0.027659,-0.13588,0.10492,-0.18683,-0.026697,-0.23776,-0.13784,0.061024,-0.16474,0.20929,-0.027663,-0.02511,-0.06472,0.021538,0.063686,-0.17298,-0.019638,0.1695,0.059059,-0.14357,-0.13002,0.0089755
0.058473,0.085173,-0.00030754,0.22927,-0.014406,0.12914,0.051709,-0.076301,0.043985,0.00047823,0.024839,0.068547,0.03492,0.053083,-0.13245,-0.022091,-0.062076,0.01806,0.025257,-0.080242,-0.13041,-0.1312,-0.21525,-0.018105,0.038858,-0.1039,0.04165,0.0052366,0.13275,-0.243,0.0025846,0.19217,-0.14854,-0.14979,-0.088449,0.13452,0.14419,0.10435,-0.027279,-0.049946,-0.067337,0.065963,-0.093838,-0.0066741,-0.036944,-0.031816,0.18873,-0.15724,-0.23958,-0.16019,0.10319,-0.2758,0.069131,0.12191,-0.15819,-0.052943,0.066645,0.17775,-0.06396,0.11639,0.072652,-0.060387,-0.093213,-0.056411,0.041202,-0.17534,0.12673,0.040523,0.23436,0.013252,0.025971,-0.019831,0.10992,-0.1402,0.085381,-0.071613,0.29382,-0.012362,-0.054269,-0.0052364,0.14929,-0.31487,-0.022965,-0.008424,0.027607,0.076901,-0.00041925,0.22392,0.15245,0.15772,-0.025154,0.02924,-0.055351,-0.026872,0.18794,0.21528,-0.085698,-0.0665,-0.16327,-0.23262
0.024918,-0.060687,-0.13357,0.094051,0.13897,0.31386,-0.14445,-0.010623,0.22902,0.15215,-0.094837,0.036724,-0.029795,-0.080443,0.054596,0.1398,-0.17092,0.01638,-0.027869,0.0066525,0.10279,-0.0652,0.16141,0.040536,0.081972,0.28012,0.038377,-0.16874,-0.01378,-0.027073,-0.149,0.16147,0.056336,0.17768,-0.076252,0.083897,0.002359,0.062966,-0.041347,-0.19878,-0.13306,0.047263,-0.19744,0.00068399,0.14517,0.16242,-0.02704,0.1541,0.14665,-0.13905,0.086851,-0.28518,0.004356,0.028946,-0.17702,-0.032635,0.22835,-0.030251,-0.12416,-0.081801,-0.19165,-0.21919,-0.10219,0.067777,0.11607,0.17231,0.052541,-0.046889,-0.15142,0.24292,0.10465,-0.028297,0.075201,-0.21604,0.14483,-0.067191,0.028392,0.0031512,0.012854,0.027837,0.11135,-0.077777,0.13526,-0.15753,0.029402,0.068537,-0.041351,0.046364,-0.092189,-0.14407,-0.0093427,-0.097807,0.12734,-0.14307,-0.0061173,0.085479,-0.10382,-0.011584,0.093662,0.015156
0.016231,0.02607,0.054303,0.19718,0.03361,0.2642,-0.01314,0.032142,0.1346,-0.13687,-0.17287,0.049243,-0.097369,-0.053489,-0.12657,-0.044143,-0.21316,0.047154,0.12104,0.0021904,-0.041912,-0.053294,0.011012,-0.12813,0.1271,0.04052,-0.049347,-0.24168,-0.029426,-0.11639,-0.076981,0.11408,-0.0029036,0.079041,0.075072,-0.028242,0.1516,0.077409,-0.17309,-0.10034,-0.13919,0.017473,-0.085081,-0.075546,0.14699,0.061312,0.16978,-0.079682,-0.20833,0.1117,0.091745,-0.22497,0.12156,0.093606,-0.15123,-0.069749,-0.033102,0.074505,-0.0057626,0.15396,-0.18673,0.038224,0.013438,0.085818,-0.15588,-0.16087,0.078745,-0.14059,0.097092,-0.039271,0.085863,-0.0093184,-0.042985,-0.18888,0.019196,-0.018214,0.23727,-0.0089737,0.15003,-0.021489,0.025596,-0.19476,-0.018446,-0.18123,-0.06223,0.093528,-0.041539,0.062556,0.15578,0.14719,-0.020331,0.065645,0.095631,-0.2134,0.01265,0.093646,0.14812,-0.10587,-0.25523,-0.12972
-0.09598,0.15621,0.027035,0.13282,0.16647,0.012754,-0.033249,0.086392,0.19544,-0.13997,0.061424,-0.055963,-0.099339,0.18613,0.17748,-0.014429,-0.11198,0.084195,-0.19003,0.055525,-0.047324,-0.087314,0.082926,0.044583,-0.055812,0.024497,0.093369,-0.018638,-0.086961,-0.081297,0.054933,-0.10295,-0.11447,0.090759,-0.054922,0.23758,-0.034163,0.16901,-0.12857,-0.061819,-0.033434,0.24325,-0.0029144,0.073198,-0.033022,0.3018,-0.0069952,0.11074,0.091637,-0.064253,-0.038122,-0.1374,0.036148,0.096223,0.085114,0.039646,-0.18203,0.052087,-0.093618,0.063693,-0.085592,0.32069,0.042744,0.14223,-0.018148,0.054168,0.059076,-0.016814,-0.02144,0.04827,-0.11114,0.076332,0.010912,0.10566,-0.037305,0.082541,-0.11513,-0.14024,-0.12671,-0.22053,0.095383,-0.12095,0.010574,0.15468,-0.13693,0.20151,-0.080287,0.12132,0.067888,0.0079725,-0.016146,0.037419,0.11923,0.063546,0.12089,0.13074,0.1873,0.13673,-0.037803,0.0099376
0.023015,0.14242,-0.097105,0.26524,0.0029455,0.1306,-0.049733,-0.15117,0.055484,-0.0096494,-0.0024744,0.13187,0.013111,0.011953,-0.094308,-0.086974,-0.096745,0.099652,-0.061918,-0.066634,-0.041037,-0.080284,-0.23932,0.04199,0.092399,-0.029118,-0.018466,-0.0048514,0.16468,-0.23011,-0.050008,0.069898,-0.14015,-0.1883,-0.068822,0.11586,0.052229,-0.0057627,-0.10645,-0.11913,-0.093164,0.14262,-0.013187,-0.088245,0.022444,0.008069,0.10701,-0.12282,-0.29453,-0.18875,0.090984,-0.22338,0.076939,0.072028,-0.15202,-0.11681,0.0016354,-0.0060894,-0.050192,0.06965,-0.041594,0.016819,0.025384,0.037567,0.03152,-0.18683,0.19542,-0.01621,0.18509,0.023717,0.03013,0.011959,0.091106,-0.10146,0.0429,-0.075284,0.25236,0.011271,-0.011256,0.066928,0.14247,-0.2859,0.00032881,0.11648,-0.019875,0.16304,-0.089013,0.18465,0.12638,0.23896,0.016918,-0.14361,0.016095,0.042622,0.30552,0.18614,-0.1217,0.00055547,-0.22057,-0.1166
0.060562,0.058667,0.13964,0.044512,0.12868,0.14484,-0.06857,0.13368,0.047259,0.15094,-0.086555,-0.01217,-0.1525,0.080152,-0.031234,-0.095972,0.13003,0.10236,-0.2613,-0.055232,-0.13247,-0.14762,-0.13716,0.045399,0.071491,0.1668,-0.077648,0.026212,-0.023199,-0.28736,0.0099619,-0.044589,-0.13391,0.066389,0.042015,-0.054529,0.029553,-0.12107,-0.012667,-0.16099,-0.15644,0.010425,-0.12157,-0.25128,-0.016261,0.23021,-0.098995,0.10932,-0.1432,-0.042989,-0.039773,-0.17564,0.17296,0.23752,-0.2212,-0.11153,0.10591,-0.038816,-0.18678,-0.17155,0.012985,0.0023855,0.026007,0.12434,-0.096371,0.12404,0.097577,0.12089,-0.22823,-0.072531,-0.078624,0.14634,0.0018185,0.0503,-0.038943,0.18624,-0.10528,-0.21037,-0.094232,-0.1473,-0.066642,-0.052674,0.031023,0.03244,-0.13022,0.03281,-0.17166,0.081375,0.098009,0.15944,0.16657,0.21001,-0.051683,-0.10299,0.057743,-0.12043,-0.15392,-0.14663,0.022106,-0.023938
-0.037539,0.11058,-0.17655,0.12818,0.036468,0.096531,0.093041,0.016357,0.13607,-0.21938,-0.12054,0.077939,-0.10009,-0.040775,-0.012911,0.034098,-0.050359,-0.085672,0.051728,-0.097501,-0.085761,-0.021419,-0.0063925,-0.085026,0.17018,0.043333,0.15911,-0.10409,-0.068238,-0.20641,0.020957,0.24111,-0.11709,0.17121,-0.11264,-0.040039,0.30639,0.25009,-0.09561,0.039536,-0.12967,0.13079,-0.059008,-0.0044331,0.0034349,0.11643,0.24686,0.20044,-0.0037083,-0.017561,-0.026652,-0.1859,0.12288,0.010952,-0.21091,-0.016692,-0.14595,-0.019098,-0.074881,0.12274,-0.15613,0.32277,-0.061796,0.15886,-0.012166,0.028583,0.30519,-0.0061202,0.036308,-0.031358,-0.12866,-0.03987,-0.092808,-0.25098,-0.026022,0.002058,0.19383,0.10142,0.034767,-0.091924,0.17102,-0.26696,0.026249,0.025014,-0.13419,0.092611,-0.11696,0.16238,0.085724,0.05031,-0.082338,0.16995,0.16704,-0.090866,0.18615,0.17884,0.13076,-0.13598,-0.19674,-0.15222
-0.025389,0.057039,0.078121,0.16988,0.15698,0.17513,-0.13298,0.081384,0.21274,-0.1341,-0.043011,0.057218,-0.063126,0.19495,0.10331,-0.083094,-0.27698,0.081877,-0.0072678,0.051831,-0.013324,-0.067767,0.15651,-0.062439,0.0084336,0.10224,-0.14506,-0.082169,-0.032921,0.0028595,-0.011121,-0.070803,-0.063251,0.064027,0.093183,0.11734,-0.086307,0.09399,-0.12476,-0.20854,0.018809,0.040691,-0.15133,0.13094,0.10577,0.1874,0.0038204,-0.070896,0.034354,0.064709,-0.023105,-0.17864,0.066667,0.11586,-0.0094035,-0.017033,-0.054207,0.14467,0.076477,0.18967,-0.17552,0.15667,0.10459,0.017759,-0.14479,0.030398,-0.05011,-0.18224,-0.10794,0.096622,0.029013,0.016106,0.039326,0.068123,-0.092936,0.0075105,0.075191,-0.29857,0.022339,-0.086363,-0.05473,-0.21595,0.092035,-0.028715,-0.071431,0.23474,-0.1035,0.058981,0.075746,0.080191,0.18318,-0.00070005,0.067867,-0.057178,-0.061646,0.082033,0.10506,0.18789,0.021518,-0.044258
-0.093057,0.024124,0.033453,0.066607,0.13097,-0.013866,-0.095937,0.09516,0.32945,0.21634,-0.20487,0.012556,0.03733,0.0826,0.34561,0.194,0.18391,0.035078,0.032582,-0.026264,-0.11308,0.08654,-0.034995,0.047053,-0.022402,-0.056432,0.0062617,-0.032155,-0.12667,-0.22394,-0.092923,-0.36378,-0.26195,0.10867,-0.16487,-0.062847,0.16093,0.14018,-0.067854,-0.024022,-0.17269,0.1009,-0.17941,-0.048688,0.0066118,0.42366,0.11256,-0.095793,0.14641,-0.13495,0.20489,-0.10524,-0.1496,0.17342,0.0050798,-0.16058,0.0066178,-0.14543,0.085112,0.1146,-0.014129,-0.10923,-0.018172,0.06897,-0.0070622,0.016507,0.12881,-0.14479,-0.099497,-0.045183,-0.1257,-0.024189,0.16082,-0.017892,-0.24355,0.18021,-0.049545,0.13641,-0.0070347,-0.020456,-0.16416,-0.20288,-0.015587,-0.11537,0.069576,0.12684,-0.041025,0.072478,0.09227,-0.028348,-0.24763,0.020557,0.18478,0.19271,0.060554,-0.05463,0.10184,-0.16242,-0.068264,-0.038212
-0.16761,0.072838,-0.054845,-0.08381,0.26326,0.31058,0.064759,0.099562,0.17167,-0.096418,-0.049291,0.012746,-0.16158,0.068056,-0.085774,-0.041774,-0.16705,0.025175,-0.0059181,0.15588,-0.22619,-0.18498,0.13659,-0.28444,-0.12717,-0.16746,-0.031578,-0.06608,0.052648,0.06423,0.011344,-0.12226,-0.10367,0.035361,-0.22701,0.025996,-0.095148,0.12406,-0.069431,0.015886,0.018589,0.11754,-0.30675,-0.042131,-0.18612,0.090301,-0.052895,0.095055,-0.040132,-0.1141,-0.033643,-0.2328,-0.01053,0.14777,0.0994,0.035669,-0.0036751,0.052004,-0.14007,-0.0037926,-0.090604,-0.04431,-0.071551,-0.086014,0.10725,-0.037723,0.10319,0.1319,-0.065782,0.042048,0.019642,0.06461,-0.01681,0.035968,-0.089386,-0.15576,-0.10553,-0.026481,-0.10152,-0.11198,0.011549,-0.060928,0.2045,-0.26035,-0.094079,0.2023,-0.1788,0.069978,0.039088,0.009865,0.18523,-0.024508,0.08976,-0.068464,0.041492,0.064673,0.0090107,0.16739,0.074078,-0.052798
0.097842,-0.15957,0.12568,-0.069305,0.04222,0.38196,0.048604,0.18491,0.16843,0.048409,0.026196,-0.036102,-0.085427,0.17881,-0.068722,0.096836,0.045375,-0.10997,-0.22166,0.30416,-0.31572,-0.11543,-0.13773,-0.22434,0.0008192,-0.2354,0.017408,-0.082397,-0.011762,-0.21177,0.010873,-0.014635,-0.006408,0.13077,0.1311,-0.14689,-0.029344,0.030573,-0.16857,-0.14508,-0.16924,0.15712,-0.070003,0.14471,-0.10759,0.19,-0.13488,0.090802,0.15586,-0.045915,0.078763,-0.086076,-0.028067,0.17123,-0.14971,-0.159,0.050372,0.16469,-0.065655,-0.18411,0.019187,-0.16303,0.064862,-0.10238,-0.0064637,-0.078431,0.0076504,-0.12725,-0.058837,0.058276,-0.02605,0.25967,-0.086147,0.013302,-0.0064644,-0.016745,-0.28761,-0.093817,0.021913,0.065312,-0.010746,0.026503,-0.022941,-0.014556,-0.13907,0.06282,-0.13238,0.13833,0.24199,0.16295,-0.041675,-0.16526,-0.19067,-0.091111,0.00042245,-0.13927,0.095871,-0.0039221,-0.02874,0.11847
-0.057456,0.070674,-0.056727,0.26524,0.013604,0.15353,0.05313,-0.0013056,0.041524,0.043276,-0.038214,0.10851,0.055243,-0.013612,-0.089546,-0.081205,-0.16241,0.063272,0.027864,-0.096697,-0.076913,0.027344,-0.18407,0.01033,0.064014,-0.053128,0.020957,0.094585,0.17903,-0.20754,-0.0024187,0.15243,-0.14712,-0.12512,0.04176,0.16582,0.12503,0.037219,-0.072663,-0.10751,-0.098378,0.13363,0.0032104,-0.11083,0.0045031,-0.053122,0.17946,-0.11599,-0.29937,-0.19512,0.11923,-0.1986,0.21113,0.21523,-0.19676,-0.017073,0.040217,0.090342,-0.13657,0.21513,-0.026623,-0.037556,-0.067807,0.010416,0.066696,-0.19493,0.19587,0.01447,0.20703,-0.0018482,0.17117,0.039822,0.13803,-0.080499,0.12276,-0.13491,0.29462,-0.0031301,-0.0027353,0.065715,0.089465,-0.3075,-0.024221,-0.068692,0.027812,0.064462,-0.0015963,0.19989,0.052982,0.14484,-0.094007,0.0073501,-0.10457,-0.00041528,0.18055,0.2326,0.020076,0.018176,-0.14662,-0.16821
0.037349,0.031366,0.13285,0.23116,-0.042485,0.21232,0.028052,-0.059962,0.15907,-0.21601,-0.10223,0.070768,-0.08406,-0.019381,-0.025865,-0.03323,-0.16798,0.17134,0.11254,0.0038426,0.0061844,-0.05784,-0.0066089,-0.077169,0.21298,0.049116,-0.026082,-0.22069,0.069694,0.01356,-0.052788,0.078676,0.043052,0.050176,-0.031352,0.044852,0.13076,0.15856,-0.13324,-0.13347,-0.073739,0.041456,-0.099543,-0.034779,0.14331,0.03343,0.12509,-0.091016,-0.29317,0.018497,-0.069535,-0.21391,-0.043166,0.10344,-0.20853,-0.074636,-0.00089084,0.17121,0.052976,0.044745,-0.15361,0.1108,0.018563,0.015018,-0.16208,-0.1549,0.029604,-0.070139,0.098144,0.036063,0.025589,-0.034386,-0.0090472,-0.19142,0.040815,-0.059441,0.28675,-0.087731,0.15173,-0.023592,0.069824,-0.28356,0.070925,-0.12082,0.013347,0.1032,-0.0050951,0.063543,0.15227,0.15226,-0.052573,0.025356,0.032804,-0.2567,-0.023824,0.17091,0.02375,-0.064321,-0.20959,-0.16092
-0.056336,-0.051543,-0.16144,0.1096,-0.043388,-0.021418,-0.044681,-0.002222,0.18009,-0.0070886,-0.1954,0.12024,-0.12478,0.25371,0.0018731,-0.19514,-0.11772,0.067617,-0.10792,0.16021,-0.16632,-0.05501,-0.051729,-0.074606,-0.024685,-0.010727,-0.065162,-0.13201,0.12114,-0.00996,0.032677,-0.12264,-0.10125,0.24552,0.13396,0.11929,0.028238,0.025767,0.14052,-0.1222,0.048975,0.087681,-0.25163,0.1822,0.18078,0.10718,-0.038816,0.10672,0.080178,-0.063735,0.13942,-0.1569,-0.22511,0.20139,-0.089833,0.15166,0.07334,0.091017,-0.019646,0.15882,-0.051817,0.063794,-0.036034,0.083293,0.033901,-0.11458,-0.084762,-0.19502,-0.12777,0.058549,0.020964,-0.1782,0.072145,-0.28729,-0.21115,-0.060741,0.010922,-0.067356,0.092996,-0.11025,0.11795,-0.32585,0.118,-0.022626,-0.12044,0.092054,0.0013369,-0.097148,0.035857,-0.036336,0.18819,-0.03715,-0.16731,-0.13338,0.20366,-0.031831,0.061689,0.097474,-0.024733,0.031156
0.014974,0.14276,-0.028184,0.1969,-0.017288,0.18105,0.031895,-0.094677,0.20711,-0.037205,-0.0077494,0.031257,0.0062015,-0.05487,-0.078143,-0.038496,-0.17514,0.062178,0.040477,-0.075232,0.070254,-0.078731,-0.16642,0.0043888,0.084703,-0.10442,-0.006928,-0.053468,0.26047,-0.09699,-0.032085,0.14006,-0.051752,-0.13695,-0.1352,0.15547,0.065563,0.012891,0.083092,-0.15558,0.022388,0.068003,-0.054695,-0.085175,0.11661,-0.045517,0.082912,-0.093158,-0.2676,-0.23428,0.0087287,-0.16613,-0.058124,0.11408,-0.073129,-0.16718,0.053042,0.061392,-0.045184,0.025361,0.074858,0.11703,0.0095021,0.0099329,-0.07807,-0.20474,0.10212,0.13985,0.17622,0.010751,-0.042349,-0.025499,0.076535,-0.17795,0.2291,-0.1098,0.27825,-0.017054,-0.032611,-0.029933,0.21946,-0.26372,-0.0074884,0.01919,-0.036824,0.05924,-0.11576,0.12446,0.12556,0.12021,-0.049255,-0.15003,-0.019459,0.0038106,0.21376,0.16445,-0.097358,-0.036853,-0.21816,-0.11993
-0.11762,0.025339,-0.09965,0.19667,-0.066383,0.33733,-0.1197,0.19656,0.15077,0.044765,0.089632,0.0597,-0.11651,0.075302,0.084357,0.070109,0.13051,-0.13856,-0.15288,0.02308,-0.27297,-0.14431,-0.031181,0.017235,0.053304,0.10056,-0.0034931,-0.19889,-0.11155,0.099468,0.054397,0.1413,-0.0034912,0.24158,0.0025086,-0.015603,-0.020744,0.010307,-0.1691,-0.20725,-0.12103,0.059993,-0.11694,-0.19499,0.0025687,0.10253,-0.065787,-0.03551,-0.030909,-0.15112,-0.092488,-0.048022,0.029442,0.048067,-0.1688,5.5375e-05,0.19339,0.070482,-0.047703,0.022439,-0.15188,-0.1514,0.2569,0.088782,-0.13123,0.2397,0.084805,-0.094632,-0.008556,0.049198,-0.042664,0.30437,0.035138,0.16979,-0.019434,-0.03911,-0.17969,-0.082416,0.068595,0.11962,-0.10375,-0.07236,-0.13714,-0.017552,-0.036008,0.095389,-0.13306,0.12716,0.066057,0.11007,-0.012377,-0.15217,-0.039175,-0.16464,-0.066055,-0.18544,-0.13721,0.028683,0.006005,0.09217
0.11026,0.0066828,-0.15192,0.076547,-0.017923,0.29977,0.0067891,0.21296,-0.024934,0.08701,0.1193,0.084277,0.020038,-0.053659,-0.027927,0.02817,0.055815,-0.22628,-0.10324,0.16318,-0.18836,-0.15206,-0.16266,0.073739,0.07067,0.093183,-0.05446,-0.1697,-0.20621,-0.11759,-0.057754,0.093209,-0.033252,0.00094411,0.086841,0.012277,0.0036935,0.010108,-0.00044613,-0.088409,-0.024072,0.21987,-0.12487,0.23676,-0.056746,-0.0084017,0.11105,-0.060742,0.14448,-0.17129,-0.081203,0.083957,0.17892,0.047198,-0.15553,-0.13432,0.071472,-0.023083,-0.064544,-0.17953,-0.095677,-0.23797,0.099607,0.11328,-0.12966,-0.19452,0.043435,-0.0083508,0.073579,0.067573,-0.00075882,0.13128,-0.0093657,-0.14807,-0.033252,0.19722,-0.17904,-0.17823,0.085438,0.049147,-0.30561,0.079026,-0.14677,0.022949,-0.10817,-0.018513,-0.0986,0.2066,0.12273,-0.068869,-0.078306,-0.0012419,0.13003,-0.098476,-0.097598,-0.12495,0.069631,-0.092354,0.055891,-0.041507
-0.0030399,0.17925,-0.023206,0.10396,-0.025686,0.13297,0.048513,-0.025759,-0.021001,0.0050552,-0.085526,0.24844,-0.16623,0.083677,-0.10791,-0.29339,-0.052519,-0.10021,-0.23569,-0.078236,-0.0008319,0.036655,0.08773,-0.030765,0.15114,-0.028746,0.11312,-0.032116,-0.079334,0.14721,-0.018941,0.18295,-0.15685,0.057019,0.047202,0.04904,0.22104,0.3303,0.034652,-0.18274,-0.052684,0.018304,-0.13456,-0.012101,-0.026887,0.018729,0.19638,0.040106,0.034892,-0.19307,-0.008217,-0.1386,0.10504,0.03397,-0.11629,0.1868,0.060007,0.071033,-0.26437,-0.083649,-0.096772,0.025541,0.041642,-0.012624,0.12791,-0.17775,0.039932,-0.08325,-0.042454,0.046856,-0.054364,0.046829,-0.0054118,-0.11422,-0.071647,-0.021101,0.045487,0.029604,-0.053868,-0.00089412,0.060406,-0.25139,0.2091,-0.2138,-0.12436,0.17442,-0.0094034,0.16211,0.29816,-0.029816,0.0019319,-0.022126,0.069842,-0.13414,0.11494,0.22739,0.094628,0.15656,-0.13577,-0.010665
0.0081424,0.13697,-0.14835,0.008479,-0.012315,0.08907,0.057515,0.071872,0.06407,0.0079477,0.04204,-0.02622,-0.21306,-0.24708,-0.15946,-0.047669,-0.13622,-0.28566,0.061574,-0.14832,-0.0068413,-0.165,0.021811,-0.0037784,-0.020113,0.014012,0.13351,0.067101,0.1153,-0.16811,-0.037668,0.22542,0.053982,-0.08031,-0.10069,0.00028276,0.021791,-0.016987,-0.053203,-0.046037,-0.16141,0.13117,-0.0083211,-0.068511,-0.083623,-0.13656,0.1249,-0.095129,-0.28973,0.0026749,-0.052418,-0.099087,0.0074901,0.027279,-0.060322,-0.17755,-0.022785,0.085773,-0.15047,0.14553,-0.10233,-0.10705,-0.093557,-0.07241,0.066421,-0.010556,0.13607,-0.11617,0.32827,-0.086886,-0.166,0.00048865,0.07472,-0.10451,0.079798,-0.18332,0.25628,0.079796,0.16887,-0.17696,-0.012722,-0.2143,-0.093458,-0.031942,0.11028,0.056054,-0.16885,0.044894,0.25196,0.03145,-0.18619,-0.091195,-0.025676,-0.11406,-0.037301,0.12155,-0.0070394,-0.18876,-0.14059,-0.0017332
0.058079,-0.040917,0.073629,0.21134,-0.012753,0.26871,0.010823,0.013806,0.18685,-0.15055,-0.12186,0.085142,-0.065647,0.0024946,-0.040355,-0.080201,-0.18168,0.15664,0.11406,0.0039341,-0.0064627,-0.017075,-0.02429,-0.083182,0.18254,0.012359,-0.05099,-0.24207,0.0058454,-0.035038,-0.02655,0.12867,0.025294,0.0753,0.040091,0.090155,0.12554,0.045061,-0.15854,-0.10295,-0.061472,0.062885,-0.020732,-0.06189,0.15534,0.085293,0.15285,-0.10491,-0.27215,0.045643,-0.0091947,-0.17255,0.01635,0.07934,-0.20054,-0.082288,-0.019512,0.12068,0.081738,0.075171,-0.16542,0.12903,0.015563,0.085931,-0.17003,-0.18059,0.11131,-0.14719,0.086632,-0.0049956,0.039142,-0.024261,-0.023778,-0.23925,0.014578,-0.10391,0.24427,-0.040171,0.14764,-0.024047,0.061117,-0.25562,0.10088,-0.087897,0.00032707,0.15053,-0.054602,0.05885,0.11375,0.1518,-0.076835,-0.063265,-0.017777,-0.24206,-0.010181,0.13973,0.10621,-0.088447,-0.23859,-0.10458
-0.043372,0.12393,0.17012,-0.19381,0.24521,-0.13469,-0.17181,0.12695,0.14003,0.16029,-0.047648,0.091886,-0.22607,0.35244,0.10299,0.048795,-0.13074,0.16986,-0.24147,-0.21208,0.14557,-0.087247,-0.012316,-0.049801,-0.23369,-0.031644,0.10832,0.014484,0.09869,-0.10703,0.16297,-0.015119,-0.14566,0.14694,-0.086628,-0.1084,-0.3137,0.064483,-0.08026,-0.27015,0.077117,-0.071741,-0.049249,0.098595,-0.037854,0.15444,0.089374,-0.045714,0.0028113,-0.16123,-0.0010709,-0.0556,-0.03509,0.10308,0.066905,-0.15603,-0.03636,0.19818,0.025335,0.081499,-0.054366,-0.11165,-0.073284,0.063829,0.15166,-0.10533,0.055989,0.023835,0.20487,-0.21865,0.039449,-0.052853,0.24327,0.26267,-0.014537,-0.051559,-0.097926,-0.098832,-0.055181,-0.33569,0.13382,-0.15061,0.077903,-0.083083,-0.12825,0.21756,-0.025783,0.24755,0.10903,0.06249,0.051806,-0.29611,-0.074045,-0.23683,0.096576,0.02024,0.15134,0.27798,0.07607,-0.17699
-0.12506,0.059056,-0.12887,0.093822,-0.092395,0.26187,-0.018084,0.18165,0.11688,0.11354,0.03889,0.12895,0.0035819,0.0065389,0.051037,-0.042075,0.0039229,0.00094308,-0.068025,0.10893,-0.28619,-0.14816,-0.07552,-0.12975,0.022809,0.077251,-0.10415,-0.086374,0.013763,-0.045882,0.070715,0.047309,-0.095408,0.075038,0.049015,-0.042059,0.0040447,-0.043175,-0.20821,-0.25104,-0.10195,0.036425,-0.20355,-0.23762,0.067084,0.094847,-0.061752,-0.16909,-0.059815,-0.13863,-0.089615,-0.14631,0.12491,0.038154,-0.21973,-0.015478,0.19001,0.013664,-0.11113,0.0071423,-0.14123,-0.17746,0.16466,0.11037,-0.073187,0.11556,-0.032301,-0.040645,-0.0064698,-0.069456,-0.066083,0.20245,0.065243,0.16955,0.013212,0.073372,-0.23385,-0.12667,0.080723,0.082756,-0.22999,0.059215,-0.18372,-0.055766,-0.035036,0.044684,-0.15612,0.17646,-0.0050417,0.23462,0.0058103,-0.14762,-0.041496,-0.17963,-0.098834,-0.058947,-0.18666,0.033809,0.023094,0.13027
-0.055563,0.11826,-0.097306,0.017422,0.18336,0.082482,0.013944,-0.030351,0.088638,0.13202,0.013763,0.12456,-0.047615,0.1498,-0.0022432,0.030568,-0.24625,0.088564,0.038717,-0.053143,0.025694,-0.02872,-0.02562,-0.030074,-0.18028,-0.12395,-0.042465,0.12731,0.089707,-0.1743,0.030199,-0.08343,-0.21453,-0.20674,-0.040415,0.22922,-0.099817,0.10567,0.077478,-0.33003,0.029136,0.099993,-0.14657,-0.042833,0.032476,-0.017076,0.046552,-0.046806,0.12765,-0.095215,0.069301,-0.25432,0.17362,0.1804,0.051115,-0.01589,-0.085886,0.059312,-0.052018,0.16942,0.057337,0.13949,0.0067377,0.082348,-0.043525,-0.031317,0.074207,0.09102,0.10237,0.12228,0.040055,-0.11326,0.15878,0.099601,0.080282,-0.032037,0.064378,-0.11978,-0.048025,-0.058958,0.058355,-0.19141,0.13115,-0.0083069,-0.10764,0.16593,-0.056385,0.1585,0.19325,-0.026655,0.12453,-0.12329,0.018958,0.10497,0.1131,0.092866,0.024153,0.20869,0.055011,-0.10342
0.13625,-0.043476,0.10008,0.066646,0.18445,0.057136,0.0039906,0.10632,0.1153,-0.19192,-0.17793,0.21459,-0.18377,0.051362,-0.09456,0.089858,-0.024918,0.13799,-0.10956,-0.2613,0.20671,0.096435,-0.15524,0.0023907,0.10459,-0.034358,0.11806,-0.010875,0.2005,-0.22793,0.1265,0.24992,-0.13403,0.18475,-0.15767,-0.095423,-0.030658,0.074751,0.043442,-0.17046,-0.016724,-0.0093427,-0.09793,0.18741,0.16236,0.13734,0.065374,0.1514,-0.239,-0.3064,0.078417,-0.021818,-0.16902,-0.00152,0.045292,-0.021323,0.019924,0.00085292,0.061827,0.073604,-0.037356,-0.0085339,-0.089008,0.1254,0.11696,-0.22843,0.088394,0.053693,0.19484,-0.082575,-0.055826,-0.099511,0.18881,-0.1903,0.079228,-0.15003,0.22091,0.1363,-0.15879,-0.24139,0.32396,-0.19809,0.099296,0.059387,-0.088197,0.11885,0.021578,0.18692,0.088064,0.26473,-0.10663,-0.23562,-0.10818,-0.22258,0.21463,0.045375,0.14438,-0.022856,-0.28076,-0.10263
-0.025465,-0.019449,0.13865,0.16323,-0.05707,0.16867,0.073586,0.016085,0.088049,-0.1836,-0.12646,0.11322,-0.040585,-0.030241,-0.053006,-0.082492,-0.16156,0.20885,0.051189,0.11114,-0.082242,-0.068038,0.054136,-0.00758,0.24297,0.059139,-0.024061,-0.065925,0.054271,-0.037812,-0.059145,0.11647,0.10289,0.030308,-0.023533,0.13874,0.22663,0.051785,-0.16583,-0.15289,-0.0016403,0.1814,-0.00066517,-0.046915,0.055263,0.11683,0.24233,-0.12073,-0.32397,-0.035283,0.032141,-0.24985,0.063957,0.16311,-0.10337,-0.05381,0.051695,0.084591,-0.0055803,0.015529,-0.11125,0.097865,0.012073,0.031443,-0.098863,-0.19722,-0.0076551,-0.082148,0.053597,0.034227,0.16194,0.042137,-0.010375,-0.15018,0.0012224,-0.023574,0.24829,-0.11253,0.090736,0.0042691,0.056421,-0.27995,0.10541,-0.15204,0.040004,0.096609,0.13789,0.057218,0.20741,0.097255,-0.087683,0.026553,0.030975,-0.269,-0.007676,0.17029,0.10692,-0.012894,-0.095618,-0.13581
0.011911,-0.022064,0.092973,-0.063379,-0.076191,0.0042356,-0.19068,0.13754,0.04704,0.17176,-0.077715,-0.081626,-0.21417,0.083111,0.065729,-0.073919,-0.059848,0.066545,-0.092781,-0.040691,-0.19378,0.16149,-0.021653,-0.25653,-0.21851,-0.11637,-0.017698,0.018012,0.12479,-0.059568,0.078033,-0.11857,-0.14193,-0.074845,0.090342,-0.25475,0.16767,0.15399,0.0142,0.050351,-0.016987,0.031269,-0.1741,-0.19616,-0.048464,0.28304,-0.16115,0.0025044,0.043917,-0.022069,-0.030863,-0.15735,0.033489,0.18886,0.14135,0.061964,-0.046817,0.006967,-0.026164,0.049567,-0.10874,0.048869,0.12718,0.083882,-0.026919,-0.16289,-0.053792,-0.11597,0.0021161,-0.11196,-0.16071,-0.089724,-0.026414,0.0029724,-0.13962,0.031427,-0.016372,-0.0040836,-0.043735,-0.051199,-0.0088724,-0.083929,0.06194,0.059194,0.12722,-0.078328,0.0079409,0.1406,0.092699,-0.090124,0.18138,-0.20184,-0.03633,-0.13848,0.045057,0.069653,0.056116,0.15283,-0.083611,0.053834
0.046429,-0.20308,0.032584,0.15267,0.087179,0.030191,-0.18243,0.083583,0.28954,0.052595,-0.15254,0.022079,0.073839,0.11697,0.18794,0.12669,-0.10172,0.064223,0.089057,-0.041889,-0.023056,-0.13043,0.088173,-0.039391,0.10771,-0.045003,-0.0023253,-0.048126,-0.17997,-0.063174,-0.16088,0.11017,-0.087983,0.039147,-0.032755,0.051816,0.0972,-0.014722,-0.0035665,-0.12365,0.097541,0.036839,-0.28753,0.016166,-0.04355,0.090626,0.0053096,0.20145,0.25761,-0.16972,0.11928,-0.016284,-0.026935,0.1942,-0.022618,-0.027221,0.10246,0.065825,-0.16858,0.105,-0.22252,0.033935,0.013721,0.12862,0.075791,-0.0077901,-0.062242,0.073041,-0.1182,0.10133,-0.031302,0.031144,0.091506,-0.18475,-0.084214,0.12272,-0.25172,-0.0037885,0.19413,-0.038864,-0.13302,-0.011516,0.011158,-0.088717,-0.024642,0.14041,0.10848,0.12146,0.18651,0.020645,0.0148,-0.15255,-0.074459,-0.29221,0.10457,-0.041472,0.19468,-0.11472,-0.045258,-0.11205
-0.017592,0.019495,0.0036419,0.08868,-0.093295,0.13501,-0.099439,0.18774,0.16649,-0.016952,-0.057654,0.077837,-0.15966,-0.015047,0.10126,-0.1439,-0.019596,0.04427,-0.061719,-0.032875,0.0045545,-0.082304,-0.061723,-0.15277,0.16611,-0.010881,-0.051101,-0.1456,0.011535,-0.088092,0.011161,0.13203,-0.038781,0.061055,-0.043506,-0.052985,0.25596,0.30787,-0.10135,0.025567,-0.20556,0.083231,0.063317,-0.078707,0.17192,0.12492,0.10102,0.16615,-0.14945,0.00060371,0.16403,-0.20056,-0.0385,0.022186,-0.18393,-0.12167,-0.002864,-0.031509,0.042666,0.28921,-0.14288,-0.053459,-0.043924,0.08698,-0.090895,-0.12762,0.25515,-0.15923,0.082059,0.058537,-0.049178,-0.00089991,0.093915,-0.3484,0.058659,-0.053666,0.14505,-0.066216,0.11685,-0.13789,0.17196,-0.20475,0.059733,-0.17194,-0.0034355,0.019013,-0.16066,0.084576,0.06281,0.10335,0.03889,0.16232,-0.040197,-0.10448,0.15577,0.12127,0.061141,-0.16043,-0.16824,-0.047272
0.0054101,0.1013,-0.17011,0.13032,0.056019,0.20688,0.040459,-0.031597,0.022661,0.00010119,-0.068487,0.073928,-0.078654,-0.059382,-0.10956,-0.039944,-0.17424,0.00031138,0.096483,-0.17139,-0.069078,-0.079956,-0.0046718,-0.1131,0.051938,-0.10839,-0.010413,-0.074678,0.15892,-0.17709,-0.032196,0.2036,-0.090058,-0.13212,-0.014337,0.061666,0.098926,0.13543,-0.013681,-0.18827,-0.0050493,0.020282,-0.068932,-0.19316,0.031532,-0.077733,0.17746,-0.11792,-0.09833,-0.18758,0.11855,-0.24829,0.16547,0.15815,-0.14481,-0.12923,-0.074857,0.064466,-0.10064,0.18482,-0.019098,0.039394,-0.084555,0.048073,0.039825,-0.11697,0.17172,0.059617,0.19793,0.06335,0.11359,-0.014049,0.040721,-0.12183,0.095524,-0.091948,0.27162,0.14826,-0.045778,-0.0041437,0.15573,-0.31312,0.022167,-0.13435,-0.10385,0.096212,-0.11038,0.18021,0.1271,0.12846,-0.015904,-0.062355,0.0024618,0.075459,0.22538,0.10396,-0.095655,-0.10588,-0.11466,-0.24928
-0.012525,0.13309,-0.10567,0.20996,0.036653,0.20353,0.024335,0.0066337,0.072725,0.041363,-0.081854,0.022143,0.0094742,-0.014721,-0.04862,-0.11787,-0.19121,0.041165,0.031445,-0.1336,-0.050082,-0.021153,-0.046299,-0.090844,0.085701,-0.049266,0.035936,0.0038808,0.17699,-0.27242,0.033142,0.13852,-0.1394,-0.098895,-0.015386,0.031122,0.066376,0.044376,-0.05625,-0.09443,-0.017148,0.14176,-0.041448,-0.11846,-0.016739,-0.063516,0.073925,-0.11549,-0.1884,-0.13901,0.13035,-0.19148,0.20732,0.15049,-0.18201,-0.073518,0.025557,0.15595,-0.076923,0.1903,0.02575,-0.075834,-0.10012,0.044854,0.005906,-0.1844,0.20741,-0.044479,0.17236,0.00023218,0.060649,-0.096968,0.12127,-0.13464,0.099912,-0.094622,0.24379,0.075308,0.035474,0.00010781,0.10217,-0.26608,0.01563,-0.012035,0.015746,0.13205,-0.028049,0.1991,0.066591,0.14887,-0.0090987,-0.0072165,-0.010027,0.023214,0.21701,0.13902,-0.10091,-0.086238,-0.15704,-0.18562
0.058055,-0.045702,-0.016575,0.1972,-0.052545,0.35492,-0.11962,0.18412,-0.04998,0.19254,0.018321,0.083005,-0.12501,0.052672,0.13945,-0.032037,0.19763,-0.10182,-0.05274,0.10364,-0.27759,-0.20159,-0.13488,-0.083111,0.049598,0.11592,0.048624,-0.070141,0.15802,-0.059738,0.022703,0.064959,-0.099042,0.027568,-0.080708,-0.097533,0.022571,-0.082716,-0.090882,-0.11219,-0.18651,0.18059,-0.098837,-0.12396,-0.022322,-0.14088,0.021602,0.069133,0.12953,-0.1967,0.1409,0.083362,-0.068944,-0.0066302,-0.11118,0.069915,0.14479,-0.024422,0.104,0.022096,-0.11577,0.02196,0.17178,-0.011567,-0.19454,0.14146,0.027386,-0.10576,0.084385,0.087355,0.12367,0.22784,-0.14675,-0.10805,-0.073786,0.19245,-0.18309,-0.0939,-0.080452,0.060387,0.039162,-0.13566,0.010692,0.11137,-0.096889,-0.049168,-0.12958,0.23245,0.031882,-0.046495,-0.029222,-0.12535,0.082719,-0.2561,-0.054628,-0.0582,0.063048,0.011719,-0.033491,0.014949
-0.067149,0.055888,-0.13317,0.019094,0.13303,0.14249,-0.11302,0.15179,0.2045,-0.012739,0.014159,-0.10222,-0.24119,0.073218,0.053368,0.12227,-0.19632,-0.044523,-0.18639,0.10355,-0.076059,-0.074746,0.078916,-0.056783,0.045966,0.0051496,-0.13925,-0.06179,0.021351,0.078332,0.0068529,-0.0058971,-0.079801,0.04114,0.045136,0.13469,-0.079736,0.15823,-0.062006,-0.22097,-0.1281,0.23346,-0.18394,-0.030471,-0.061903,0.15586,0.1065,-0.057416,0.068956,0.087492,-0.13356,-0.1561,0.03491,-0.040347,-0.14276,0.025509,0.025417,0.22924,0.027456,0.16137,-0.056657,0.17577,0.16923,0.10543,-0.20203,0.12119,-0.069698,-0.13924,-0.086583,-0.062414,-0.12535,-0.11202,0.08089,0.12592,0.0013102,-0.19056,0.063396,-0.18472,0.021799,-0.19813,-0.060471,-0.090077,0.12522,-0.068941,-0.082835,0.2246,0.071905,0.16715,0.18443,-0.049255,0.23619,-0.12567,0.021685,-0.13197,-0.095535,-0.094563,-0.005068,0.24808,0.21349,0.056015
0.048479,0.12646,0.014444,0.13479,-0.088324,0.25089,0.15762,0.20314,-0.10664,0.16834,0.21155,0.07581,-0.063969,0.10118,0.10698,0.14859,0.056939,-0.18002,-0.013995,-0.12941,-0.062637,-0.067915,-0.12853,-0.057827,-0.028067,0.16812,-0.037037,-0.18877,0.047478,-0.18058,-0.057774,0.027789,0.16839,-0.15475,-0.067629,-0.050532,0.07543,-0.03185,-0.095551,-0.1633,-0.10433,0.14353,0.016885,0.012395,0.019146,0.077693,0.009264,-0.23182,0.21053,-0.083538,0.026971,-0.049729,0.065918,-0.010682,0.087337,-0.16479,0.087571,-0.15987,-0.060311,-0.081267,-0.089866,-0.087668,0.056231,0.043173,-0.075153,0.014733,0.14826,-0.02842,-0.021392,0.06687,-0.065041,0.13218,0.076933,-0.080341,-0.067037,0.075422,-0.014974,-0.036813,0.052308,-0.021593,0.050963,0.05883,-0.10702,0.042165,-0.075163,-0.074459,-0.072404,0.18318,0.055308,0.023548,-0.066077,-0.11493,0.029153,-0.14615,-0.061,-0.0212,-0.0051352,-0.077971,0.0719,0.094061
-0.095427,0.13935,-0.008667,0.093714,0.21526,0.27579,-0.13879,0.073945,-0.034475,0.10429,0.011505,0.078156,-0.137,0.10324,0.068604,-0.17596,-0.011695,-0.086271,-0.23416,-0.030569,-0.070657,-0.032297,-0.21576,-0.030687,0.015106,0.024704,0.12408,-0.11838,0.043594,-0.095254,0.12928,0.019177,0.02336,0.16775,-0.072592,0.0085809,0.080179,0.10595,0.014785,0.0034017,-0.031179,0.028424,-0.22536,-0.29099,-0.025959,0.11448,-0.10984,0.22532,0.11654,-0.20462,0.13883,-0.22539,0.15272,0.11494,-0.038992,-0.14884,0.1322,-0.19174,-0.092231,-0.11005,-0.10181,-0.13214,0.080852,-0.00022061,0.1365,0.050263,0.2312,-0.010086,-0.0037797,0.18176,-0.048699,0.24663,0.077566,0.10161,-0.13133,0.027545,-0.12548,-0.085664,-0.16401,-0.038472,0.14958,-0.19579,-0.028317,0.010954,0.036036,0.12256,-0.2068,0.24246,-0.032441,0.054458,-0.022598,-0.0066044,0.079791,-0.088351,0.014477,-0.14389,-0.060442,0.011572,-0.077704,0.10189
0.069863,0.053115,-0.0066361,0.13109,0.035763,0.32151,-0.046177,0.029022,0.13264,-0.17194,-0.1451,0.018733,-0.13627,-0.074463,-0.1589,0.0091152,-0.15919,0.054072,0.12416,-0.03963,-0.075444,-0.05075,0.042843,-0.072022,0.15696,0.08999,-0.019933,-0.22076,-0.043962,-0.045928,-0.10412,0.16394,0.034509,0.058198,0.086455,0.0055832,0.18085,0.12315,-0.12895,-0.18559,-0.10863,0.0034632,-0.075449,-0.083079,0.16569,0.051744,0.21236,-0.061255,-0.15937,0.082181,0.13704,-0.27359,0.095212,0.081495,-0.13383,-0.072794,-0.037823,0.035829,0.035287,0.15592,-0.19062,0.093151,0.020952,0.079038,-0.12806,-0.13354,0.090958,-0.10601,0.070216,-0.0082503,0.13119,0.030347,-0.10725,-0.17734,-0.014467,-0.023908,0.20769,0.0046401,0.10182,-0.051222,0.050602,-0.23012,0.039307,-0.24693,-0.043059,0.12322,-0.077861,0.11908,0.19573,0.14413,0.0023162,0.054328,0.10723,-0.10566,0.077258,0.13433,0.050741,-0.095715,-0.20741,-0.16464
-0.11133,0.0051679,-0.15733,-0.26312,-0.073683,0.035626,0.089413,-0.21356,-0.123,0.45239,-0.1132,-0.0092856,0.041793,0.027179,0.17632,-0.0091128,0.061022,-0.19583,0.11564,-0.016402,0.24496,0.07753,0.18482,-0.1451,-0.1116,0.14695,-0.058031,-0.03439,0.14785,0.14702,0.070138,0.29014,-0.050561,0.01646,-0.13703,-0.036957,-0.061676,0.14262,-0.064415,-0.061888,0.21026,-0.16012,0.11928,0.0033142,-0.07561,-0.1277,-0.15013,0.010856,0.22481,-0.030934,-0.07424,0.018304,-0.041897,-0.02055,0.20402,0.0068208,-0.030448,-0.081942,0.0030676,-0.039518,0.047583,-0.21516,-0.1935,0.090503,0.13712,0.08455,-0.097509,-0.043867,0.1112,0.11467,-0.032221,-0.0046614,-0.31478,0.10837,0.021796,-0.010503,-0.13318,-0.1121,0.07935,-0.12078,0.11325,0.05836,0.025479,0.1277,0.37568,0.048872,-0.25968,0.31195,0.13741,0.084567,-0.057557,-0.15009,0.091363,0.14268,0.2297,0.23117,0.1085,0.0039682,-0.080434,-0.058099
0.014175,0.15836,0.1375,-0.054265,0.076981,0.020245,-0.084105,0.1585,0.29281,-0.082814,0.1182,0.011906,-0.079211,0.21856,-0.0058042,-0.081551,-0.22966,0.031947,-0.0003586,0.026884,-0.16671,-0.1776,-0.017455,-0.071197,-0.20935,-0.051268,-0.061669,-0.0065481,0.084202,-0.092214,0.092595,-0.2529,-0.10492,-0.075027,-0.033055,0.14323,0.012295,-0.035424,0.0062623,-0.19488,-0.12613,0.16578,-0.076683,-0.026909,-0.040218,0.078826,0.069272,-0.024216,0.020877,0.063045,0.038369,-0.14716,-0.078842,0.15239,-0.11991,-0.015147,-0.049307,0.12817,-0.11475,0.090468,-0.032293,0.14463,0.076998,0.072745,-0.27133,-0.028418,0.041136,0.013218,-0.013423,-0.078103,0.05457,0.10342,0.18748,0.11525,-0.082621,-0.061591,-0.03831,-0.23953,-0.1281,-0.12873,0.069402,-0.026203,0.13405,0.050156,-0.11667,0.062538,-0.15566,0.11819,0.10465,-0.1057,-0.0034304,-0.12002,0.078558,-0.18279,0.24398,0.07537,0.03389,0.16817,0.16386,0.028326
0.0016611,0.09674,-0.088766,0.11116,-0.0073332,0.254,0.12496,0.091681,0.28654,-0.16581,-0.23783,0.26531,-0.027803,0.057607,-0.15501,-0.097483,0.069623,0.017644,0.039099,-0.073001,0.11581,0.047921,0.11157,-0.19305,0.070416,0.21276,0.038431,-0.32309,0.17635,0.020484,-0.10314,0.058198,-0.00093265,0.0015294,-0.10589,-0.084063,0.15822,0.1703,-0.18039,0.0438,-0.34607,0.1459,-0.055451,-0.060313,-0.014928,0.1586,0.23591,0.09166,-0.37028,-0.066672,0.053036,-0.02069,-0.13305,-0.015501,0.040877,-0.020006,0.10648,-0.13841,-0.23928,0.13422,0.022468,0.13203,0.035226,0.042417,-0.080956,-0.10947,-0.10296,-0.09257,0.10412,0.12223,0.039659,-0.10824,-0.071113,-0.19926,-0.016063,-0.20212,0.078737,-0.12536,0.11902,-0.25638,0.15279,-0.34562,0.049578,-0.033644,0.14811,0.071932,-0.13188,0.14797,0.10447,0.13668,-0.054675,-0.1911,-0.035561,-0.17133,0.047905,0.16689,-0.071031,-0.18066,-0.005053,-0.13309
0.066102,-0.018779,-0.20744,-0.00069331,0.10139,0.052766,0.090147,0.066863,0.05029,-0.23994,-0.18363,0.092945,-0.14662,-0.16347,-0.1103,-0.027401,-0.13448,-0.04197,0.014897,-0.053869,0.065591,-0.13717,-0.017031,0.039478,0.090222,-0.076519,0.17817,-0.081375,0.059247,-0.25163,-0.05472,0.30937,-0.0074174,0.13167,-0.029595,-0.0042155,0.072256,0.12489,-0.12423,0.013906,-0.095772,-0.014347,0.0011165,0.069381,0.086726,0.10776,0.081746,0.14675,-0.13814,0.011405,0.057291,-0.17566,0.09742,0.088731,0.021733,-0.047337,-0.010815,-0.001982,-0.12451,0.23667,-0.096109,0.070903,-0.083109,-0.023342,0.039097,-0.051087,0.13597,0.087142,0.2651,0.037215,-0.14065,-0.046274,-0.072203,-0.25917,-0.023416,-0.13834,0.21593,0.17047,-0.043448,-0.013167,0.25137,-0.18798,-0.15333,-0.090146,-0.28712,0.070275,-0.16871,0.1147,0.16111,0.22622,-0.067359,-0.039354,-0.1109,-0.063713,0.069856,-0.025033,0.08024,-0.15624,-0.109,-0.14887
-0.16525,0.093575,0.028039,0.054969,-0.060092,0.11552,-0.088934,0.0088087,0.092446,0.18023,0.053619,-0.0060697,-0.082304,0.11047,-0.089495,-0.19399,0.12898,-0.072662,-0.052332,0.17025,-0.028268,0.061851,0.00020706,-0.30662,0.05807,0.18485,-0.058998,-0.17096,0.0050015,-0.19018,0.0041367,-0.10144,0.065597,-0.015496,0.095083,-0.22625,0.067019,0.022552,-0.032371,-0.10907,-0.16568,-0.025165,-0.08769,-0.047396,-0.080653,0.0074698,0.10043,-0.075788,0.087999,-0.1772,-0.0097408,-0.044506,0.095728,-0.13122,0.093304,-0.1223,0.092451,-0.095513,-0.072629,-0.094421,0.048746,-0.22682,0.0051453,0.074982,0.077316,-0.070358,0.077616,-0.15791,0.0035407,-0.044479,0.073717,0.15416,-0.11852,-0.12422,-0.19011,0.087838,-0.34986,-0.19889,-0.097711,-0.044928,0.071647,-0.016074,-0.20761,-0.0151,0.10263,0.14978,-0.12758,0.13275,0.043674,0.078434,-0.0047805,-0.10381,-0.055406,-0.14744,-0.0082341,0.037574,0.053873,0.00566,-0.033355,0.019867
-0.08904,0.21188,-0.016383,0.13825,-0.12659,0.22442,0.049395,0.1949,0.11911,0.10185,0.0010627,0.12668,-0.19533,0.03749,0.064806,-0.097334,-0.13401,-0.17992,-0.14728,0.061721,-0.12115,-0.062696,-0.035142,-0.18344,0.095154,0.069404,-0.012467,-0.088401,-0.091791,-0.069026,0.047047,0.1275,0.080012,0.0083694,-0.036426,-0.1653,0.062986,0.015473,-0.053028,-0.002934,-0.22128,0.042523,-0.15706,-0.0050773,0.0029004,0.0596,0.079595,-0.066858,0.10961,-0.091089,0.03131,-0.13329,0.11391,0.00066651,-0.06517,0.020566,-0.053792,-0.088965,-0.049048,-0.052967,0.009701,-0.037576,0.22813,0.073491,-0.22152,0.0668,0.074989,0.053142,0.11585,0.080781,-0.03364,0.11808,-0.17573,-0.15584,-0.14431,0.013143,-0.085069,-0.16389,0.10318,-0.018894,0.012919,0.16083,-0.26325,0.056908,-0.013554,-0.013209,-0.020736,0.1368,0.074298,0.0066504,0.031445,-0.061686,-0.038003,-0.15503,-0.019279,-0.065238,-0.065779,-0.0057798,0.090542,0.16805
-0.12762,0.16155,-0.15615,0.1201,0.031909,0.059424,-0.13746,0.17171,0.27368,0.057007,0.021468,0.14371,-0.22896,0.050617,-0.068703,0.0063353,-0.1731,0.18374,-0.105,-0.14027,0.079521,0.0046841,0.10444,-0.03645,-0.067132,0.022376,-0.22061,-0.08067,-0.0029873,-0.014474,0.036423,-0.0014247,-0.09143,0.0058816,-0.075442,0.12747,-0.00074325,0.1476,0.18305,-0.08853,0.089305,0.12277,-0.19252,-0.018018,0.05349,0.29,0.025583,0.049422,0.085715,-0.0066597,0.065881,-0.22723,0.030159,0.01725,-0.11041,0.09401,-0.022021,0.058979,-0.11282,0.090371,-0.12309,0.17976,-0.042716,0.21566,-0.0058518,-0.073872,0.0041228,0.14052,-0.11057,0.14117,0.11728,-0.056409,0.0010602,-0.12454,-0.078579,-0.16167,0.047068,-0.11437,-0.097578,-0.10398,0.17718,-0.15619,-0.069494,-0.08271,-0.055596,0.19192,0.010662,0.087381,0.12837,-0.14423,0.19293,-0.092947,0.035472,-0.061484,0.15368,0.18958,0.28463,0.30654,0.1615,0.010547
0.032938,0.24274,-0.079205,0.066951,0.039514,0.25977,-0.064153,0.26814,0.14691,0.06554,0.10095,-0.010501,-0.28617,0.13662,0.042885,0.03681,-0.17737,0.023931,-0.1492,0.078223,-0.091945,-0.10843,0.18806,0.024672,-0.016465,0.0090091,-0.16399,0.030519,0.042598,0.015461,-0.087166,0.086445,-0.050824,0.064473,-0.097493,0.14992,-0.073056,0.1431,0.0317,-0.29185,-0.11672,0.14748,-0.21184,0.086469,0.046279,0.075272,0.024409,-0.10617,0.12194,-0.092602,0.023958,-0.25488,0.014004,0.086456,0.066192,0.011423,-0.14066,0.17279,0.056626,0.018844,-0.23815,0.17465,0.012604,0.097773,-0.11094,0.0032963,0.041252,-0.086101,0.13025,-0.034216,0.074532,-0.029216,0.056779,0.011257,-0.043956,-0.19193,0.069899,-0.21041,0.044304,-0.17426,-0.02632,-0.079722,0.027693,-0.018715,-0.12145,0.08766,-0.0011173,-0.091686,0.13821,-0.22489,0.15416,-0.037752,0.031224,-0.11722,-0.04246,0.10626,0.043417,0.13887,0.12471,-0.054318
0.17202,0.053662,-0.099197,0.12417,0.23314,0.057919,0.14384,0.080738,0.013407,-0.089324,-0.16586,-0.010143,-0.2635,0.059406,-0.048511,-0.0038049,0.08505,0.20449,-0.13694,-0.18426,0.045765,-0.071484,-0.077838,0.033435,0.12478,0.043232,0.17149,-0.0048323,0.13012,-0.21261,0.1464,0.11866,-0.27004,0.36825,-0.28213,0.029216,0.093892,0.1164,-0.096572,-0.026349,-0.012559,-0.016992,0.004766,-0.0023,0.14435,0.18069,0.18945,0.19446,-0.2265,-0.10235,0.083873,-0.17855,-0.17425,0.16576,0.094666,-0.067828,0.15469,-0.03577,-0.13831,0.018837,-0.20741,0.045073,-0.012444,-0.078627,0.13132,-0.060679,0.090053,-0.032572,-0.072196,0.060528,-0.068446,-0.051116,0.22094,-0.098579,0.087848,-0.33026,0.31014,0.036858,-0.023309,-0.21403,0.42749,-0.14479,9.6246e-05,-0.065823,-0.050772,0.12433,0.027548,0.34377,0.20472,0.22812,-0.051421,-0.055036,-0.035401,-0.26989,-0.033432,-0.11951,0.1856,0.18214,-0.20035,-0.11594
-0.082361,0.17169,0.10421,0.07778,-0.082124,0.23253,-0.027196,0.20436,0.21361,0.13012,-0.0099243,0.062188,-0.041165,0.12047,0.10678,-0.017044,0.28202,0.057331,0.059893,0.047669,-0.14812,-0.089037,-0.10033,-0.079899,-0.11132,-0.067176,-0.10819,-0.10872,0.075176,-0.090609,-0.12445,0.12311,-0.032147,0.086245,-0.061971,-0.048422,0.16294,-0.1157,0.048041,-0.029884,-0.24424,-0.11668,-0.055659,-0.20218,-0.065061,0.17675,-0.023525,-0.079059,0.070085,-0.28054,0.04557,-0.17704,0.13501,0.068789,-0.010662,-0.12748,0.098214,0.029214,0.040177,0.078015,-0.047702,0.037337,-0.20469,0.136,0.05584,0.043252,0.055192,-0.084839,-0.13763,0.19812,0.13896,0.36497,0.019205,0.014121,-0.16666,0.064326,-0.22457,-0.1059,-0.046165,-0.02899,0.084053,-0.11842,-0.080457,0.15187,0.05539,0.10636,-0.094769,0.17522,0.15493,0.01414,-0.016925,-0.10702,0.027587,0.028432,0.023403,-0.078512,-0.02923,0.05787,-0.089704,0.055476
0.1083,0.046709,0.067064,0.19331,0.1919,0.1311,-0.15885,0.1301,0.26389,-0.14438,-0.091452,0.0042725,-0.1266,0.19048,0.058146,-0.0076133,-0.19169,0.079604,0.057858,0.084892,0.047015,-0.091533,0.11071,-0.092007,-0.031755,0.18045,-0.15509,-0.14502,0.0048634,0.0030419,-0.0051402,-0.094391,-0.013258,-0.0059863,0.045141,0.13453,0.0026491,0.07848,-0.11163,-0.27738,0.03841,0.044622,-0.14195,0.12347,0.11715,0.2418,0.015485,-0.050735,0.0096373,0.14686,0.021002,-0.26723,0.10092,0.096014,-0.0032216,-0.061506,-0.060842,0.13062,0.05797,0.18608,-0.18561,0.14355,0.10875,-0.0080165,-0.18456,0.070016,0.057814,-0.16665,-0.11036,0.050558,0.014269,-0.012213,0.055364,-0.044227,-0.083627,-0.028503,0.093779,-0.28833,0.059561,-0.071484,-0.12896,-0.2389,0.11917,-0.0043842,-0.067169,0.14783,-0.019135,0.045618,0.12765,0.087057,0.11233,0.0059669,0.069593,-0.14767,-0.028806,0.026216,0.075824,0.22254,0.047695,0.0055205
-0.073316,0.18222,-0.036121,-0.084972,0.0095156,0.039819,-0.086369,0.19168,0.096613,0.039199,0.076637,0.036065,-0.1112,0.18462,0.15477,-0.0017871,-0.065701,0.10971,-0.11046,-0.22411,-0.1094,-0.097071,-0.058514,0.053216,-0.27207,-0.10862,0.022761,0.0062558,0.019346,-0.029757,0.060498,-0.096169,0.10453,-0.11508,-0.16814,0.11485,-0.13067,0.12114,-0.042692,-0.084168,-0.095071,0.15561,-0.077518,-0.043731,0.062614,0.18168,-0.049599,-0.10088,0.15525,-0.11333,0.02338,-0.13252,0.094458,0.010497,0.11724,0.048495,-0.062306,0.027772,0.033787,0.11037,-0.17626,0.17468,0.0091044,0.028159,-0.092123,-0.061705,-0.051284,0.0048776,0.093435,0.082398,0.066571,0.070209,0.17742,0.12528,-0.072196,-0.095834,0.067859,-0.10374,-0.10324,-0.23611,0.015572,0.012778,0.056793,0.030869,0.0059744,0.073811,-0.13132,0.1741,0.17468,-0.020296,-0.079972,-0.1882,0.075082,-0.04412,0.095416,0.066316,0.20015,0.23871,0.086216,0.03811
-0.070186,-0.093322,-0.10031,0.053918,0.036709,0.16104,0.14432,0.092634,0.16874,0.095322,-0.02137,0.036448,-0.17252,0.059446,-0.031558,-0.059813,0.073231,0.14374,-0.17151,-0.097574,-0.24423,-0.18142,-0.039179,0.017704,0.17544,-0.04752,-0.044357,0.080353,-0.013751,-0.29412,0.13452,-0.19868,-0.028834,-0.045251,-0.089525,-0.021007,0.0078297,-0.11687,-0.11543,-0.16159,-0.25815,-0.10386,0.043447,0.0175,-0.040758,0.11382,-0.03485,-0.035829,0.11209,-0.0579,0.033213,-0.26789,0.054961,0.072907,0.043305,-0.040191,0.10312,-0.073022,0.0042426,0.063489,-0.094768,-0.076448,0.24864,-0.13959,0.15653,0.080374,0.18661,0.012602,-0.067508,-0.19115,-0.054222,0.11117,0.071429,-0.13563,-0.1777,0.2069,-0.25673,0.05997,-0.016462,-0.0095625,0.036282,-0.012656,-0.21329,0.12346,-0.14542,0.15428,-0.1451,0.09964,0.073217,0.052469,-0.23042,-0.17822,-0.16609,-0.11625,-0.0097816,-0.22899,-0.028091,-0.069475,0.062001,0.28349
0.0026205,0.14852,-0.1827,0.14294,-0.11962,0.14455,-0.05752,0.33492,0.11107,-0.052613,-0.011281,0.022143,-0.20204,0.12236,-0.022597,-0.051732,0.14534,0.056659,-0.15203,-0.034477,-0.037259,-0.092392,-0.068177,-0.181,-0.033256,-0.028792,-0.082075,0.027836,-0.057555,-0.05741,0.054444,-0.13906,0.033213,0.11265,0.055752,-0.040756,-0.028956,-0.021602,0.040654,-0.15008,-0.26617,-0.050444,-0.033899,-0.13896,0.045712,0.053608,-0.065758,-0.087362,-0.0050571,-0.1497,0.30759,-0.27881,0.054596,0.15408,0.061091,-0.21505,0.12352,0.084285,-0.074425,0.062723,-0.0086848,-0.19564,0.13326,0.10902,0.032946,-0.070699,0.11097,-0.08856,-0.0042513,0.21399,0.0062844,0.16466,0.070313,-0.12786,-0.21016,0.10426,-0.18733,-0.1199,-0.11342,0.00039476,0.11432,-0.18475,-0.07403,0.078561,0.10479,-0.047691,-0.20982,0.10886,0.023135,0.079656,-0.097857,-0.094989,-0.087653,-0.12672,0.056669,-0.14725,0.064258,-0.11027,0.015117,0.20565
0.056064,0.019938,0.043322,0.10928,0.18288,-0.024745,-0.10274,0.11663,0.059483,0.040148,-0.049432,-0.02257,-0.28716,0.011082,-0.109,-0.026841,0.038204,0.0591,0.0040991,0.029821,-0.10876,-0.04101,0.001287,-0.093898,0.029632,0.13326,0.14505,0.049459,-0.0094648,0.03684,-0.11085,-0.19127,-0.18713,0.14252,0.05177,-0.15903,0.12405,0.14078,-0.051076,0.12141,-0.20951,0.11158,-0.30744,-0.15482,0.072066,0.28714,-0.047998,-0.028864,0.059612,-0.0078284,0.10711,-0.20488,0.034563,-0.012924,-0.12616,-0.040412,0.050169,0.039504,0.13551,-0.094736,0.039921,-0.070199,0.13946,0.091114,-0.046325,-0.062396,0.060934,-0.13087,-0.070939,0.3051,-0.084253,0.037461,0.058668,0.076488,-0.23913,0.074504,-0.036626,-0.12455,0.034583,0.058614,-0.018418,-0.09048,-0.07276,0.049892,-0.18267,0.16121,0.088727,0.057873,0.041001,0.04233,0.15456,-0.1144,-0.13719,0.036764,-0.059328,-0.09872,-0.1376,0.12798,-0.17943,0.1092
-0.041255,0.085942,-0.29925,-0.1225,0.15931,0.082872,0.017821,0.10613,0.033525,-0.15005,-0.25685,0.038385,0.022799,0.13999,0.10418,-0.041013,-0.24096,-0.012222,-0.073181,0.01271,0.10516,-0.065393,0.14355,0.13132,-0.17689,0.015082,0.0073756,-0.090799,0.023274,-0.092337,-0.021579,0.057902,0.018007,0.15232,-0.12876,0.19498,-0.11444,0.039225,-0.23027,-0.02666,-0.096497,-0.025749,-0.10899,0.04373,0.013339,0.24987,-0.0046876,0.053643,-0.024098,0.074922,-0.016947,-0.13562,0.083678,0.017466,-0.10029,0.077626,-0.053913,0.27453,0.12182,0.11755,-0.14254,0.14637,0.017969,0.023607,-0.070007,0.11298,-0.093551,-0.064619,0.061816,-0.0089403,0.077624,-0.11095,-0.08029,0.04618,0.014427,-0.057231,0.060042,-0.28901,-0.061916,0.056776,0.13889,-0.13034,-0.030494,-0.017384,-0.14462,0.086078,-0.080914,-0.023426,0.26637,-0.02711,-0.11399,-0.12955,0.012555,-0.078042,0.019356,0.20075,0.21777,0.22867,0.138,0.064922
0.018008,0.02746,0.039582,0.19628,0.012393,0.25945,0.066055,0.040355,0.087165,-0.14248,-0.14,0.097877,-0.10918,-0.038469,-0.1888,-0.089532,-0.15508,0.24439,0.096441,0.044119,-0.10154,-0.049072,-0.075767,-0.12373,0.12481,0.069571,-0.035915,-0.20762,-0.054511,-0.1017,-0.03845,0.065262,-0.007502,-0.00015559,0.022401,0.046254,0.10956,0.026921,-0.21396,-0.059989,-0.11252,0.16725,-0.14322,-0.23074,0.075988,0.14691,0.08829,-0.17124,-0.2656,0.097585,0.10953,-0.23733,0.12849,0.17371,-0.13629,-0.073028,0.0049246,0.059607,0.0032182,0.1057,-0.11834,0.022777,-0.06303,0.13349,-0.13377,-0.1749,0.055856,-0.20689,0.17371,-0.052222,0.13803,-0.046414,-0.062219,-0.098026,0.0016837,6.317e-05,0.17706,0.040036,0.16282,-0.0034966,0.026537,-0.16056,0.093064,-0.1432,0.0055008,0.13618,0.039307,0.12613,0.02264,0.099949,-0.016672,0.010735,-0.0017903,-0.19259,-0.02287,0.018539,0.16652,-0.068591,-0.22511,-0.18466
-0.024173,0.077843,0.052344,0.12821,-0.049395,0.24764,0.069515,0.12653,0.22828,-0.18307,-0.062667,0.0053434,-0.079333,-0.03486,-0.039598,0.054886,-0.14918,0.15954,-0.015699,0.14653,-0.056368,-0.023376,0.059174,-0.089683,0.19141,0.1344,-0.0012765,-0.13123,0.059574,-0.1187,-0.099207,0.040508,0.12295,0.0053553,-0.078305,0.099961,0.099372,-0.12445,-0.16139,-0.05137,-0.035149,0.16163,-0.11268,-0.058288,0.13304,0.11093,0.17455,-0.14356,-0.31554,0.0069338,0.095864,-0.1486,0.078031,0.097174,-0.11942,-0.122,0.035964,0.039526,0.10202,-0.013095,-0.070352,0.075763,0.051757,0.14437,-0.13734,-0.26603,-0.038488,-0.040307,0.10049,-0.027471,0.065665,0.0079649,-0.064001,-0.14043,0.013637,0.03736,0.14422,-0.009067,0.067349,-0.03998,0.07334,-0.19822,-0.046257,-0.11921,0.074308,0.15468,0.11797,0.13025,0.22712,0.078599,-0.12279,-0.041248,0.070608,-0.2155,0.07487,0.12625,0.12325,-0.095792,-0.19761,-0.088137
