0.00057581,-0.017793,-0.077384,-0.049237,-0.0073285,0.28086,-0.01053,0.072835,0.10139,0.10788,0.097145,0.041295,0.048009,0.019362,-0.074092,-0.0068557,0.01635,0.022977,-0.18134,0.15152,-0.22076,-0.24578,0.11227,-0.051415,0.093078,0.16241,0.091201,-0.15361,-0.037045,-0.24528,0.050282,0.031125,-0.049291,-0.0036973,0.086929,-0.078194,-0.027066,0.015348,-0.10671,-0.052466,-0.19813,0.096522,-0.067421,0.05903,-0.023195,-0.032253,-0.093231,-0.25577,-0.02928,-0.18351,-0.038237,-0.12298,0.19624,0.072904,-0.18775,0.1724,0.032701,-0.010802,-0.064877,-0.19135,-0.1649,-0.093855,0.14491,-0.039013,0.043541,-0.05789,0.11391,-0.024439,-0.08505,0.10591,0.066523,0.21531,0.060032,-0.10644,-0.012042,0.083293,-0.30831,-0.17124,-0.0020971,-0.031658,-0.1838,0.17688,-0.15111,-0.041085,-0.18509,0.22267,-0.093186,0.24424,0.11718,0.13327,-0.087668,-0.0066975,0.01506,-0.056031,-0.16033,-0.11171,-0.14507,-0.017016,0.037739,-0.048682
-0.023306,0.08579,-0.15921,0.20737,-0.15497,0.04635,0.10082,0.081343,0.10036,0.001968,-0.11157,0.02364,-0.093773,0.029228,0.086433,0.059355,0.081914,0.068256,-0.056746,-0.016719,-0.037505,-0.11312,0.016445,-0.25549,0.11326,-0.0082286,-0.15486,-0.18379,0.079661,-0.16383,-0.14412,0.17159,0.066387,-0.046501,0.041788,-0.01317,0.14964,0.1221,-0.15957,0.042514,-0.21565,0.22645,0.0388,0.062709,0.082813,0.09338,0.12597,-0.079463,-0.26042,-0.22365,0.0061771,-0.18125,0.041544,0.016367,-0.17884,-0.20673,-0.097449,-0.087414,0.015267,0.031516,-0.0094898,-0.0050372,-0.059421,0.2467,-0.0068036,-0.13045,0.15233,-0.081611,0.19367,0.08229,-0.037362,-0.017189,0.060698,-0.14625,-0.091854,-0.068068,0.14146,0.069622,0.16207,-0.1477,0.14534,-0.31015,0.1053,0.049175,-0.032283,0.28042,-0.063852,0.046845,0.26177,0.027815,-0.090681,-0.14734,-0.072113,-0.20742,0.085277,0.26706,-0.007274,-0.15366,-0.20345,-0.066502
0.070333,0.12829,0.12918,0.05342,-0.0076507,0.18304,0.037712,0.24102,0.1662,0.060657,0.038634,-0.00050361,-0.14349,0.04396,0.063788,-0.083057,0.025171,0.038609,0.090603,0.20724,-0.05798,-0.21485,-0.14515,-0.29543,0.014895,-0.046884,0.041187,-0.078417,-0.099942,-0.12518,0.011682,-0.077364,-0.04795,0.12621,-0.0016393,-0.083366,0.084375,-0.098543,0.0093183,-0.078123,-0.22934,0.086151,-0.14859,-0.044555,-0.015215,0.20182,-0.017542,-0.03861,0.091075,-0.1617,0.078214,-0.2104,0.12598,0.11639,-0.034594,0.071907,0.091509,-0.055715,-0.024035,-0.050928,-0.0044059,-0.057244,0.089663,0.10274,0.073777,-0.014156,-0.030336,-0.15494,0.012791,0.30041,0.052928,0.15565,-0.16966,-0.13949,-0.17782,0.077293,-0.34853,-0.10647,-0.039673,0.0069617,0.10118,-0.017738,-0.14323,0.047151,-0.037237,0.08569,-0.069501,0.20784,0.20282,0.15459,0.054475,-0.052602,-0.0047022,-0.20028,-0.039518,-0.080944,-0.050326,0.0010234,-0.059543,0.11832
-0.14007,0.15507,-0.033885,0.17643,0.0015044,0.24983,0.053896,0.10398,0.093691,0.19458,0.078352,0.011541,-0.0021562,0.026732,0.093824,-0.10121,0.065022,0.0058579,0.11078,0.15505,-0.081613,-0.1064,-0.26055,-0.22716,-0.057432,0.058432,-0.10257,-0.13095,0.011499,-0.021019,-0.020166,0.031642,-0.12856,0.061431,-0.031904,-0.062515,0.081645,-0.14044,0.014722,-0.13635,-0.23642,-0.040006,-0.014599,-0.028377,-0.091827,0.054329,0.11613,0.10652,0.059779,-0.23294,0.093348,-0.18227,0.17749,0.079113,-0.037316,-0.059859,0.094293,-0.15013,-0.018916,0.0085576,0.015248,-0.16719,0.14725,0.13717,-0.057178,-0.053396,0.050786,-0.11035,-0.057092,-0.0039219,0.094664,0.29813,-0.040749,0.029506,-0.076913,0.15794,-0.17016,-0.19606,-0.11543,0.028543,-0.025509,0.01406,-0.020535,0.04785,0.017745,0.10071,-0.16521,0.18152,-0.01369,0.0026179,0.1759,-0.00044118,-0.0042523,0.018478,0.11471,-0.20431,-0.0041478,-0.098248,-0.055374,0.099403
0.11297,0.050743,0.34981,0.082976,0.059408,0.17626,-0.074989,0.039432,0.17147,-0.21603,-0.16181,0.19155,-0.13806,0.22424,-0.10845,-0.023231,0.04817,0.26227,-0.14867,-0.21345,-0.186,0.14091,-0.1575,-0.013995,0.15189,0.089256,0.10631,0.12319,0.14167,-0.17435,0.011552,0.10105,-0.23186,0.25867,0.033074,0.056525,0.080661,0.19453,-0.18263,-0.32156,-0.18726,-0.01988,0.044831,0.070536,-0.017551,0.335,0.27064,-0.059999,-0.45386,-0.13288,0.093011,-0.26819,-0.029358,0.20254,-0.22231,-0.035323,0.021015,0.079353,0.036904,0.12988,-0.075841,-0.033936,0.10883,0.095174,0.045815,-0.12764,0.056693,-0.021419,0.13066,-0.073855,0.072543,-0.068452,0.11643,-0.30943,-0.056521,-0.11448,0.23527,-0.017252,-0.002306,0.049382,0.36682,-0.14197,0.01189,-0.22285,-0.20647,0.042041,0.11912,0.11686,0.12337,0.26286,-0.0017454,-0.027974,-0.18754,-0.19691,0.17133,0.026342,-0.053184,0.09591,-0.09826,-0.12281
0.073581,0.074056,-0.00053497,0.056534,-0.05062,0.051654,-0.0030021,0.075176,0.10174,0.13287,-0.25462,-0.026903,-0.064482,0.054159,0.059249,-0.20958,0.17803,0.1371,-0.08895,0.021052,-0.30842,-0.009839,0.0082143,-0.23978,-0.0082184,0.085367,0.041659,0.010882,0.12721,-0.032148,0.057171,-0.096453,-0.026778,-0.0333,-0.21745,0.036769,0.099831,0.02782,-0.10947,-0.14413,-0.20658,0.15906,-0.069577,-0.1733,-0.020912,0.063665,0.035139,-0.0059585,0.11492,0.005518,0.12876,-0.16119,0.051501,-0.085801,-0.041723,0.071764,-0.022223,0.053136,0.086686,0.067254,0.026656,-0.0052535,0.16978,0.019919,-0.1484,0.026704,0.093477,0.032785,0.060589,-0.011234,-0.057443,0.11321,-0.11163,0.12391,-0.11066,0.0035663,-0.096007,-0.22542,0.09781,0.1259,0.032076,-0.077517,-0.15837,0.083112,-0.21997,0.034664,-0.046322,0.0019715,0.256,0.12644,-0.046682,-0.24198,-0.1031,-0.025847,0.076333,0.062705,0.093821,-0.06561,-0.084148,0.12485
0.034728,0.020876,-0.07345,0.18809,0.17931,0.13441,-0.15041,0.042731,0.22721,0.2297,0.0060014,0.16255,-0.047837,0.11178,-0.1362,-0.010582,-0.20114,0.12012,-0.24099,-0.076144,0.011428,0.0016083,0.0051207,-0.026694,-0.13862,0.0080998,0.040562,0.078107,-0.16366,-0.030864,-0.082156,0.028498,-0.21932,0.21576,0.1211,0.2701,-0.038784,0.15401,-0.1146,-0.02684,-0.072346,0.092913,-0.30436,0.018482,0.083103,0.20486,-0.13168,0.096026,0.099129,-0.0014842,0.12128,-0.23959,0.15077,0.059481,-0.021437,-0.084285,-0.10267,0.051959,-0.15811,0.086981,-0.0069628,-0.025997,-0.072693,0.059596,0.048292,0.10453,-0.13471,-0.07091,-0.035764,0.19954,0.081844,0.13356,0.18327,0.027312,0.018568,-0.11841,-0.10363,-0.076166,-0.13437,-0.056593,0.13871,0.093607,0.13211,-0.12966,-0.14815,0.22645,-0.15291,6.2506e-05,0.051988,-0.047498,0.028154,-0.1017,0.014321,0.078495,-0.24371,0.29689,0.10188,0.15375,0.13841,-0.033732
-0.085401,0.16043,0.029304,-0.19008,0.0096987,0.035301,0.090923,0.086963,0.045714,-0.033899,0.087829,-0.1355,-0.034252,0.25254,0.141,0.015772,-0.11492,0.064966,-0.17789,-0.080032,-0.031217,-0.082525,-0.047126,0.047617,-0.28209,-0.063345,-0.020678,-0.096856,0.069229,-0.056996,0.068614,-0.11004,0.045399,-0.19879,-0.046106,0.073442,-0.068315,0.07522,-0.020481,-0.046441,-0.21075,0.20457,0.062023,0.12301,-0.010512,0.12512,-0.032877,-0.094262,0.15432,0.054955,-0.062863,-0.08731,-0.029984,0.0077139,0.15574,-0.050554,-0.11971,-0.032816,-0.0427,0.052545,-0.013196,0.1473,0.13228,0.0039806,-0.052211,-0.063348,0.056818,-0.14855,-0.084544,-0.076304,-0.058019,-0.0064606,0.077151,0.09859,-0.01792,-0.16232,-0.090946,-0.24907,-0.070969,-0.18275,0.070246,-0.056328,0.087719,0.036946,-0.019116,0.047364,-0.079186,0.10493,0.20238,-0.023262,-0.092001,-0.10561,-0.10577,0.031589,0.16494,0.037262,0.11467,0.14806,0.044555,0.028688
-0.025972,0.033518,0.15977,0.061951,-0.049534,0.23846,-0.17011,0.135,0.215,-0.0079761,0.10481,0.0019198,-0.26641,0.024057,0.060706,-0.055505,0.068007,-0.019969,-0.095209,0.03535,-0.085522,-0.050255,-0.10028,-0.16941,0.098055,-0.027624,0.12595,-0.1171,-0.093564,-0.13632,0.021748,0.042427,0.010458,0.19719,0.074302,-0.23524,0.10187,-0.034475,-0.08903,-0.28864,0.029427,0.10701,-0.1233,-0.12396,0.018701,0.13065,-0.089473,-0.039392,0.10094,-0.15889,0.075144,-0.13642,0.15497,-0.0089498,-0.020297,-0.073716,0.11648,-0.046864,0.029396,0.016355,-0.1116,-0.034839,-0.041877,0.031381,0.06281,0.13556,-0.069139,0.057422,-0.038326,0.14562,-0.035288,0.20899,-0.16675,-0.17097,-0.068435,0.10859,-0.31418,-0.032389,-0.13529,0.11167,0.066988,-0.22718,-0.19393,7.1534e-05,0.04049,0.078641,-0.066875,0.25474,0.13922,0.16635,-0.020896,-0.11896,-0.085066,-0.1743,0.0076001,-0.024498,0.053724,-0.05946,-0.016207,0.166
0.060295,0.065937,0.13663,0.21147,0.014831,0.19687,-0.0024437,0.04304,0.19754,-0.11017,-0.11309,0.018608,-0.10876,-0.030148,-0.17476,-0.1154,-0.12002,0.23367,0.06231,-0.035893,-0.07395,-0.059063,-0.039746,-0.1192,0.15438,0.12014,0.022125,-0.22966,-0.060139,-0.07224,-0.0085545,0.1235,0.018132,0.074683,0.0075254,0.029165,0.14363,-0.0019042,-0.12521,-0.04271,-0.091447,0.16331,-0.092852,-0.14722,0.033368,0.16293,0.03937,-0.084334,-0.23918,0.13887,0.051835,-0.26435,0.012875,0.18518,-0.044734,-0.081653,0.11216,0.17312,0.0072865,0.17058,-0.12889,0.074199,-0.0012942,0.10833,-0.18256,-0.22596,0.080602,-0.21012,0.16612,-0.076896,0.11677,-0.029392,-0.010012,-0.11668,0.019436,0.046814,0.15943,-0.012109,0.14555,0.012242,-0.063396,-0.16841,0.078083,-0.20651,-0.016276,0.10873,0.06656,0.173,-0.045415,0.099372,-0.029951,-0.0088365,0.0020295,-0.18661,-0.020608,0.04643,0.10932,-0.076005,-0.23024,-0.17728
0.11078,0.072809,-0.22187,0.10628,0.034038,0.18794,-0.05649,0.12242,0.16024,-0.051548,0.030502,0.064495,-0.23533,-0.16078,-0.20549,-0.034398,-0.14361,-0.17008,-0.037527,-0.12578,0.08763,-0.098644,0.020723,0.067985,0.12609,0.052508,0.12743,-0.10733,0.070248,-0.11325,-0.13171,0.24622,0.10626,0.1395,-0.029221,0.081204,-0.010675,0.13775,-0.039634,-0.1538,-0.16575,0.042048,0.062996,0.018012,0.087409,-0.029822,0.15291,0.055392,-0.2337,-0.16331,0.21296,-0.16753,0.093928,0.062423,-0.054576,-0.10581,0.022119,-0.083725,-0.041754,0.25801,-0.16711,-0.10367,-0.084313,0.035776,0.052905,-0.077481,0.096043,0.021311,0.21638,0.048816,0.090741,0.028676,-0.11473,-0.22121,-0.059445,-0.07688,0.11659,0.12337,0.032316,-0.13089,0.20755,-0.2146,-0.070397,-0.21823,-0.15551,0.071978,-0.23313,0.05691,0.24436,0.12083,-0.10121,-0.15002,-0.081781,-0.03621,0.064489,0.11325,0.13445,-0.060498,-0.0059234,-0.21126
0.013113,0.16243,0.063066,0.24081,-0.095736,0.27598,-0.091927,0.13039,0.20073,-0.054484,-0.1407,0.052697,-0.24173,-0.011206,-0.086195,0.080791,-0.15674,-0.12335,0.099878,0.03472,0.08892,-0.049483,-0.053649,-0.087925,0.18682,0.067433,0.11334,0.10248,0.082413,-0.048323,-0.060753,0.30994,0.016524,0.1661,0.13635,-0.071299,0.16246,0.17589,0.12939,-0.13096,-0.20829,0.22277,-0.058929,0.048622,0.13543,-0.07619,0.15965,0.011262,-0.01719,-0.038701,0.03914,-0.18646,0.1217,0.14016,-0.10028,-0.090184,-0.032352,0.052681,-0.057973,0.062821,-0.07312,0.14352,-0.091623,0.045977,-0.10304,-0.14527,0.058642,-0.058406,0.15796,-0.0010901,0.13992,0.076093,-0.035958,-0.1235,0.047222,-0.075857,0.21747,0.062616,0.04467,-0.06441,0.13148,-0.12605,0.0020061,-0.059762,-0.16961,-0.077524,-0.069851,0.012864,0.12084,0.089726,-0.063771,0.096504,0.1125,-0.057265,-0.009662,0.11342,0.17322,-0.086163,-0.1235,-0.076631
0.0041164,0.024701,0.077452,0.017207,0.088105,-0.066688,0.0024926,-0.0035274,0.011992,-0.19012,-0.060284,0.11645,-0.15443,-0.026136,-0.11543,0.060507,0.066731,0.18282,-0.0079955,-0.20861,-0.0034065,-0.063509,-0.10072,0.086749,0.2126,0.029932,0.13725,0.028608,0.20702,-0.14671,0.0064472,0.11401,-0.11638,0.084841,-0.15031,0.054087,-0.0029714,-0.18077,-0.068722,-0.066203,-0.090035,0.024459,-0.050771,0.043306,0.036094,-0.042477,0.17193,0.12234,-0.21828,0.039787,0.076749,-0.060529,0.026086,0.085156,0.020465,-0.044274,0.03724,0.11407,0.11824,0.14725,-0.06119,0.12153,0.067506,-0.022313,0.095156,-0.18352,0.20629,0.076039,0.13811,-0.1795,-0.20926,-0.073397,0.11591,-0.25811,0.0019576,-0.11658,0.21796,0.16849,-0.091868,-0.044144,0.27793,-0.16516,-0.08275,-0.080416,0.067301,0.092604,-0.14577,0.13949,0.23187,0.27104,-0.13886,0.032203,-0.019541,-0.12054,0.089049,-0.072235,-0.047219,0.014166,-0.11248,-0.051441
-0.0074129,0.12425,-0.11368,0.0029131,0.20532,-0.17956,-0.068999,-0.1464,0.037553,0.12624,0.074643,-0.14776,-0.10346,0.20439,0.025699,0.033133,0.036105,-0.035738,-0.21246,-0.23678,0.14655,0.026452,0.13475,-0.026035,-0.10185,0.026732,0.11725,0.23073,-0.022116,-0.15845,-0.056446,-0.21838,0.040758,-0.1282,-0.089276,0.016729,-0.13588,0.034831,-0.030638,-0.15043,-0.11709,0.18018,0.084897,0.066615,-0.14513,0.083381,0.084615,-0.25168,0.044695,-0.08616,-0.034651,-0.01813,0.067272,-0.078959,0.23035,0.083843,0.022302,-0.11766,0.068744,0.2371,0.018419,0.001435,0.12024,-0.077968,0.098814,-0.013296,0.075356,-0.040441,-0.0081947,-0.041644,0.0039224,0.015996,0.16748,0.074926,0.063012,-0.009953,-0.21587,-0.24697,-0.15654,-0.15899,0.14245,0.092932,0.088233,0.0081704,-0.22713,0.24165,-0.070911,0.17787,0.15951,0.11763,-0.020203,-0.23789,-0.055339,0.013656,0.10291,-0.039594,0.079968,0.065253,0.12477,0.089779
0.026362,0.019019,-0.16122,0.10755,0.10971,0.080196,0.1179,0.12461,0.042465,-0.24043,-0.044336,0.022304,-0.19043,-0.16162,-0.074492,-0.0027734,-0.05358,-0.13546,0.018569,-0.11265,0.095529,0.00099246,-0.072571,0.038485,0.1928,-0.10849,0.12906,-0.0027987,0.18917,-0.065406,0.062534,0.25701,-0.036306,0.13478,-0.13312,0.044746,0.14182,0.066933,-0.016519,-0.026522,-0.092898,0.074527,0.022137,0.068564,0.06339,-0.060871,0.16806,0.19457,-0.10342,-0.13974,0.060883,-0.087749,0.18496,0.19668,0.038851,0.083763,-0.040571,-0.0090816,-0.18442,0.27819,-0.18926,0.18882,-0.021375,-0.087874,0.020471,-0.082468,0.12533,0.15582,0.14466,-0.054811,-0.043783,0.0080946,0.064948,-0.27396,0.055258,-0.11979,0.28728,0.10446,-0.12287,-0.04493,0.20945,-0.11723,-0.11561,-4.1057e-05,-0.18861,-0.0047465,-0.11529,0.16598,0.071372,0.18237,-0.087871,0.0089345,-0.039412,0.0020643,-0.021877,-0.014971,0.16883,0.019027,-0.11745,-0.15056
0.20456,-0.12788,-0.034612,0.0098263,-0.018689,-0.048267,0.18188,0.14252,-0.031898,-0.10095,0.18254,0.11303,-0.13183,0.074682,-0.042013,-0.19288,-0.056894,-0.068307,-0.022962,-0.045772,-0.32602,-0.078996,-0.023916,-0.035054,-0.26607,-0.16134,-0.03356,0.026037,0.047803,0.0033239,0.12075,0.15245,-0.021573,0.00052876,-0.16232,0.19461,-0.043198,0.26186,-0.12202,-0.021961,-0.043679,0.12165,-0.030735,-0.035103,-0.0029296,0.021373,0.073387,0.16632,-0.090537,-0.067123,-0.067273,-0.23386,0.0053211,0.26409,-0.34121,-0.061921,-0.030308,-0.043001,0.060561,-0.049776,0.091857,0.15581,-0.01659,0.16726,-0.09023,0.0036236,-0.044741,-0.090871,-0.15121,-0.089684,0.10754,-0.071415,0.14303,0.030838,-0.090569,0.15448,0.015262,-0.14432,0.1072,0.11371,-0.080099,-0.10206,0.036075,-0.0019039,-0.19017,0.033556,0.0032355,0.071213,-0.039473,-0.063033,0.1015,-0.063451,0.057901,-0.11785,0.059604,-0.01536,0.038287,0.010993,-0.035967,0.15754
-0.11572,0.086767,-0.10722,0.20537,-0.042818,-0.075198,-0.045002,-0.086886,0.13719,-0.066233,-0.15094,0.18721,0.02387,-0.099332,-0.088943,0.14311,0.04032,0.061534,-0.049097,-0.18196,-0.1686,-0.075262,-0.032853,-0.057246,0.027476,0.094052,-0.18097,-0.036295,0.057198,-0.062869,-0.010617,0.24693,-0.077247,0.039313,-0.12233,-0.13073,0.20655,0.082569,-0.07083,0.0090522,-0.16949,0.12149,-0.11356,-0.11214,0.081366,0.14946,0.22687,0.032184,-0.34059,0.074605,0.044989,-0.22054,0.027342,-0.12905,-0.20948,-0.088343,0.0061643,-0.099864,0.0020861,0.095002,-0.021965,0.061999,0.19228,0.084023,-0.05908,0.090801,0.26677,-0.16148,-0.013645,-0.026893,-0.052698,0.11912,0.0050091,-0.21555,-0.11493,-0.1076,0.28716,-0.15372,0.10738,-0.046684,-0.017294,-0.17874,0.059367,0.10748,0.18403,0.13989,-0.083042,0.10124,0.12676,0.12372,-0.13185,0.061301,0.10071,-0.057937,0.26313,0.16832,-0.038779,-0.072349,-0.27099,0.10987
-0.11763,0.24074,-0.079535,-0.016962,-0.046364,-0.044499,-0.18796,0.19586,0.097545,0.101,0.035141,0.082533,-0.19729,0.24222,0.31563,-0.12184,-0.20437,0.0015384,-0.34462,-0.12601,-0.10736,-0.11505,0.05409,-0.087675,-0.30272,-0.17086,-0.26899,0.12506,-0.12201,-0.23042,0.1368,-0.17038,-0.1185,-0.072857,-0.068358,-0.095199,-0.10731,0.077694,-0.030953,-0.1176,-0.18824,0.057705,-0.089116,-0.12896,0.12105,0.16893,-0.11651,-0.0087071,0.0079581,0.066481,-0.081819,-0.20074,0.15973,-0.015126,0.078416,-0.1697,-0.08258,0.058538,0.048126,0.056453,-0.07066,0.026256,0.15157,0.18249,-0.0098988,-0.035444,0.048628,-0.12437,0.019752,-0.094408,0.13044,0.072789,0.03179,0.11818,-0.13618,0.049136,-0.16449,-0.13345,0.007432,-0.041268,0.010852,-0.24944,-0.20006,0.010345,-0.080857,0.12892,-0.18791,-0.071227,0.0382,-0.093436,0.023507,-0.039513,-0.030236,0.01082,-0.016499,0.26337,0.080455,0.08728,0.089563,0.10268
-0.0026974,0.19805,-0.07275,0.14325,-0.0022894,-0.01135,-0.1141,0.26523,0.10149,0.0083816,0.046688,0.00097045,-0.17855,0.15282,0.073576,-0.11861,-0.076722,0.10724,-0.18363,-0.047751,0.00039534,-0.00014527,0.060352,-0.1761,-0.28795,-0.030958,0.042513,0.049758,-0.10442,-0.09148,0.0044061,-0.11067,-0.056341,-0.10852,-0.10505,-0.081911,0.00063488,0.089097,-0.017222,-0.10516,-0.09434,0.043052,-0.19709,-0.14485,0.11505,0.29098,-0.15898,-0.042884,0.24452,0.043608,0.018959,-0.20096,0.020681,0.10099,0.091786,0.062399,-0.098253,-0.0079595,0.028895,0.023973,-0.070285,0.089475,0.039402,0.066995,-0.17442,-0.14748,-0.068984,-0.10664,0.095288,0.039084,-0.011139,-0.10393,0.067924,-0.047073,-0.085535,0.049532,-0.019154,-0.13375,-0.13519,-0.051871,0.071458,-0.048815,0.017901,-0.0874,-0.075688,-0.010714,-0.17998,0.093903,0.146,-0.10249,0.098949,-0.077591,-0.072872,-0.17343,0.051923,0.17897,0.1291,0.3092,0.0087696,0.1865
-0.0082719,-0.097882,-0.038768,-0.17597,0.097088,-0.017533,0.033743,-0.12739,0.039339,-0.040305,-0.023411,-0.045434,0.0053184,0.27404,-0.073999,0.013676,0.15244,-0.067307,-0.1067,-0.14568,-0.19505,0.089791,0.15759,0.12217,0.042989,-0.028063,0.039734,0.10502,-0.060727,-0.0032611,0.22342,-0.23273,-0.012946,-0.087352,-0.23062,0.034003,-0.32691,0.11538,0.060348,-0.030389,-0.0068381,0.039509,0.23447,-0.10838,0.0079063,0.10055,-0.0825,-0.019506,0.01935,-0.0049006,-0.070354,-0.021488,-0.22509,0.073573,0.1567,0.20685,-0.13482,0.067509,0.19923,0.26934,-0.076117,0.0031314,0.078619,-0.038607,0.15342,0.059642,0.035727,0.13824,-0.11542,-0.032206,-0.05907,0.045453,0.06293,0.0041606,-0.12022,0.080892,-0.17634,-0.26382,0.016317,-0.071786,0.016595,0.061698,-0.090337,-0.021646,-0.15766,0.061579,0.023778,0.042533,-0.0011146,0.027999,-0.15526,0.01934,0.065939,0.0058712,0.083891,-0.13863,-0.0587,0.073257,0.035702,-0.016823
0.13297,0.0085779,-0.086851,0.20323,0.0080277,0.20047,-0.054512,0.034844,0.035754,-0.11403,-0.070906,0.16861,-0.10901,0.014389,-0.041365,-0.13759,-0.020512,0.138,-0.17758,-0.016186,-0.15616,-0.073122,0.032656,-0.13153,0.13644,0.010327,0.22126,-0.066565,0.1228,-0.19605,-0.039206,0.28944,0.043463,0.0072725,-0.039381,0.10446,0.16012,0.11187,-0.055127,-0.17802,-0.08951,0.13666,-0.2302,-0.048705,0.15895,0.17615,0.04097,0.11222,-0.30975,-0.16965,0.19308,-0.28675,-0.059782,0.045885,-0.24444,-0.059357,-0.026537,-0.075016,-0.017795,0.11712,-0.069982,0.0625,-0.16865,0.068464,-0.010478,-0.23884,0.0072123,0.04111,0.13306,0.23782,0.13394,-0.11748,0.10844,-0.11549,-0.048342,0.095022,0.15458,-0.10046,0.078388,-0.017457,0.15029,-0.21189,0.090889,0.10154,-0.086895,0.25566,-0.024243,0.17783,0.3282,0.14221,-0.16118,-0.19795,-0.12744,-0.1566,0.11063,0.10559,0.054289,0.006654,-0.19893,-0.07381
-0.19978,-0.05565,-0.0698,0.2252,-0.0085097,0.17761,-0.073456,0.054575,0.0166,-0.24758,-0.20182,0.15702,-0.14569,0.041107,-0.029392,-0.05071,-0.10224,-0.15386,-0.068752,0.021887,-0.011415,-0.077436,0.083178,-0.19652,0.20476,0.069831,0.10038,-0.065113,0.054566,-0.10877,-0.069894,0.032618,0.00089604,-0.073756,0.041107,-0.08152,0.14435,0.033328,-0.13794,-0.081051,-0.084114,0.090565,-0.19447,-0.12113,0.21234,-0.012952,-0.015931,-0.035476,-0.2366,-0.084598,0.10798,-0.18794,0.14408,0.17305,-0.25251,-0.2129,-0.089131,-0.06962,-0.07231,0.18433,-0.12255,0.028689,0.055652,0.12796,-0.056381,-0.078033,0.05061,-0.18684,0.12641,0.12912,-0.020655,0.051103,-0.019532,-0.17225,0.015943,-0.018992,0.17513,0.074412,0.1778,0.19373,0.026992,-0.17969,-0.14541,-0.082996,-0.19221,0.087059,-0.065735,0.18346,0.18508,0.066146,0.066733,-0.065234,-0.030569,-0.071692,-0.10724,0.048425,0.067066,-0.040042,-0.25225,-0.11641
-0.083299,0.087195,-0.092145,0.034904,0.1429,-0.017105,0.11898,0.082141,0.25284,-0.063205,-0.09588,0.097936,-0.19207,-0.066468,0.013897,0.027595,0.13705,0.11437,-0.040942,-0.085243,-0.17764,0.045554,0.16621,-0.0582,0.20555,0.12777,0.12155,0.017782,0.085128,-0.22996,0.053168,0.27851,-0.1265,0.10259,-0.19983,-0.19838,0.22714,0.18035,-0.046948,-0.026213,-0.084251,0.024034,-0.1971,-0.12586,-0.12016,0.25518,0.21129,0.14602,-0.33612,-0.055057,0.14954,-0.23968,-0.0050693,0.050379,-0.2063,-0.038184,0.052069,0.058135,-0.047943,0.081499,-0.11319,0.1438,-0.13324,0.15237,-0.050314,-0.098699,0.14603,-0.0059786,-0.06209,0.081464,-0.060484,-0.0040732,0.1188,-0.23209,0.038361,-0.11352,0.11532,0.013383,-0.081227,-0.20364,0.17767,-0.1784,-0.010276,-0.2507,-0.025014,0.18094,0.05883,0.29293,0.11094,0.044342,0.13856,0.071236,0.044677,-0.30719,0.24033,0.14109,-0.026599,-0.15057,-0.16791,-0.11664
0.21038,0.11417,-0.083215,0.037668,-0.015574,-0.039466,-0.082014,0.025549,0.18278,-0.23785,0.16918,-0.13615,-0.3325,0.11309,0.014468,-0.12596,0.17386,0.059278,-0.21225,0.010264,0.022922,0.19257,0.14647,0.10279,-0.015306,0.17267,0.22161,-0.16968,0.037375,0.083383,-0.0023959,0.031572,-0.1691,0.18131,-0.038572,0.06151,-0.18229,0.18243,0.014854,-0.027419,-0.059656,0.073255,-0.09943,0.18524,0.095093,0.014,0.26312,0.0046912,0.11108,-0.075686,0.068912,0.012766,0.114,0.078354,0.12465,0.043546,-0.066535,-0.088126,0.04021,0.10196,0.13236,0.19095,0.07562,0.085828,-0.20969,-0.0279,-0.072348,0.14778,-0.087117,0.011596,0.027594,-0.08339,-0.014849,-0.041952,-0.070804,-0.022639,-0.035411,0.015748,0.19287,-0.0089297,0.11188,-0.21669,-0.12081,-0.026286,-0.15712,-0.048733,0.11747,0.1243,0.10032,-0.21169,0.14068,-0.046295,0.035802,-0.21924,0.14731,-0.048946,0.058748,0.16495,-0.0043461,0.09897
0.031533,0.043225,-0.07178,0.22084,0.0064251,0.30461,-0.060865,-0.070957,0.17647,-0.13386,-0.098219,-0.005485,-0.19069,-0.071972,-0.13975,0.03449,-0.090206,-0.10287,-0.055573,-0.046596,-0.091629,-0.001052,0.13741,-0.22669,-0.019788,-0.019469,0.050815,-0.11178,0.11869,-0.053175,-0.032111,0.34542,-0.11393,0.057315,0.021343,-0.027378,0.083879,0.1555,-0.10908,-0.0042898,-0.18532,0.013894,-0.02028,-0.1395,-0.091512,0.17722,0.0013585,-0.068265,-0.28805,0.0047677,-0.042221,-0.22477,-0.16354,-0.032577,-0.17756,-0.15953,0.06527,0.13553,-0.032466,0.087356,-0.14363,0.12795,0.064227,0.019766,-0.199,0.027429,-0.016015,-0.091914,0.10625,0.029698,-0.073788,-0.028286,0.053747,-0.15341,0.13617,-0.31111,0.26659,0.049026,0.050544,-0.080463,0.09681,-0.18694,-0.0627,-0.23215,-0.27288,0.061984,-0.044489,0.23574,0.16211,0.20807,0.059326,-0.10951,-0.090942,-0.27279,-0.033576,-0.067376,-0.04426,-0.039234,-0.19009,-0.059947
0.036215,0.25574,-0.091983,0.025059,-0.089269,0.17736,0.13099,0.27821,-0.0080201,-0.041834,0.25213,0.026798,-0.0063077,-0.11693,0.10931,-0.022219,0.078393,-0.14937,-0.015988,-0.018927,0.061695,-0.089859,-0.054446,0.099137,-0.038071,0.10888,0.1171,-0.28344,0.044592,-0.069434,-0.0063967,0.11044,0.12314,-0.12293,-0.1084,0.036041,0.05356,0.010595,-0.017586,-0.14011,-0.26543,0.36625,0.015795,-0.015159,-0.036322,0.012979,-0.022735,-0.026152,0.054655,-0.17423,0.0050307,-0.10913,0.11922,0.031559,0.076172,-0.02317,-0.032968,-0.25218,-0.19488,0.042511,-0.092921,-0.05976,0.12799,0.19764,-0.10133,-0.028595,0.059101,-0.0056988,0.08454,0.23818,-0.10994,0.072835,0.043448,-0.12248,-0.033861,0.065652,-0.024196,0.0048746,0.036292,0.00060975,-0.049281,-0.066903,-0.038463,0.17686,0.017113,-0.044399,-0.010084,0.095711,0.15411,0.026363,-0.069288,-0.088013,0.0087413,-0.067418,-0.065521,-0.14595,0.02605,-0.021251,0.083961,0.027553
-0.070548,-0.078645,-0.10848,-0.005712,0.020011,-0.063029,-0.049813,-0.059768,0.10755,-0.048974,-0.14128,0.15767,-0.19538,-0.17152,-0.1698,-0.11665,-0.031342,0.064084,0.053198,-0.16421,0.10903,-0.13898,-0.032506,-0.0036698,0.12975,-0.01796,0.008271,0.037347,0.07061,-0.13699,0.040974,0.23765,-0.044498,0.15729,-0.12419,-0.061575,0.049399,0.11951,-0.082077,0.033587,-0.11003,0.0074926,0.066228,-0.051499,0.04574,-0.10919,0.091551,0.14031,-0.17704,0.054471,0.14455,-0.23423,0.056838,-0.0094656,0.056705,-0.05329,0.062073,-0.023996,-0.019768,0.30789,-0.13043,0.072999,-0.023935,-0.0038756,0.1325,-0.059241,0.17892,-0.0017725,0.092287,0.048414,-0.058935,-0.033203,-0.046653,-0.25455,-0.035022,-0.19815,0.19766,0.17535,-0.076018,-0.052298,0.11645,-0.18757,0.0028766,-0.25102,0.031178,0.052739,-0.15266,0.041847,0.14389,0.24018,-0.062691,0.099114,-0.038109,-0.083832,0.12044,-0.036663,0.060714,-0.12339,-0.039839,-0.085964
-0.0077804,0.11967,-0.088743,0.25159,0.038511,0.045409,0.035636,-0.047976,0.12773,-0.055042,-0.0030006,0.19625,0.029431,0.020588,-0.062451,-0.02749,-0.052689,0.12375,0.020541,-0.11456,-0.045406,-0.078462,-0.12994,-0.019615,0.13277,0.010238,0.11811,0.013712,0.19982,-0.16184,-0.093049,0.14646,-0.077221,-0.15666,0.01998,0.11401,0.095992,-0.008947,-0.081246,-0.18452,-0.10011,0.070136,-0.13598,-0.049552,0.017518,0.043244,0.071595,-0.047339,-0.24905,-0.18949,0.092251,-0.13523,0.12619,0.19603,-0.021953,-0.1402,0.014227,0.043748,-0.067814,0.15744,0.081078,0.052125,-0.029877,-0.013828,-0.017787,-0.24449,0.16982,0.056405,0.23986,0.0083371,0.07422,0.012802,0.1302,-0.047236,0.1015,-0.035591,0.20839,0.00075987,-0.0056568,0.024486,0.14268,-0.32942,0.016623,0.08629,0.011741,0.09119,-0.11988,0.19418,0.081594,0.24524,-0.083081,-0.12646,-0.0010449,0.058111,0.22807,0.13732,-0.12687,-0.010336,-0.19856,-0.2241
0.033487,0.15418,-0.080712,0.088602,-0.13708,-0.016398,0.019436,0.039477,0.061487,-0.053167,-0.14853,0.28761,-0.13519,0.11756,-0.030068,-0.063706,0.13833,0.049989,0.02715,-0.024097,0.061344,-0.039188,-0.050488,-0.2829,0.089675,0.11039,0.12083,-0.16513,0.12436,-0.2069,0.014905,0.3231,-0.12578,0.025915,-0.11163,-0.1354,0.17258,0.17583,-0.020931,0.039001,-0.15732,0.012732,-0.19731,-0.033401,0.013633,0.043898,0.21965,0.12151,-0.27015,-0.13424,-0.0022692,-0.17684,0.0069639,-0.099382,-0.021633,0.028517,-0.07705,0.030868,0.066765,0.12511,-0.17846,0.25625,-0.0072194,0.18358,-0.19566,-0.11302,0.089714,-0.12765,0.22649,0.031612,0.08114,-0.073177,0.062081,-0.16767,-0.2184,-0.053082,0.21625,-0.15325,0.15195,0.043989,0.048524,-0.20797,0.051456,0.070346,0.041754,0.015683,-0.18626,0.0030962,0.007565,0.12385,-0.12029,-0.09431,0.045519,-0.061504,0.27938,0.24045,0.0082788,-0.012175,-0.17386,-0.17151
-0.017192,0.11418,-0.034113,0.16075,-0.012363,-0.057604,-0.12492,0.11005,0.26976,0.26263,-0.055694,-0.11813,-0.039438,0.1195,0.11192,-0.076795,-0.024458,0.051007,-0.095779,0.10156,-0.08125,-0.043174,0.12032,-0.2147,-0.048347,-0.10647,-0.18244,0.027177,0.020234,-0.12175,0.059756,-0.075194,-0.17681,0.049456,0.080884,0.051999,0.091228,0.10358,0.065727,0.011265,-0.061749,-0.08976,-0.052141,-0.20696,0.24451,0.47992,0.10712,-0.055671,0.069604,0.049082,-0.067166,-0.16466,0.066245,0.071813,0.0768,0.074138,0.014206,-0.04102,0.069011,0.1739,0.026123,-0.11593,0.065764,0.22617,0.0022035,0.12148,0.085355,-0.22966,0.05694,0.023823,-0.096001,0.099615,0.15816,0.0097141,-0.090427,0.11005,-0.15931,-0.029336,0.10725,-0.037186,-0.094633,0.069407,-0.085497,0.080298,0.07942,0.044419,-0.05863,-0.0034491,0.31555,-0.069172,0.010181,-0.10158,-0.057812,-0.059734,0.03486,0.036406,-0.024876,-0.077943,-0.017156,0.2413
-0.14423,0.046199,0.087555,0.039912,-0.15644,0.34522,-0.048304,0.15773,0.14832,-0.0008248,-0.099301,0.017796,-0.19047,0.23034,-0.040375,-0.065655,0.055098,0.016379,-0.13067,0.15162,-0.16503,-0.038653,-0.11615,-0.22466,-0.084428,0.018426,-0.068711,0.0070617,0.069496,-0.05954,0.085222,0.20332,-0.070221,0.20437,0.099117,-0.20867,-0.069113,-0.10865,-0.11928,-0.089113,-0.15364,-0.16587,-0.09364,-0.092983,-0.15733,0.050706,-0.20176,0.033691,0.088615,-0.092108,0.10207,-0.27458,0.014801,-0.038725,-0.072432,-0.14446,-0.0024188,-0.053295,0.047197,-0.078685,-0.04833,-0.0461,0.073492,0.0085282,0.015153,-0.041504,0.0030381,-0.10718,-0.069387,-0.012416,0.0032391,0.23879,-0.16428,0.011336,-0.13319,-0.096289,-0.17607,-0.012838,-0.050987,0.020258,-0.073046,0.032927,-0.1268,0.018631,-0.034543,0.046844,-0.1461,0.24918,0.11421,0.1599,0.099221,0.042605,-0.17526,-0.23601,0.027054,-0.30656,0.083657,0.12878,0.028989,0.21769
-0.12887,0.23135,0.073008,-0.078045,0.0020014,-0.087049,0.030048,0.056717,0.18852,0.20638,0.072242,0.10192,-0.037126,0.32254,0.16315,-0.17261,0.0020587,0.083363,-0.1985,-0.10218,-0.16123,-0.075527,0.28201,-0.16685,-0.20508,-0.029552,-0.16701,0.058676,-0.091106,-0.0051258,0.057124,-0.037962,-0.18429,0.027714,-0.16696,-0.058801,-0.013628,-0.0063601,-0.10355,0.027318,-0.16589,0.13294,0.14117,0.017296,-0.14233,0.22176,-0.053478,-0.045375,0.10507,0.06097,-0.13205,-0.15309,0.060781,0.0078077,-0.057407,0.077689,-0.32375,-0.2104,0.0016911,-0.054917,-0.081032,-0.063436,0.07365,0.05517,-0.075693,-0.077686,0.090603,0.11716,0.048372,-0.078429,0.0024678,0.15307,-0.021684,-0.019857,-0.022517,-0.095637,-0.2599,-0.14878,-0.034375,-0.18551,0.0044301,0.17816,-0.15693,-0.020851,0.13447,0.14634,-0.20394,0.20724,0.22229,0.0472,0.1066,-0.086069,-0.13975,-0.074757,0.26338,0.17441,0.24404,0.046332,-0.054706,-0.093145
-0.027958,-0.059273,-0.049429,0.01378,0.12349,0.08831,0.075467,-0.066698,0.13996,-0.20671,-0.055175,0.14568,-0.1608,-0.17724,-0.053398,0.013221,-0.018309,0.10674,0.060055,-0.052241,0.17676,-0.062874,-0.046328,-0.042993,0.24674,0.021958,-0.07531,0.057398,0.20039,-0.16363,0.058014,0.10661,-0.05623,0.061346,-0.14729,-0.0063865,-0.056764,-0.10394,-0.031615,0.01435,-0.079132,-0.026037,-0.026329,-0.095976,-0.047735,0.12361,-0.0015295,0.071069,-0.24105,-0.021263,0.069051,-0.17267,0.18687,0.032336,0.055345,-0.11405,0.078686,-0.087184,0.070126,0.15276,-0.039105,0.074286,0.027478,-0.01701,0.032059,-0.16004,0.13538,0.0736,0.11842,-0.078628,0.017462,-0.025939,0.077123,-0.13164,-0.0026229,-0.076403,0.1322,0.12373,-0.11079,-0.023069,0.14557,-0.096003,-0.080803,0.040729,0.026768,0.17234,-0.17945,0.10995,0.098259,0.27913,0.0028805,-0.072563,0.029474,0.011986,0.10176,0.0028897,0.025446,-0.0057225,-0.15776,-0.069425
0.0021388,-0.044839,-0.21994,0.095136,0.11063,0.063012,0.12037,0.077644,0.024693,-0.23849,-0.069853,0.086468,-0.16279,-0.11627,-0.11046,0.045825,-0.1087,-0.1427,0.028691,-0.13492,0.058243,-0.012178,-0.098044,0.038909,0.17468,-0.10988,0.13646,-0.040225,0.1605,-0.14942,-0.014299,0.26322,-0.060783,0.12157,-0.099332,0.037823,0.11734,0.065854,-0.070275,-0.041383,-0.16213,0.03088,-0.043358,0.090152,0.093656,-0.058822,0.16438,0.2347,-0.1107,-0.048065,0.10793,-0.067879,0.2029,0.12681,0.044332,0.073737,-0.09468,-0.022913,-0.17561,0.29087,-0.21596,0.20245,-0.023747,-0.055891,0.013024,-0.068669,0.15024,0.14798,0.1782,-0.035418,-0.065617,-0.0042132,0.00076038,-0.29338,0.032459,-0.1125,0.27544,0.13265,-0.067272,-0.096572,0.25154,-0.10415,-0.13619,0.042504,-0.20936,0.070008,-0.13579,0.18412,0.11683,0.20096,-0.075864,0.020466,-0.022076,-0.061102,0.019798,-0.032745,0.20383,-0.0014737,-0.15757,-0.1676
-0.11262,0.16186,-0.021492,0.10488,0.061926,0.10796,0.083677,0.091008,0.22478,0.063199,-0.016815,0.037984,-0.28901,-0.23265,-0.022674,0.060348,-0.032559,-0.057619,0.042428,-0.11538,-0.15205,0.010135,0.068194,-0.069916,0.20098,0.10077,-0.019851,-0.028627,-0.0024377,-0.081452,-0.086066,0.27619,-0.1332,0.047476,-0.070816,-0.11678,0.26227,0.26089,-0.010507,-0.052902,-0.069898,0.012873,-0.069718,-0.11034,0.10418,0.049502,0.1406,-0.016573,-0.19931,0.0039549,0.034574,-0.20933,0.14552,0.047892,-0.16049,-0.11825,-0.15559,-0.019839,-0.021368,0.22452,-0.10855,0.11201,-0.2118,0.1485,-0.11928,-0.0034845,0.25252,0.0044801,-0.094917,-0.028594,0.079835,0.10967,0.027897,-0.19095,-0.021565,-0.16671,0.18818,-0.058738,0.053487,-0.083268,0.0026847,-0.17614,0.029491,-0.20402,0.029297,0.068686,-0.067071,0.13158,0.039239,0.1245,0.094498,0.21374,0.1601,-0.071539,0.14068,0.24991,0.06597,-0.167,-0.1219,-0.0084844
0.028215,0.15881,0.012551,0.32809,-0.024626,0.15649,0.063285,0.091802,0.21699,-0.040714,-0.16283,0.15782,-0.21168,-0.01359,-0.21324,0.070324,-0.04238,-0.050492,-0.091798,-0.047657,-0.087455,-0.035306,-0.023473,-0.13392,0.20316,-0.00053898,0.0099191,-0.15135,0.010699,-0.092028,-0.074175,0.1212,-0.12989,-0.050033,0.0026331,0.074887,0.18697,0.018289,-0.0059294,-0.16366,-0.1325,0.14929,0.10608,-0.03675,0.025085,0.31887,0.074956,0.073977,-0.29439,-0.14464,-0.01936,-0.27124,-0.085241,0.13198,-0.19161,-0.1017,-0.00083046,-0.030497,0.095232,-0.091718,0.01353,0.027193,0.069776,0.22433,-0.07921,-0.14957,-0.13266,-0.19732,0.12514,-0.048131,-0.013102,-0.045537,-0.048043,-0.35044,-0.060816,-0.035536,0.099965,-0.018372,0.15925,-0.0020218,0.11649,-0.34603,-0.060088,-0.075447,-0.076649,0.1225,-0.1169,0.12728,0.10243,-0.0098532,0.032104,-0.20572,-0.12749,-0.10893,0.101,0.26433,-0.061172,-0.03184,-0.10577,-0.0061558
-0.15184,0.10607,-0.042113,-0.034337,-0.074176,0.036738,0.039071,0.12001,0.066403,0.17298,-0.12303,0.14532,-0.087906,0.21112,0.094798,-0.042874,0.10023,0.001149,-0.15796,-0.15747,-0.12689,-0.16552,-0.03186,-0.19436,-0.044269,-0.044465,0.094847,0.013896,0.040408,-0.22813,0.1353,-0.022689,0.040621,-0.0050456,-0.1755,0.047357,0.035753,-0.17885,-0.058038,0.02363,-0.20239,-0.22565,0.12063,-0.18528,-0.096417,0.18135,-0.058634,-0.1792,-0.013622,-0.28434,0.146,-0.11046,0.072984,0.061935,-0.07871,-0.23998,0.076716,0.097936,0.056423,0.064996,-0.019605,-0.11816,-0.14022,-0.14838,-0.051682,0.19938,0.20367,-0.11211,0.061432,-0.038268,-0.15721,0.27787,0.0077247,0.098498,-0.12668,0.12519,-0.081055,-0.065997,0.080157,-0.17687,0.092245,-0.089889,-0.095635,0.13997,-0.20256,0.053661,-0.12375,0.33297,0.14039,-0.040179,-0.07538,-0.091431,0.062517,0.063791,-0.013718,-0.075584,0.019669,0.089877,-0.043684,0.05071
-0.018239,0.17461,0.12744,0.16886,0.022628,0.049948,0.032234,0.054508,0.039532,-0.10844,-0.053222,0.11554,-0.05806,-0.0034468,-0.10499,-0.084828,-0.013677,0.090752,-0.074391,-0.10221,-0.03653,0.1017,-0.10183,-0.064819,0.080184,-0.047161,-0.05296,-0.1308,0.06749,-0.092582,0.092387,0.081574,-0.090497,0.027445,-0.15118,0.04089,0.21228,0.24084,-0.061915,-0.11708,-0.33192,0.14681,0.05149,-0.044662,0.026998,0.12899,0.21415,0.037107,-0.18849,-0.14987,0.0067156,-0.34792,0.0069973,0.12597,-0.030308,0.048646,-0.040699,0.028218,-0.046395,0.17332,0.011679,-0.049464,-0.001163,0.10281,0.072573,-0.35489,0.066818,-0.017209,0.21987,-0.026949,0.096896,-0.074008,0.065629,-0.25373,-0.040621,0.084067,0.15608,0.012399,-0.029128,-0.14741,0.096711,-0.34928,0.069567,-0.10162,0.025036,0.030501,0.042347,0.074016,0.15299,0.097627,-0.066886,0.011378,-0.08378,-0.13486,0.14145,0.20675,-0.032947,-0.11313,-0.13501,0.030288
0.28321,-0.011879,0.096683,0.15381,-0.0075668,0.0011095,-0.0091412,-0.053102,0.09114,0.015946,-0.056853,0.0052498,-0.35162,-0.069083,-0.15865,-0.11032,0.091025,0.059532,-0.16894,-0.033323,-0.086344,-0.21925,-0.09119,-0.23148,-0.029251,0.15855,0.12896,-0.030234,-0.050617,-0.0064126,0.016968,0.11644,-0.24875,0.17123,0.067635,0.17426,0.18032,0.063758,0.10953,0.0010248,-0.17757,0.093499,-0.40195,-0.08281,-0.0089177,0.19825,-0.072472,0.013163,-0.25135,0.0035549,0.077238,-0.16708,0.093504,0.11952,-0.069727,0.04464,0.083733,-0.02256,-0.028984,0.044744,0.015888,0.14986,-0.0077193,0.064888,0.030665,-0.13077,-0.064803,-0.21447,-0.02176,0.053434,0.093048,0.029277,-0.075617,-0.16947,-0.064788,-0.22515,-0.06041,-0.041873,-0.013734,-0.063591,0.13415,0.014574,0.17642,-0.12235,-0.084156,0.15361,-0.012799,0.12107,0.072403,0.18241,0.06805,0.0079759,-0.013165,-0.050692,-0.048601,0.10534,-0.042839,0.052851,-0.098525,-0.16926
0.025517,0.23087,-0.17525,0.12411,0.0357,0.068101,0.073609,0.054943,0.16344,-0.26086,-0.14396,0.15389,-0.04315,-0.13215,0.043962,-0.16035,-0.09858,-0.016286,-0.015387,-0.002178,0.079565,-0.20533,-0.05171,0.0062466,0.17931,-0.038335,0.041429,-0.079475,0.10866,0.0051941,0.14524,0.08295,-0.012292,0.16384,-0.27098,0.029937,0.17207,0.16913,0.091048,0.098293,-0.051299,0.11452,-0.24274,-0.19885,0.11276,0.097642,0.11374,0.21523,-0.23654,-0.18165,-0.080761,-0.11996,0.029616,0.094408,-0.28234,-0.14238,-0.057294,-0.059565,-0.041272,-0.06156,-0.19158,0.11696,-0.044498,0.11034,-0.04656,-0.14864,0.092777,0.056509,0.038858,0.0058088,-0.13907,-0.088422,0.0067933,-0.0055503,0.092756,-0.33202,0.27567,-0.056932,0.097755,-0.11615,0.17605,-0.28035,0.034674,-0.073784,-0.15878,0.14453,-0.019459,0.11733,0.042045,0.052531,0.092917,-0.032161,0.14199,-0.25461,-0.010939,-0.12097,0.12886,-0.11796,-0.17027,-0.034633
-0.069493,0.00016867,-0.17139,0.040369,-0.053323,0.32592,0.13929,0.080713,0.15915,-0.040948,-0.16669,0.20197,-0.16113,0.079989,0.077538,-0.062588,-0.11954,0.029032,0.17857,0.058074,0.12432,0.081322,-0.073608,0.020067,0.17844,-0.0064795,0.0023883,-0.067168,-0.061961,-0.11525,0.069215,0.12413,-0.17837,0.10684,0.025041,0.042367,0.10889,-0.050048,0.014893,-0.13049,-0.035553,-0.066519,-0.18253,0.064474,-0.04521,0.20115,0.13201,-0.0021039,0.0066761,-0.18528,0.06652,-0.060441,0.16389,0.18463,-0.22217,-0.084357,0.12208,-0.14762,-0.063663,-0.082074,-0.10305,-0.0049683,0.01821,0.21099,-0.013193,0.060386,-0.081267,0.25726,-0.06809,0.064319,0.043936,0.11622,0.036718,-0.23141,-0.094573,0.13521,-0.22701,-0.061883,0.058391,-0.066973,0.10015,-0.10207,0.031719,0.055843,0.043242,0.05684,-0.058861,0.16031,0.14554,0.018191,-0.13109,0.014206,-0.12322,-0.14949,0.016904,-0.062254,0.077067,0.035569,0.038586,0.014556
-0.01587,0.051411,0.10364,0.057392,0.028572,0.39031,-0.18952,0.021941,0.059588,-0.080077,-0.069827,0.015506,-0.15562,0.18463,0.015395,0.029818,0.066768,0.042049,-0.13548,0.040343,-0.18313,-0.15897,-0.12563,-0.11575,0.14185,0.10662,0.10627,-0.17688,0.060609,0.06563,0.010627,0.0066892,-0.08399,-0.0029926,0.15106,-0.10954,-0.012541,-0.055799,-0.1466,-0.18949,-0.07832,0.04582,-0.09621,-0.092033,-0.0090727,0.015226,-0.11201,-0.047803,0.065301,-0.075726,0.12412,-0.047913,-0.038359,0.17464,-0.10298,-0.10512,0.1086,-0.039175,-0.22608,-0.021556,0.017527,-0.13461,0.043415,-0.049509,-0.21651,-0.029838,-0.030233,0.0078549,0.069588,0.018329,-0.0021324,0.19422,0.098769,0.027169,-0.091224,-0.047615,-0.072877,0.010285,-0.21028,0.0021298,0.12646,-0.042624,-0.017579,-0.0026195,-0.0068145,-0.037873,-0.15813,0.21282,-0.034928,0.14492,0.22064,-0.058504,-0.086767,-0.23518,0.047541,-0.28566,-0.12903,-0.021643,0.022358,0.053857
-0.064253,0.095174,-0.069843,0.16107,0.023408,0.048116,0.0050432,-0.035921,0.081818,-0.17539,-0.041756,0.2561,0.01998,0.03357,-0.02621,-0.1435,-0.0044344,0.013238,0.01661,-0.011141,0.026497,-0.071184,-0.17026,0.019403,0.10635,0.028434,0.068299,-0.099007,0.19165,-0.13191,0.043463,0.12357,-0.090631,0.00081677,-0.079823,0.13436,0.21631,0.10137,-0.082457,-0.043187,-0.12698,0.062382,-0.18643,-0.040703,0.13556,0.15888,0.19147,0.15034,-0.29126,-0.15185,-0.049191,-0.29847,0.11675,-0.024301,-0.077263,-0.024246,-0.0039634,-0.060483,-0.11289,0.0453,0.0093037,0.0752,0.10684,0.14459,-0.0028271,-0.22052,0.095002,0.040714,0.085433,0.018415,-0.059998,-0.082347,-0.066531,-0.26955,-0.11418,0.079403,0.18327,-0.083678,0.01217,0.05037,0.25706,-0.27621,0.0022274,0.085194,-0.011718,0.07426,-0.15783,0.090589,0.11602,0.13818,-0.13129,-0.022694,0.057555,-0.042112,0.26529,0.16185,-1.7407e-05,-0.074914,-0.21797,-0.054759
-0.016677,0.01248,0.046234,0.12029,-0.069646,0.15475,0.041431,0.20587,0.026223,0.065423,-0.010413,0.10188,0.027573,0.15544,0.085737,0.16484,0.151,0.014713,-0.00057218,0.082658,-0.29029,-0.15038,-0.082453,-0.30693,0.022836,-0.010421,-0.1672,-0.10692,-0.061207,-0.19206,0.17579,0.028978,-0.020299,0.11361,-0.23344,-0.059398,0.08697,-0.084099,-0.063938,-0.2936,-0.18018,0.024265,-0.04254,-0.02418,0.053726,0.27839,0.13726,0.027851,0.065751,-0.028757,0.2142,-0.16314,-0.02725,0.005889,0.006289,-0.106,0.042066,-0.053894,-0.034514,0.14504,0.026596,-0.011871,0.12288,0.043062,-0.015763,0.14308,0.19566,-0.22405,-0.088746,-0.053593,-0.047015,0.13151,0.0032636,-0.12264,-0.040573,0.19699,-0.26034,-0.1542,0.016857,-0.048109,0.019035,0.091026,-0.076331,0.04966,-0.11709,0.021813,-0.11071,0.10944,-0.025552,0.060282,-0.10319,0.1435,-0.011607,-0.063308,0.032767,-0.13586,-0.10339,-0.060986,-0.072004,0.27619
0.024676,0.091037,-0.10759,0.086438,-0.1156,0.21429,-0.18723,-0.046756,0.20011,-0.066095,-0.048795,0.095493,-0.26448,0.030974,-0.1431,-0.073947,0.0051191,-0.13436,-0.065195,-0.10442,0.0041104,-0.038318,-0.0090791,-0.10381,0.14953,0.010391,0.056927,-0.062926,0.07782,-0.085819,-0.047671,0.38072,0.041226,0.097498,0.070119,-0.071141,0.28942,0.30436,0.097911,-0.11442,-0.22776,0.12663,-0.11566,-0.0078455,0.023751,0.11248,0.15039,0.14643,-0.14043,-0.12724,0.083472,-0.37097,0.066564,0.0027206,-0.29807,0.0057576,-0.058695,-0.06948,-0.14779,0.20113,-0.085634,0.21281,-0.13742,0.047972,-0.13822,-0.12869,0.13352,-0.082018,0.12951,0.092627,0.043953,-0.059544,-0.023054,-0.28795,-0.06757,-0.18362,0.23544,0.003276,0.10161,-0.044365,0.15761,-0.12394,0.11,-0.0083845,-0.047816,-0.017545,-0.20253,0.1342,0.090963,0.049736,-0.00056035,-0.057947,-0.18642,-0.037946,0.058184,0.11282,-0.040793,-0.0065501,-0.11316,-0.12493
0.1174,-0.095685,-0.013839,0.093013,0.065904,0.049285,0.075662,-0.065924,0.019692,-0.064941,-0.14613,0.11093,-0.19216,-0.13303,-0.092855,0.02938,-0.15453,-0.034144,0.097999,-0.18913,0.056711,-0.21149,-0.03837,0.04641,0.18197,0.085529,0.25167,0.077267,0.089864,-0.28751,0.061755,0.31658,-0.03059,0.024069,-0.16501,0.06123,0.109,0.10491,-0.10401,-0.0063586,0.089423,0.097758,-0.016926,0.07961,-0.017526,-0.05444,0.17262,-0.076166,-0.10286,0.023553,-0.044954,-0.16646,-0.060424,-0.14909,-0.0020063,-0.073437,0.088439,0.056844,0.044992,0.071235,-0.21754,0.24746,-0.0083426,-0.10721,0.10277,0.014443,0.14755,-0.02692,0.15741,0.024543,-0.10762,0.0089798,0.037661,-0.27003,0.055456,-0.14592,0.27043,0.059175,-0.078861,-0.09914,0.11972,-0.064761,-0.07255,0.085133,-0.078804,0.039175,-0.11256,0.29582,0.1674,0.22384,-0.14258,-0.0080377,0.070295,-0.20399,0.10058,0.16744,0.097856,-0.040111,-0.090736,-0.09181
0.014044,0.15964,0.15353,0.22614,0.034864,-0.069184,-0.18116,0.23809,0.085516,-0.014661,0.001032,0.084507,-0.1609,0.18079,0.095349,0.051178,-0.013926,0.16234,-0.00062434,0.066373,-0.0034237,-0.0096491,0.0316,-0.33423,-0.24903,-0.042097,-0.0019778,0.0575,-0.086033,-0.028933,0.10701,-0.13782,0.028075,-0.071726,-0.087447,0.028912,-0.021759,0.059754,-0.013314,-0.06583,-0.029993,0.073794,-0.059028,-0.037389,-0.0084317,0.36188,-0.077378,0.002627,0.20985,-0.090875,0.036124,-0.2581,0.12615,-0.049245,0.049435,-0.043546,-0.10867,-0.025067,-0.093383,0.23342,-0.0072574,0.043044,0.079722,0.0084203,-0.063864,-0.12026,0.054753,-0.13828,0.06135,0.043651,-0.19484,-0.083149,0.094333,-0.072887,-0.13177,0.066454,-0.079075,-0.12596,-0.089561,-0.14331,0.2056,0.023066,0.09946,-0.063785,-0.13593,0.075499,-0.15302,0.2247,0.18521,-0.033482,0.21743,-0.15413,-0.19548,-0.073939,0.0042512,0.14984,0.11128,0.17035,-0.13094,0.1246
-0.0066331,0.070408,0.0068931,0.085223,0.21029,0.085794,-0.055146,-0.0012163,0.21085,0.059854,-0.14678,-0.026444,-0.070885,0.16078,-0.059149,-0.13125,-0.21685,0.1132,-0.055214,0.021986,-0.038075,-0.19549,0.0012282,-0.078927,-0.023253,0.17861,-0.05909,0.021904,-0.11038,-0.15342,-0.091365,0.063478,-0.20962,0.19411,-0.080811,0.048007,-0.012723,-0.093202,0.028665,-0.090737,-0.090195,0.009183,-0.35382,0.092977,-0.10529,0.29465,0.03869,0.092198,-0.20922,0.13963,-0.033074,-0.29842,-0.088414,-0.0032514,-0.026567,0.043442,0.026063,0.18093,0.019016,0.11132,-0.20237,0.066385,-0.05634,0.066961,-0.1011,-0.03749,0.024154,0.0020253,-0.095473,0.20993,0.049478,0.020308,-0.10775,-0.090971,-0.028166,-0.2377,-0.095729,-0.26342,0.13483,-0.14217,0.079779,-0.13123,-0.016137,-0.13679,-0.18676,0.27682,-0.073845,0.021693,0.062793,-0.054395,0.14573,-0.062907,-0.063675,-0.12124,0.080787,0.099408,0.022236,0.27992,0.02835,-0.06088
-0.020012,0.1755,-0.074825,0.11026,-0.044474,0.071818,0.096229,0.038774,0.10713,-0.22195,0.031571,0.093559,-0.14559,-0.14059,0.019487,-0.050745,0.07623,0.030076,0.0035199,0.085954,0.049197,0.083551,0.057922,-0.083744,0.083724,0.12801,0.19604,-0.17639,0.023833,-0.070154,-0.15294,0.16854,0.021943,0.048847,-0.097128,0.096399,0.23816,0.12269,-0.13315,-0.020263,-0.24843,0.27462,-0.066724,-0.041738,0.021631,0.17087,0.12154,0.18748,-0.37164,-0.14444,-0.14792,-0.073113,0.018761,0.030115,-0.046007,-0.042921,-0.20479,-0.080431,-0.18189,0.078042,-0.081424,0.27105,0.056356,0.23645,-0.10026,-0.13963,0.12404,-0.054208,0.22236,0.096994,-0.08951,-0.14502,0.040329,-0.24158,0.08753,-0.12339,0.214,-0.021195,0.054361,0.024927,0.24558,-0.25907,-0.036874,0.11074,0.028531,0.03145,-0.04533,0.025848,0.16607,0.11984,-0.11337,-0.07202,-0.11622,-0.13162,0.068697,0.1634,0.0029397,0.0073144,-0.19608,-0.026962
-0.23467,0.12209,-0.054433,0.15727,-0.13873,-0.052666,-0.034612,0.12527,0.099791,0.051048,0.086674,0.17125,-0.142,-0.11065,0.042624,-0.033724,0.076275,0.087415,0.0039171,0.036419,0.040494,0.0012447,-0.10856,0.12958,0.15797,0.036651,0.055904,0.1318,0.092897,-0.066239,-0.024237,0.18348,-0.18469,-0.021437,-0.084245,0.010442,0.17924,0.097685,0.041811,-0.16305,-0.23874,0.16229,0.0062503,-0.031128,0.023556,-0.048082,0.11675,0.16117,-0.21053,-0.1875,-0.12636,-0.14996,0.13748,-0.042941,-0.0069364,-0.051374,-0.12637,-0.12499,-0.083087,-0.051352,-0.10249,0.18352,0.10729,0.15397,-0.071677,-0.083643,0.15682,-0.16831,-0.0047557,-0.0014163,-0.15944,-0.020007,0.19867,-0.30758,0.10107,-0.14631,0.22128,0.0019265,0.056456,-0.097208,0.087583,-0.21123,0.061765,0.070828,0.22325,-0.0006686,-0.14763,0.04791,0.21401,0.0084962,-0.099866,0.092595,0.039408,-0.021692,0.20799,0.12922,-0.072984,-0.056652,-0.097003,-0.01263
0.011898,0.00033183,-0.0040158,0.14392,0.016812,0.0035935,-0.04982,-0.10992,0.15283,0.067577,-0.036979,-0.024303,-0.11843,0.055326,-0.032551,-0.078572,-0.073814,0.016979,-0.18784,-0.11159,-0.18918,-0.03673,0.11074,-0.065947,0.053739,-0.14447,-0.021337,0.074676,-0.060343,-0.18997,0.15093,-0.34385,-0.065224,-0.27297,-0.090982,0.034019,-0.33506,0.059756,-0.16264,0.0031789,-0.15795,0.043666,0.078051,-0.086113,-0.044607,0.11595,0.2667,0.0018538,-0.059295,0.0059142,-0.013002,-0.11436,0.0028495,0.088761,0.20002,-0.080501,-0.014844,-0.07501,0.056538,0.20191,-0.052938,-0.16234,0.018392,-0.1191,0.056698,0.024909,0.096226,-0.13354,0.0062537,-0.06452,-0.22613,0.033938,0.12067,0.063602,-0.1727,0.06142,-0.28084,0.034278,0.063015,-0.068668,0.024939,0.041365,-0.077206,0.13444,-0.1841,0.097491,-0.14907,0.16003,0.13459,0.074753,-0.011249,-0.074484,-0.20974,0.06591,-0.054391,-0.11873,-0.080187,0.075254,-0.065828,0.17606
0.026025,0.073247,-0.051688,-0.1335,-0.056356,0.2268,-0.13374,0.13423,0.053451,-0.073184,-0.036325,0.038853,-0.17651,0.11174,-0.11344,-0.047128,0.02668,-0.018058,0.022274,0.1181,-0.42551,-0.056468,-0.087288,0.07773,-0.027185,-0.06593,0.061491,0.078846,0.017203,0.040012,-0.12695,-0.14375,-0.11447,0.077979,0.020256,-0.14106,-0.054633,0.12039,-0.2014,0.020796,-0.13627,0.070559,-0.24294,-0.076131,-0.13669,0.09986,-0.029093,0.054901,0.097713,-0.028477,0.11018,-0.17741,0.10209,0.017633,-0.10077,-0.14139,0.0025219,0.079473,0.01367,-0.084113,0.022792,-0.14509,0.16411,-0.0082228,-0.21932,-0.010875,0.072078,0.037853,0.20489,0.078481,-0.14217,0.0098269,0.14624,0.14265,-0.10668,-0.066769,-0.0072665,-0.065817,-0.031585,0.19823,-0.10258,0.015061,0.026859,0.051699,-0.1249,0.032393,-0.050691,0.057382,-0.038896,-0.037464,0.048594,-0.24123,-0.22343,-0.049279,-0.011296,-0.034945,-0.094066,-0.016416,-0.22882,-0.0096536
-0.019119,-0.075802,0.055838,-0.028404,-0.19591,0.13583,-0.22057,0.11532,0.071816,0.24657,0.0012357,-0.018376,-0.17093,0.018268,-0.036637,-0.16692,0.11466,0.15939,-0.13468,-0.034315,-0.3674,-0.0011629,0.12798,-0.066179,-0.079913,0.016635,0.043873,0.12815,0.080525,0.025759,0.11908,-0.15369,-0.039358,0.063321,-0.034952,-0.19666,-0.17985,0.067414,-0.12724,-0.041143,-0.21339,0.176,-0.1224,-0.3081,-0.017548,0.065245,-0.0029444,0.033735,0.14266,-0.095504,0.091566,-0.14013,-0.13575,-0.046262,0.1098,-0.00015222,-0.041052,0.0015719,0.084391,-0.0079534,-0.10334,-0.075221,0.089693,0.10626,0.018757,-0.038736,0.11614,-0.02985,-0.02641,0.029095,0.020224,0.042102,-0.036858,0.079236,-0.073351,-0.12718,-0.15013,-0.10199,-0.030957,0.024963,-0.02132,-0.18289,-0.042426,0.08887,-0.087572,0.089731,-0.022542,0.090249,0.15628,-0.022015,0.025641,-0.081711,-0.035291,-0.080469,-0.11988,-0.036952,0.017555,0.035481,0.022889,0.09642
-0.035932,0.074912,-0.012777,0.08674,-0.0059702,0.070225,0.057402,-0.0058457,0.16415,0.074036,-0.01349,0.097207,0.00080485,0.061014,-0.12911,0.032044,-0.13536,0.091431,0.077345,-0.16776,0.067097,-0.079965,-0.074703,7.0329e-06,0.10152,-0.020346,0.034046,-0.098833,0.17319,-0.22181,-0.055745,0.15653,-0.0072208,-0.16854,-0.082916,0.14123,0.034732,-0.056088,0.06835,-0.10985,-0.027583,0.04511,-0.15821,-0.10034,0.032735,-0.027622,0.1148,-0.030786,-0.18802,-0.16648,0.19299,-0.14819,0.017043,0.15817,-0.035681,-0.19772,0.12557,0.12114,-0.044256,0.1285,0.040218,0.14886,0.011727,0.19783,-0.043179,-0.2974,0.168,0.067577,0.35333,-0.026686,-0.00045493,-0.017319,0.025687,-0.17097,0.27416,-0.019147,0.14314,0.077538,-0.041057,-0.064611,0.15627,-0.17411,-0.018179,-0.068086,-0.13285,0.12226,0.019758,0.20027,0.12766,0.096316,-0.045217,-0.19183,0.012952,-0.056469,0.29154,0.10514,-0.071729,-0.1005,-0.21217,-0.23334
0.0071786,0.12268,-0.037976,-0.048203,-0.0090758,0.10068,0.12681,0.29031,0.1025,-0.0595,0.010112,0.016079,-0.1189,0.29302,0.17776,0.03084,-0.30813,-0.034582,-0.1521,0.15126,0.10341,-0.21311,-0.07757,-0.027701,-0.14901,-0.10431,-0.11365,-0.31331,0.16794,-0.13691,-0.026061,-0.10312,0.19094,-0.1783,-0.04528,0.21449,-0.129,0.026018,-0.10679,-0.11882,-0.086747,0.23395,-0.12714,0.21251,-0.062055,0.25394,0.1746,-0.012333,0.092788,0.1065,0.13967,-0.11248,0.088909,0.01874,0.058867,-0.1002,-0.025084,0.10957,-0.052209,0.11574,-0.0093543,0.045069,-0.0097887,-0.010632,-0.18817,0.049042,-0.14737,-0.04258,0.06508,0.03249,-0.06864,-0.13984,0.030459,-0.1156,-0.074792,-0.053354,-0.11747,-0.15298,-0.042523,-0.20463,0.13192,-0.026581,-0.10452,-0.020442,-0.12601,-0.042726,-0.074165,0.13079,0.23264,-0.057459,-0.12301,-0.041376,-0.12748,-0.23238,-0.021175,0.23063,0.14401,0.068271,0.23069,-0.10425
0.0030932,-0.0063845,-0.079551,0.046396,0.040846,0.16291,-0.091126,0.059255,0.15757,-0.16258,-0.18899,0.08951,-0.12214,-0.02331,-0.12091,-0.04353,-0.095803,-0.025366,-0.022034,-0.055739,0.11144,-0.054629,0.074146,-0.10046,0.20085,-0.028313,0.18674,-0.052996,-0.054686,-0.17653,-0.052679,0.094162,0.14555,0.068498,-0.0044569,-0.10801,0.156,0.062352,-0.12509,0.092516,-0.2877,0.077159,-0.083891,-0.074749,0.026688,0.04518,0.10516,0.16617,-0.14319,-0.015168,0.04495,-0.21779,0.25226,0.035359,-0.07375,-0.043969,-0.070239,-0.018907,0.0739,0.18463,-0.18085,0.069156,0.0041036,-0.061118,0.075375,-0.10813,0.14485,-0.12324,0.20587,-0.049959,-0.015221,-0.05115,-0.050595,-0.15899,0.013748,-0.070106,0.16981,0.12305,0.14472,-0.0574,0.063884,-0.20302,-0.11399,-0.23801,-0.032115,0.047289,-0.23233,-0.028846,0.12621,0.20014,0.030523,0.03006,-0.053021,-0.11423,-0.029011,0.049494,0.09318,0.0029402,-0.22515,-0.084794
