-0.13148,0.042461,-0.19556,0.046776,-0.056514,0.15542,-0.001421,0.099741,0.16119,0.020981,-0.043474,0.014534,-0.14406,-0.1975,-0.064317,0.013692,-0.068081,-0.1156,0.017221,0.022945,-0.11729,-0.01682,-0.0079753,-0.15669,0.12823,0.047231,0.0088119,-0.084058,-0.0049114,-0.14489,-0.13149,0.33117,-0.0039773,0.042617,-0.05584,0.044336,0.11866,0.17876,-0.067446,-0.097305,-0.1815,0.099131,0.020577,-0.045968,0.031978,-0.003979,0.23286,0.12943,-0.16393,-0.015201,0.011013,-0.23362,-0.0027219,-0.01278,-0.093586,-0.22671,-0.026834,-0.005167,0.026017,0.14933,-0.08156,0.12951,-0.036866,0.20077,-0.062893,-0.038497,0.17495,0.0037162,0.16079,0.041407,0.053944,0.07459,0.052587,-0.29243,0.059907,-0.081079,0.14929,-0.039293,0.0018929,-0.096088,0.10042,-0.12437,0.024616,-0.095591,-0.12443,0.142,-0.13206,0.090263,0.24832,0.00015766,-0.022441,-0.026482,0.020132,-0.13057,0.11944,0.21389,0.15881,-0.17563,-0.10294,-0.12522
-0.10848,0.048699,0.045714,0.3356,-0.052846,0.12193,0.095433,0.012991,0.14745,-0.067924,-0.070998,0.16187,-0.1537,-0.046341,-0.13823,-0.1142,0.094018,0.11506,0.049553,-0.079472,-0.0064513,-0.043388,0.086908,0.029529,0.11345,0.05233,0.084975,-0.0081512,0.016981,-0.020381,0.00048066,0.28481,-0.11663,0.031012,-0.025841,0.065033,0.32922,0.14869,-0.055692,-0.01981,-0.25124,0.08654,0.069131,-0.0074429,-0.10603,0.24213,0.14711,0.075667,-0.39709,-0.11689,-0.041236,-0.33452,0.055133,0.065571,-0.22239,0.073241,0.020187,-0.12842,-0.037238,0.042181,0.036923,0.16208,-0.05055,0.11814,-0.0051896,0.13503,-0.023949,-0.1579,-0.12235,0.085691,0.093065,-0.090364,0.085587,-0.22184,-0.058933,-0.13475,0.18018,-0.079305,0.032808,-0.11941,-0.010162,-0.25531,-0.13278,-0.10871,0.046019,0.15363,-0.012088,0.20209,0.20748,0.14995,-0.061034,0.025309,-0.070441,-0.081527,-0.0030005,0.087184,0.025976,-0.044112,0.049043,-0.066836
0.1262,0.10462,-0.040819,0.017293,0.024783,-0.10067,-0.15508,0.1447,0.13667,-0.059638,0.20661,0.11827,-0.33495,0.05743,-0.085898,-0.075555,-0.040545,-0.057251,0.02903,-0.052905,-0.059573,0.099499,0.17205,0.12856,-0.060687,0.088723,0.1219,0.054178,0.049855,-0.087575,0.071833,0.10146,-0.069998,0.0489,-0.067057,0.1064,0.083804,0.16042,0.1306,0.038747,-0.10106,0.096503,-0.29469,0.0019629,-0.040488,0.05388,0.091931,0.043807,0.20043,-0.03613,-0.079222,-0.064587,0.2284,0.016431,-0.14927,0.035786,-0.10092,-0.15576,0.079533,-0.084645,0.20116,0.33546,-0.066356,0.083946,-0.038696,0.050059,-0.031478,0.059245,-0.21857,0.13911,0.034255,-0.061237,0.088067,-0.06582,-0.044819,-0.0091794,0.072552,-0.0060027,0.14535,-0.083965,0.15675,0.022814,-0.16852,-0.11178,-0.13605,-0.042253,0.078698,0.27829,0.058497,-0.23978,0.18929,-0.0077266,0.12512,-0.24516,0.1534,0.11479,-0.1456,0.15354,0.018493,-0.032018
-0.23755,0.063177,-0.00026891,-0.14366,-0.11941,0.11167,0.081746,0.053418,0.0082514,0.17631,0.0086406,-0.10063,0.0021707,0.22896,0.12186,0.061207,-0.052758,-0.058145,-0.062484,-0.047205,-0.14847,-0.12496,-0.15447,0.013379,-0.093565,0.052161,-0.183,-0.11711,0.16983,-0.27467,0.18451,-0.078167,0.077414,-0.054914,0.07308,-0.096788,0.0036041,-0.11644,-0.042972,-0.067963,-0.16576,0.19744,-0.17721,-0.11292,-0.12211,0.10657,0.10164,-0.26914,0.12315,-0.025105,0.026581,-0.080387,0.099044,0.031253,0.032966,-0.13347,0.058084,-0.096504,-0.090451,-0.036535,-0.055205,-0.14231,0.044423,-0.078259,-0.021783,0.14475,0.05845,-0.25782,0.087436,-0.044022,-0.16639,0.18755,0.082066,0.023684,-0.20086,-0.060625,-0.07058,-0.11595,-0.0011373,-0.15027,-0.074817,0.036024,-0.13508,0.19026,-0.042478,-0.012564,-0.051869,0.22928,0.099981,-0.016219,-0.16286,-0.05795,0.1112,-0.065333,0.06425,0.043161,-0.19206,0.13155,0.097415,-0.071382
-0.10056,0.14037,-0.10342,-0.07402,-0.061439,-0.062735,-0.13072,0.033566,0.22269,0.00053441,0.058562,-0.0035211,-0.051249,0.1644,0.021587,0.062724,-0.052574,0.059601,-0.16406,-0.049466,-0.026597,-0.11137,0.14931,-0.03449,-0.194,0.19107,0.049386,0.031389,-0.046769,-0.037974,0.1284,0.0053686,-0.064158,0.02356,-0.036096,-0.13215,-0.071319,0.14873,0.12909,-0.069283,-0.21419,0.24343,0.091392,-0.12397,-0.098285,0.068396,0.050567,-0.23443,0.1433,0.051194,-0.01001,-0.054016,0.091555,-0.15512,-0.016729,0.10095,-0.10305,-0.18743,0.066963,0.10887,-0.0080827,0.089566,0.13374,0.068726,-0.11526,0.017815,-0.035256,0.056981,-0.16963,0.089453,0.034389,0.074363,0.080903,0.007996,-0.057495,-0.14111,-0.28361,-0.37513,-0.085242,-0.15188,0.011944,0.091353,0.077691,-0.03692,-0.11805,0.18231,-0.020908,0.16272,0.18722,-0.0191,-0.059671,-0.087877,0.0060345,-0.1272,0.18576,0.046894,0.15686,0.087053,0.22018,-0.041837
-0.16635,0.048249,-0.12032,0.047884,-0.08139,0.07514,-0.059333,0.10294,0.18322,0.028994,-0.17179,0.074222,-0.088591,-0.10844,-0.11991,0.087392,-0.048598,-0.07048,0.069368,-0.029602,-0.16676,-0.072536,0.10205,-0.15392,0.12888,0.08773,0.016919,-0.0099802,0.031421,-0.081046,-0.15455,0.3474,0.041501,0.17141,-0.054237,0.10925,0.2017,0.044102,-0.055001,-0.028877,-0.20133,0.079818,-0.0078752,-0.11471,-0.06928,0.056997,0.21647,0.15318,-0.1539,0.0046417,0.15545,-0.1213,0.030284,0.20202,-0.10126,-0.25533,-0.0090586,0.028056,-0.016607,0.17245,-0.074062,0.2421,-0.028226,0.25533,-0.013493,-0.045216,0.091185,0.025083,0.18601,0.099909,-0.01772,0.012237,0.055333,-0.34547,0.070201,-0.018479,0.055301,0.076582,0.0099672,-0.10539,0.13592,-0.15298,-0.07214,-0.22707,-0.13187,0.1046,0.020474,0.039346,0.19875,-0.055659,-0.12567,-0.028765,-0.033563,-0.19367,0.15234,0.1505,0.11873,-0.14602,-0.10792,-0.16322
-0.13721,0.065488,-0.22988,0.054671,-0.079345,0.17805,-0.023847,0.091605,0.14269,0.015586,-0.092315,0.034716,-0.10865,-0.17076,-0.056038,-0.019088,-0.057624,-0.11999,-0.023294,0.051249,-0.11488,-0.037309,-0.069282,-0.11021,0.092161,0.05941,0.064378,-0.033819,-0.0038617,-0.17282,-0.14411,0.27712,-0.024097,0.090946,-0.066257,0.004481,0.12329,0.24114,-0.1264,-0.088928,-0.21272,0.1364,-0.00027457,-0.084771,0.067516,-0.014547,0.20922,0.071524,-0.16686,0.010027,-0.017748,-0.22461,0.057632,-0.02921,-0.18829,-0.19165,-0.034452,-0.086188,0.0074891,0.12079,-0.09719,0.07716,-0.07223,0.19462,-0.044372,0.021631,0.18067,-0.016083,0.15945,0.072387,-0.0064626,0.081088,-0.0034927,-0.27503,-0.0038802,-0.10219,0.16003,-0.001721,0.046388,-0.044734,0.087329,-0.14577,-0.0082744,-0.057808,-0.10269,0.15973,-0.18568,0.08625,0.21715,0.0087747,0.017339,0.057655,0.038668,-0.12101,0.11242,0.24759,0.11674,-0.18789,-0.094831,-0.14821
-0.072637,-0.062885,-0.2011,0.044945,0.040893,0.032162,0.01826,-0.0030738,0.11942,-0.08205,-0.047597,0.020571,-0.20774,-0.21874,-0.18565,0.0078667,-0.11514,-0.11315,0.054095,-0.092287,0.0028233,-0.077517,0.030712,-0.0381,0.1587,-0.027386,0.033162,0.059926,0.099953,-0.18042,-0.039866,0.21084,-0.058565,0.074211,-0.10563,0.018989,0.018263,0.013883,-0.13665,-0.07793,-0.094884,0.040877,0.1259,0.02758,0.046077,-0.13659,0.15002,0.13312,-0.16786,-0.039071,0.077152,-0.14386,0.006422,0.051068,0.068989,-0.13117,0.050684,-0.019592,0.012365,0.24061,-0.1041,0.078551,0.033051,-0.00050587,0.10187,0.012178,0.15354,0.069604,0.19706,-0.013121,-0.025269,0.07286,0.029198,-0.29157,0.0023414,-0.088216,0.15196,0.11929,-0.076582,-0.080115,0.16778,-0.13913,-0.045619,-0.079055,-0.11393,0.11784,-0.16355,0.1086,0.24344,0.14073,-0.14289,-0.097104,-0.047123,-0.094802,0.13566,0.055961,0.16657,-0.13154,-0.078252,-0.08653
-0.056419,0.098042,-0.083728,0.2506,0.22639,-0.014081,-0.13241,0.105,0.12209,0.037221,0.026261,0.040343,-0.063989,0.2313,0.039233,-0.013574,-0.20227,0.071972,-0.090767,-0.080894,-0.023642,-0.057284,-0.12249,0.029628,-0.21554,-0.01612,0.0305,0.0047622,0.20945,-0.13607,-0.035715,-0.094567,-0.14815,-0.23507,-0.050462,0.14096,-0.13133,0.17895,-0.034317,-0.25107,-0.011171,0.053904,-0.12845,0.033675,0.046256,0.093855,-0.048296,-0.10781,0.12006,-0.11714,0.015625,-0.15804,0.20972,0.13805,0.0050757,-0.035259,-0.076517,0.11195,-0.081168,0.24773,-0.017694,0.12437,-0.0052568,-0.0033144,-0.012049,0.072686,0.19673,-0.036712,0.062797,0.076653,0.016445,0.021707,0.1048,0.066834,-0.12984,-0.10099,0.046599,-0.11668,-0.18594,0.046127,0.040068,-0.28807,0.11816,0.13158,-0.085779,0.23655,-0.13842,0.16391,0.09724,0.095993,0.050885,-0.12926,0.010184,0.032743,0.21447,0.13944,-0.10391,0.27825,0.022249,-0.074252
0.036475,-0.14755,-0.29104,0.079634,0.0080791,0.16494,-0.099953,0.16315,0.16393,0.0072384,-0.069899,0.23613,-0.16707,-0.10557,-0.092755,-0.056799,-0.27334,-0.16519,-0.032684,-0.19336,0.043728,-0.10505,0.023719,0.030648,0.138,-0.093061,0.075908,-0.10267,0.04048,-0.070111,-0.096991,0.14175,0.18943,0.17098,-0.17452,-0.0019838,0.10879,0.17197,-0.1574,-0.15492,-0.15812,0.172,0.02256,-0.048916,0.069419,0.029655,0.086088,0.12412,-0.32861,-0.093645,0.28762,-0.12844,0.18352,0.1245,-0.23383,-0.21383,0.052424,-0.061397,-0.055666,0.15827,-0.18106,0.057232,-0.14643,0.073491,0.10896,-0.071862,-0.099102,-0.011669,0.013798,0.23618,0.08948,0.096891,-0.015834,-0.20329,0.036914,0.13884,0.069704,0.2013,0.031527,-0.30645,0.25141,-0.10031,-0.13411,-0.28719,-0.18931,0.20964,-0.15711,0.20702,0.32585,0.11595,-0.096542,-0.21799,-0.062159,-0.1954,-0.13627,0.13805,0.1651,0.028474,0.022467,-0.28266
-0.16581,0.06722,0.060072,0.0079778,-0.10423,0.27546,-0.071964,0.10547,0.11544,0.13932,0.089456,0.14977,-0.11966,0.12568,0.069444,-0.053244,-0.020935,-0.086705,-0.13853,0.065473,-0.089728,-0.17493,-0.093136,-0.11294,-0.012646,-0.014196,-0.089716,-0.17523,-0.12533,-0.17222,-0.039899,-0.0069888,0.2001,-0.091027,0.0055961,-0.090448,0.044295,-0.084992,-0.094752,0.0031644,-0.16878,-0.009493,0.028114,-0.13697,-0.042419,0.14155,-0.19094,0.05158,0.030411,-0.21529,-0.003771,-0.19769,0.16832,0.043928,-0.031185,-0.22772,0.18591,-0.049362,0.09395,-0.039114,0.017046,-0.1199,0.057416,0.12123,0.021686,0.16839,0.071146,-0.18094,0.035802,0.12031,0.032905,0.19649,-0.044084,0.0283,-0.2189,0.027096,-0.10587,0.0047066,0.12682,-0.034907,-0.091451,-0.044975,-0.17912,0.0033646,0.13155,-0.039125,-0.10641,0.090849,0.1418,-0.12136,-0.071059,-0.065681,0.060037,-0.1268,-0.091517,-0.068854,-0.045819,0.067308,-0.061226,0.099102
0.11655,-0.043383,0.074173,0.016274,-0.12529,0.22262,0.0033443,0.18566,-0.036707,0.17171,-0.0029613,-0.074184,-0.12285,-0.088795,0.27498,0.12799,0.13756,-0.07706,-0.0089875,0.15344,-0.37387,-0.25307,0.07564,-0.042111,-0.12438,-0.074314,0.018582,-0.11788,0.017413,-0.03088,-0.04237,-0.02608,-0.012955,-0.018707,-0.16876,-0.019199,-0.11032,-0.067569,0.0031428,-0.021756,-0.36938,0.15524,-0.11593,-0.11007,0.023338,0.21291,0.068346,-0.039939,0.25925,-0.077529,0.071149,-0.054071,0.020126,0.010037,-0.035876,-0.095477,0.020486,0.0078929,-0.064079,-0.021188,-0.061322,-0.15453,0.046066,-0.086926,-0.10439,-0.044564,0.18888,0.089209,0.24027,0.00047404,-0.037675,0.17831,-0.094625,-0.05992,-0.059085,0.045255,-0.090946,0.018165,0.025713,0.075591,-0.061466,-0.14983,-0.013768,0.11827,-0.13681,0.093144,-0.048074,0.082802,0.074284,-0.034553,0.021054,-0.10898,0.13644,-0.1391,-0.1058,-0.05261,0.14496,0.022496,-0.027652,-0.078942
0.099113,0.14631,-0.1199,-0.071441,-0.0042787,0.29048,-0.01916,0.10907,0.027836,-0.01693,0.2074,0.094308,0.0095741,-0.0053744,-0.093008,0.0048488,0.1448,-0.16639,-0.25046,0.14979,-0.10334,-0.11685,0.1247,-0.099962,0.088564,0.049324,0.12129,-0.29996,-0.13271,-0.015962,-0.022493,0.069265,-0.022799,0.069107,0.043047,-0.0521,0.059754,-0.044065,-0.13962,-0.30107,-0.15376,0.20824,-0.034354,0.017964,-0.00712,0.027251,0.04106,0.0063599,0.036118,-0.15296,-0.13726,0.085249,0.086963,0.054414,0.029416,0.095751,-0.024597,0.011299,-0.253,-0.10649,-0.22152,-0.026707,0.10044,0.11942,-0.047323,-0.05292,-0.048439,-0.16481,-0.051264,0.10643,0.027698,0.091132,0.034796,-0.12533,0.14727,-0.10348,-0.22054,-0.18816,-0.026273,0.033489,-0.17386,0.02078,-0.20445,0.114,0.04567,0.0021661,-0.069155,0.095958,0.025125,0.12683,-0.11677,0.083114,0.038795,-0.06298,-0.0012531,-0.18781,-0.033515,0.089726,0.0486,-0.020424
0.0012355,0.011112,-0.14444,0.021534,0.059842,-0.058875,-0.032065,0.1055,0.12126,0.051309,-0.0069428,-0.057191,-0.0097108,0.05525,-0.052571,0.10732,0.03842,-0.2302,-0.0227,-0.12331,-0.12655,0.13475,0.053756,0.015094,-0.032457,0.098515,0.12203,-0.16882,0.065719,-0.11767,-0.10818,-0.099085,0.15003,0.090388,-0.090075,0.00038306,-0.042245,-0.07555,0.021009,-0.14358,-0.17831,0.16116,0.049485,-0.014299,-0.055831,0.089072,0.10043,0.076781,0.070765,0.17033,0.053329,-0.27491,-0.043217,0.069176,0.34262,0.040562,-0.018941,-0.16928,0.11363,0.32717,-0.16595,-0.13044,0.11609,-0.020591,0.26975,0.16345,0.091733,0.097353,0.096608,-0.0065156,-0.02463,-0.16926,-0.028987,-0.039876,-0.03628,0.075074,-0.073397,0.019552,0.091605,-0.015993,-0.045463,0.084699,-0.0047751,0.092522,-0.19129,-0.084609,0.028249,0.075924,0.17405,0.024337,0.025388,-0.27241,0.059968,-0.06235,0.11414,-0.19072,-0.0087347,0.0022092,0.14515,0.12048
-0.20095,0.039374,-0.12961,0.082679,0.044523,0.18034,0.070702,0.047403,0.030797,0.33334,0.043999,0.041736,-0.10724,-0.017176,-0.024571,-0.10225,-0.066137,-0.092465,-0.16631,0.039844,-0.11201,-0.087768,-0.1082,-0.10209,0.029984,0.12039,0.086742,-0.13603,-0.028627,-0.091297,0.082534,0.0035538,-0.069239,-0.081111,-0.02092,-0.051823,-0.064251,0.14309,-0.029795,0.013225,-0.044633,-0.017056,-0.050623,-0.020993,-0.091594,0.053907,-0.039076,-0.14125,0.12541,-0.26384,-0.031952,-0.026225,0.017297,-0.064292,-0.067078,-0.13961,0.05736,-0.18091,-0.0039101,-0.10326,0.055661,-0.19775,0.13726,0.015598,0.15653,-0.01563,0.18897,-0.15212,0.052743,0.031655,-0.079573,0.2022,-0.049956,-0.026425,-0.16014,0.12062,-0.31643,-0.13014,-0.082165,-0.045118,-0.199,-0.063254,-0.16286,-0.045031,0.031982,0.1033,-0.19274,0.26519,0.081141,0.075389,-0.18257,-0.026119,0.089019,-0.089727,0.043504,-0.086756,0.032299,-0.0046915,0.018678,0.12535
0.090621,0.046435,-0.20253,0.11089,0.11719,0.16233,-0.060126,0.06195,0.011667,-0.076085,-0.13339,0.20214,-0.081219,-0.1844,-0.042687,-0.14296,-0.25154,0.054265,-0.055784,-0.20871,-0.13092,-0.10642,-1.4946e-05,-0.017495,0.10863,-0.039109,0.03077,-0.10495,-0.029249,0.011569,0.09138,0.23817,-0.063272,0.20303,-0.083378,-0.0010888,0.2076,0.2311,0.067109,0.061843,-0.16432,0.043955,-0.042645,-0.12143,0.12344,0.078096,0.21774,0.18242,0.0021062,-0.12503,-0.056673,-0.24049,0.14818,0.082867,-0.22007,-0.12863,-0.079817,0.1594,-0.19344,0.065246,-0.12887,0.088042,-0.12357,0.0086648,0.054757,-0.20754,0.21034,0.051873,0.15609,-0.0039347,-0.011109,-0.015138,0.20476,0.03094,-0.01942,-0.28749,0.29538,0.10311,0.040225,-0.13057,0.16609,-0.19476,0.16467,-0.1333,-0.21452,-0.028275,-0.10522,0.10559,0.064289,0.034545,-0.039744,0.0065063,0.081957,-0.19829,0.0096301,0.030579,0.022687,-0.037281,-0.21686,-0.074958
-0.028185,-0.029207,-0.10093,-0.059494,0.12351,-0.027025,0.092554,0.25619,0.075892,0.13061,-0.016289,0.034428,-0.088289,0.067821,-0.019176,0.087219,0.21733,0.010342,-0.080044,-0.12351,-0.16569,-0.22075,-0.033345,0.10531,0.062773,0.0030256,0.069843,0.15294,-0.16109,-0.31784,0.11006,-0.032171,0.12964,0.087541,-0.095291,-0.096554,-0.046681,0.0039,-0.087174,-0.15347,-0.084568,0.090727,0.066156,-0.089866,0.0065206,-0.11746,-0.19065,-0.24837,0.16444,-0.083122,0.25585,-0.075,0.055231,0.13634,0.039016,-0.18357,0.1289,-0.11088,0.24049,-0.054246,-0.19398,-0.12915,0.022325,-0.080954,0.073555,0.081537,0.17309,-0.052675,-0.056783,0.13468,-0.10105,0.07394,0.029505,-0.15875,-0.099059,0.23561,-0.040312,0.016562,-0.044497,0.048026,-0.033456,0.13975,-0.25275,-0.10971,-0.12004,0.00050953,-0.21756,0.19135,0.093771,0.098463,-0.21226,0.026073,0.12133,-0.047771,0.0061344,-0.10913,0.16093,-0.026928,0.23548,0.21043
-0.06905,0.21106,-0.020527,0.13286,0.17679,0.081908,-0.08138,0.076676,0.14852,0.12723,0.0040367,0.035499,-0.040992,0.15135,-0.0096274,-0.062011,-0.29554,0.0091449,-0.0019985,-0.045128,0.0175,-0.018662,-0.022817,-0.0018619,-0.18421,-0.045066,-0.10899,-0.018285,0.20723,-0.091417,0.015255,-0.089813,-0.16679,-0.12372,-0.10796,0.14727,-0.14764,0.039709,0.089314,-0.21816,0.092138,0.0089431,-0.15752,-0.021167,0.06661,0.0029479,-0.044856,-0.055325,0.05825,-0.13469,0.053035,-0.17933,0.15032,0.23943,0.046341,-0.016915,0.011882,0.16152,-0.12061,0.18046,0.031302,0.15121,0.027607,0.03679,-0.093303,0.0076,0.068599,0.057923,0.059192,0.028976,-0.048995,-0.08738,0.17191,0.0026845,0.10634,-0.058291,0.081566,-0.13948,-0.14334,-0.0038979,0.081848,-0.20101,0.025357,0.027026,-0.10729,0.067882,-0.10362,0.064505,0.11729,0.00798,0.13441,-0.079454,0.03348,0.02258,0.11288,0.16167,-0.040627,0.35693,0.065751,-0.013661
-0.12322,0.073537,-0.051789,0.087386,0.10289,0.14824,-0.12104,-0.007198,0.19802,-0.094473,-0.085012,0.10612,-0.16204,0.17462,0.20297,-0.24652,-0.22627,0.088062,-0.06992,0.014681,0.087205,0.075104,0.20598,-0.14564,-0.0090385,-0.10418,-0.056223,0.056852,-0.030208,0.048996,0.071632,-0.004306,-0.057735,0.17858,-0.087628,0.11594,-0.030548,0.21395,0.032155,-0.096901,-0.0085821,0.18453,-0.13483,0.077468,-0.085991,0.20158,0.05969,0.1034,-0.1372,0.087225,-0.032837,-0.21146,0.03369,0.16076,-0.14075,0.024031,-0.087059,0.1004,-0.19465,0.057894,-0.15863,0.092318,-0.011202,0.030875,-0.00098852,0.027734,0.024712,0.046789,-0.067774,0.21685,-0.034613,-0.035112,0.1611,-0.0061426,-0.051734,-0.15855,-0.072593,-0.18336,-0.0052123,-0.055762,0.33042,-0.071242,0.035785,-0.0085713,0.049079,0.21611,-0.17733,-0.037783,0.22888,-0.062937,0.15126,-0.012067,-0.11239,-0.12519,-0.004369,0.23227,0.23421,0.30808,-0.051971,0.0069745
-0.035011,0.061644,-0.014425,0.21108,-0.013285,0.072341,0.076484,-0.12345,0.014441,-0.022338,-0.019683,0.15843,-0.0093492,-0.034247,-0.15462,-0.068026,-0.07545,0.099075,-0.0072213,-0.11548,-0.069567,-0.095061,-0.18186,0.043075,0.1266,-0.063593,0.034678,0.05239,0.19617,-0.16211,-0.02267,0.18549,-0.11823,-0.17244,0.0086958,0.18319,0.13646,0.1107,-0.012297,-0.17797,-0.060549,0.11561,-0.034386,-0.069163,-0.064967,-0.033698,0.18416,-0.086134,-0.26834,-0.17506,0.12145,-0.30835,0.026079,0.18584,-0.08546,-0.067667,0.074665,0.069794,-0.11471,0.10149,0.016632,0.068128,-0.017702,-0.042118,0.036128,-0.20349,0.12046,0.010239,0.20813,0.059889,0.13478,0.017671,0.050636,-0.083282,0.10755,-0.032518,0.30939,-0.026909,-0.071884,0.064206,0.11667,-0.30187,0.0087654,-0.094945,-0.017863,0.052675,-0.020697,0.22723,0.16532,0.099869,-0.038195,-0.043391,-0.017293,0.0057429,0.16699,0.2052,-0.11673,0.081812,-0.1505,-0.2298
-0.033598,-0.037842,-0.18868,0.04455,0.035782,0.052837,-0.013315,0.0070021,0.13845,-0.042513,-0.076846,-0.0010748,-0.18767,-0.20439,-0.18909,-0.043145,-0.08383,-0.12225,0.053776,-0.056948,0.0067618,-0.0896,-0.01269,-0.02455,0.1495,-0.048622,0.062519,0.054181,0.06711,-0.17374,-0.028405,0.21947,-0.061236,0.13895,-0.12241,0.019208,0.029929,0.031813,-0.16893,-0.052922,-0.097845,0.049921,0.13958,0.02064,0.043696,-0.12348,0.16683,0.084238,-0.18105,-0.037882,0.054688,-0.12622,0.0069611,0.066826,0.032115,-0.11679,0.066521,0.029656,0.0065703,0.25088,-0.10452,0.054801,0.0089538,-0.01868,0.12999,0.025151,0.13175,0.081362,0.20331,-0.022112,-0.080691,0.07304,0.059006,-0.31164,0.0055899,-0.11382,0.14178,0.15312,-0.074225,-0.0678,0.18454,-0.14651,-0.081191,-0.086782,-0.094882,0.098324,-0.16456,0.075527,0.21033,0.14665,-0.12581,-0.060164,-0.072932,-0.075933,0.12554,0.10417,0.13207,-0.14395,-0.06152,-0.09386
0.01403,0.025449,-0.17903,-0.15487,-0.1015,0.25426,0.10277,0.038773,-0.027257,0.075421,0.21123,0.045633,0.051761,0.10719,0.091226,0.0010802,0.15034,-0.10882,-0.01645,0.039725,-0.11034,-0.15071,-0.013683,-0.22346,-0.12277,0.073516,-0.027069,-0.15255,-0.033478,-0.19163,0.15842,0.092723,-0.061399,-0.13195,-0.19733,-0.03183,0.042046,-0.10926,-0.083115,0.0022221,-0.17197,-0.0094091,0.08138,0.08809,-0.0036804,0.020416,0.049701,-0.011944,0.15492,-0.0081557,-0.10299,-0.0074302,0.10244,0.0070964,0.072832,-0.13723,0.030134,-0.13886,-0.1341,-0.13415,-0.1644,-0.070361,0.10533,0.017714,0.072528,-0.098924,0.22945,0.027245,-0.070656,0.044851,-0.058444,0.19433,-0.00087233,-0.12913,-0.052138,0.044742,-0.1347,-0.14098,0.0043551,-0.099494,-0.14137,0.043248,-0.14814,0.023534,0.074983,0.037127,-0.23957,0.12442,0.062624,-0.042438,-0.10047,0.12929,0.028043,-0.061871,-0.10075,-0.085471,-0.091032,-0.095437,0.053468,-0.059256
-0.11809,0.10871,-0.12819,-0.090264,0.015421,-0.018608,-0.066096,-0.042403,0.16116,0.16515,0.082626,-0.12524,0.063113,0.171,0.071026,-0.15235,-0.030477,-0.07193,-0.25436,-0.02204,0.018886,-0.13552,0.085058,0.020453,-0.20778,-0.025992,-0.017993,0.069015,0.028641,-0.042952,-0.037921,-0.090248,0.058543,0.002829,0.034926,0.019587,-0.018356,0.041506,-0.18363,0.023076,-0.13026,0.25565,0.058099,-0.011492,-0.20327,0.017589,0.010476,-0.12104,0.02304,-0.062538,-0.066075,-0.015671,0.036048,0.0061021,-0.12282,0.082422,-0.024059,-0.098228,0.0019487,0.043746,0.0069668,0.15366,0.10437,0.00072671,-0.1338,0.0030163,-0.066494,-0.0055945,-0.086405,-0.10018,-0.033489,-0.016197,0.081751,0.22209,0.099489,-0.06112,-0.19319,-0.29907,-0.079628,-0.24473,-0.11406,-0.12865,0.046938,-0.031384,-0.081934,0.15829,-0.18362,0.24545,0.10515,0.016541,-0.12659,-0.16382,0.015658,-0.07605,0.10139,-0.011009,0.19737,0.070405,0.13553,-0.051221
-0.0036622,0.11601,-0.0027263,0.098444,0.073297,0.062738,-0.093026,0.0024783,0.11684,-0.0082837,0.088581,-0.1046,-0.064257,0.1172,-0.0041591,0.018504,0.18551,-0.023322,0.051396,0.1069,-0.10958,-0.036986,-0.19386,-0.24284,0.067607,0.1741,-0.066621,-0.0021871,0.013519,-0.11553,0.12026,-0.020203,-0.0068616,0.24426,-0.15709,-0.092704,0.073556,-0.083671,-0.041454,-0.22197,-0.18712,0.055015,-0.23644,-0.072869,-0.0038362,0.085078,0.12895,0.034924,0.14748,-0.10011,0.10862,-0.21377,0.048713,0.053172,0.077952,-0.11264,0.021465,-0.077134,-0.065025,0.045852,-0.22023,-0.021213,0.17434,0.13265,-0.032527,-0.020053,0.12588,-0.089086,-0.037174,-0.063978,-0.040358,0.14418,-0.049058,0.0014486,-0.14054,0.094395,-0.061643,-0.070339,0.028554,-0.028234,0.015271,-0.063227,-0.065445,-0.010814,0.094182,-0.042775,-0.19983,0.066553,-0.15026,0.070017,-0.048765,0.023333,-0.10539,-0.083685,0.02673,-0.15862,-0.098812,0.047281,0.090656,0.28915
-0.038334,-0.051382,-0.082114,-0.075669,0.024434,0.096331,0.096184,0.13349,0.027812,-0.0059647,0.059076,0.04326,0.032745,-0.0021879,-0.046362,-0.082155,0.11323,-0.12586,-0.050246,-0.06011,-0.073544,0.012469,-0.0080459,-0.084709,0.0070743,0.070484,-0.0038206,-0.048025,0.00037759,-0.17698,0.038446,-0.051306,0.074689,0.079374,-0.29792,-0.034805,-0.024538,-0.14927,-0.056524,-0.072167,-0.30234,0.12274,0.093126,-0.088399,-0.096773,-0.083996,0.0068719,0.010311,0.00364,-0.071737,0.0019781,-0.13949,0.13956,-0.062791,0.16678,-0.02104,0.12574,-0.2266,0.050417,0.036326,-0.021168,-0.096926,0.1557,0.021258,0.10946,0.098522,0.16389,0.11619,0.091967,-0.02773,-0.087119,0.1649,-0.023496,-0.052568,-0.090643,0.18597,-0.16299,-0.018813,0.012925,0.0092475,0.0025072,0.029954,-0.052187,0.09031,-0.010631,0.03685,-0.12934,0.069576,0.20715,0.022222,-0.086264,-0.15384,-0.042571,-0.22298,-0.014305,-0.20716,0.037953,-0.08153,0.17508,0.227
-0.089217,-0.028436,-0.13505,0.1474,-0.016,0.22602,-0.13468,0.18972,0.22132,0.14915,-0.25551,0.21761,-0.07147,0.014688,0.033888,-0.15699,-0.1317,0.00019155,-0.057034,-0.15159,0.063123,-0.026305,0.072452,-0.19521,0.11273,0.10755,-0.057449,-0.19042,0.086312,0.038133,-0.047868,0.15057,0.03968,0.16988,0.13421,0.024508,0.18514,0.13358,-0.024719,0.042989,-0.21907,0.14447,0.1084,-0.18932,0.073043,0.050256,0.18506,0.12535,-0.33838,-0.033632,0.15728,-0.13689,0.075469,0.20923,-0.27035,-0.17011,0.12762,0.042417,-0.092812,0.078047,0.074962,-0.076952,0.0051665,0.17992,-0.16662,-0.13243,0.023208,-0.19066,0.10334,0.14894,0.11967,-0.034415,-0.019239,-0.12702,-0.060435,-0.052461,0.15544,-0.059922,0.16203,-0.15147,0.12544,-0.2878,0.084762,-0.2778,-0.16448,0.17778,-0.10141,0.12868,0.053605,0.045087,-0.034946,-0.11679,0.088994,-0.13223,-0.013683,0.13281,-0.00092964,-0.030663,-0.11899,-0.19216
-0.015143,0.15242,0.067124,0.29566,-0.12537,-0.030599,0.071829,0.02054,0.024792,-0.019085,-0.11426,0.11909,-0.11655,-0.015822,-0.072164,-0.13169,0.014539,0.03478,0.1007,-0.046717,-0.073018,-0.098218,-0.029897,-0.079373,0.017017,0.057025,-0.001393,0.073285,0.084206,-0.22213,0.14468,0.17657,-0.13406,0.03611,-0.046085,0.095825,0.35888,0.22644,0.015691,-0.067079,-0.2375,0.055057,-0.041748,-0.13017,0.076374,0.0099256,0.24586,0.079561,-0.24441,-0.074515,-0.075694,-0.34463,-0.092039,-0.024403,-0.07514,0.010181,0.048109,0.0082309,-0.10566,0.072262,-0.033313,0.24945,0.057438,0.11304,0.05148,-0.095071,0.14256,0.0036211,0.035047,0.070187,0.022201,-0.023336,-0.0064613,-0.18855,-0.074685,-0.086002,0.16627,-0.11936,0.11404,-0.13016,0.19547,-0.26779,-0.09741,-0.013411,-0.029774,0.057793,-0.0030132,0.22958,0.1182,0.023589,-0.10584,0.11585,0.024303,-0.2327,0.14405,0.28466,-0.032492,-0.085474,-0.19783,-0.093869
-0.04104,0.047753,-0.13838,0.083349,0.040417,0.15373,0.12348,0.13805,0.14328,-0.027513,-0.19161,0.094248,-0.03985,0.01181,-0.043806,-0.00086399,-0.05763,-0.08378,-0.13444,-0.050562,-0.14932,-0.11886,0.027153,-0.18811,0.10589,-0.049496,0.035883,-0.13783,-0.054491,-0.16565,0.034709,0.14001,-0.015101,0.064256,-0.079432,0.10524,0.16036,0.13048,-0.075799,0.13555,-0.21488,0.030008,-0.08936,0.0087495,0.10176,0.11925,0.22472,-0.020797,-0.22606,-0.089668,0.044901,-0.25242,-0.02137,0.040842,-0.18616,-0.13993,0.030918,0.13707,-0.016131,0.039619,-0.039604,-0.087933,0.0075367,0.027329,-0.081178,-0.13118,0.23437,-0.12898,0.063863,-0.016482,-0.097831,-0.038327,-0.010907,-0.11161,0.085797,-0.17703,0.28348,-0.040808,0.12864,-0.18293,0.16932,-0.14569,0.012695,-0.21206,-0.32046,0.028427,0.051668,0.082059,0.2475,0.020009,-0.015309,-0.00033131,0.0064399,-0.32095,0.098952,0.16816,0.084884,-0.1391,-0.27546,-0.15093
-0.21644,0.14438,0.15985,0.036072,-0.047395,0.3356,0.092502,0.31014,0.046978,0.11456,0.036807,0.084006,-0.17737,0.11504,0.040086,-0.030572,0.14147,-0.096581,-0.063077,0.14628,-0.0045959,0.030249,-0.10038,-0.10024,-0.021688,0.10644,-0.030932,-0.18998,-0.13079,-0.17312,0.061791,0.011878,0.17805,0.076881,0.078827,-0.11997,0.042689,-0.069887,-0.050554,-0.030803,-0.21636,-0.11968,-0.05258,0.0081304,0.015064,0.23901,0.053919,-0.059376,0.11189,-0.19396,0.022943,-0.16492,0.048122,-0.021823,0.054645,-0.14325,-0.036757,-0.0052492,-0.085358,-0.049697,0.064962,-0.11302,-0.14617,0.10124,-0.045353,0.10197,-0.025114,-0.071844,-0.10923,0.071221,-0.069196,0.069363,-0.023806,-0.082345,-0.25765,0.064207,-0.2632,-0.11135,0.010995,-0.023085,0.0231,0.1723,-0.1607,-0.026608,-0.14183,0.14578,-0.061399,0.35393,0.077927,0.17664,0.19117,-0.01226,0.15338,-0.11998,-0.15394,0.08639,0.12742,-0.1662,0.048034,0.16256
0.031423,-0.012626,-0.0877,0.0113,0.1432,-0.0047124,-0.0017642,-0.0069204,0.13021,-0.15777,-0.083561,0.041309,-0.19222,-0.095329,-0.12903,-0.00099449,-0.083324,-0.017874,-0.010002,-0.1396,0.11341,-0.060854,-0.0039699,-0.0070864,0.18113,-0.081419,0.12884,-0.082021,0.055125,-0.17075,-0.016316,0.31056,-0.056412,0.14955,-0.019246,-0.049588,0.14701,0.056627,-0.078952,0.054927,-0.12879,-0.0011784,0.019723,0.089513,0.026203,0.046461,0.095837,0.21262,-0.092143,0.062258,0.13834,-0.25191,0.12972,0.049576,0.036013,-0.032118,0.095264,0.058657,-0.065933,0.34956,-0.11138,0.10796,-0.0069623,0.0049251,0.068063,-0.092599,0.23569,0.050882,0.15914,-0.049709,-0.056131,-0.018019,-0.044968,-0.30838,0.032153,-0.022063,0.17898,0.11374,-0.083761,-0.066109,0.2243,-0.11289,-0.13768,-0.09541,-0.1881,0.088606,-0.12308,0.18731,0.087796,0.30046,-0.043935,0.021215,-0.065212,-0.12719,0.10058,-0.018076,-0.0051323,-0.066199,-0.13791,-0.16562
-0.20505,0.035326,0.035015,-0.09984,0.17054,0.2545,0.10449,0.12258,-0.067778,0.091064,-0.07819,0.098038,-0.089808,0.14245,-0.020992,-0.11749,0.02426,0.069181,-0.25472,0.070951,0.058338,-0.087245,-0.13061,0.053793,0.023873,0.078229,0.072487,-0.12797,0.056409,-0.27631,0.16085,-0.055747,0.0030669,0.18847,-0.034064,-0.017777,0.032732,-0.23828,-0.15119,0.06139,-0.16862,-0.045251,-0.011888,-0.0027897,-0.12907,0.087696,0.050394,0.023052,0.11098,-0.36293,0.099635,-0.098533,0.15847,0.031692,0.030698,-0.16074,0.017731,-0.081234,0.15968,0.10434,-0.1553,-0.04699,0.067115,-0.064317,0.041127,0.18225,-0.049228,-0.073137,-0.12093,-0.089175,0.084319,0.17322,-0.17005,-0.09572,-0.2236,0.21437,-0.28535,-0.071366,-0.047158,0.032536,-0.12258,0.0018621,-0.10157,0.12957,-0.045092,-0.016795,-0.13006,0.30279,0.024293,0.1627,-0.16548,-0.095526,0.065877,-0.025903,0.067703,-0.042973,-0.0036392,0.069054,-0.091119,0.048842
-0.076655,0.17476,0.14691,-0.20113,0.13172,-0.052793,-0.032079,0.10061,0.14986,0.18639,-0.027428,-0.0083443,-0.11837,0.014712,0.018985,-0.03705,0.023936,-0.2344,-0.080067,0.083965,-0.032875,0.00019504,-0.0099824,-0.076905,-0.14417,-0.035608,0.23085,-0.084056,-0.039415,-0.15835,0.1722,-0.11422,-0.098475,0.10572,-0.01259,-0.23174,0.12953,0.042459,0.056426,0.020087,-0.16415,0.14632,-0.17039,0.093319,-0.17271,0.36919,0.046343,-0.11783,0.05409,0.019899,-0.081971,-0.089278,0.15814,0.2132,-0.096534,-0.087456,-0.12492,-0.061099,0.051135,-0.055793,-0.13218,0.068683,-0.14746,0.046741,-0.073591,0.082853,-0.056405,-0.071678,-0.026156,-0.062264,-0.10177,-0.08706,-0.05104,0.074019,-0.18865,0.13765,-0.16164,-0.2037,-0.00060571,-0.16811,-0.17214,0.18088,0.0054466,0.15862,-0.12622,0.0023216,0.011935,0.23435,-0.055429,-0.075052,0.12329,-0.094407,0.13846,-0.10493,0.069546,0.24232,0.060825,-0.10119,-0.035898,-0.20089
-0.13595,0.16153,0.013472,0.16087,0.021233,0.090172,-0.020849,-0.057884,0.18972,0.11224,-0.10832,-0.16541,-0.012746,0.2228,0.1478,0.083907,-0.041434,0.06622,-0.119,0.063073,-0.14546,-0.27744,-0.12713,-0.034929,-0.20162,-0.0069098,-0.10199,0.21855,-0.073634,-0.18774,0.060824,-0.13138,0.046849,-0.083186,-0.060753,0.080684,0.088326,-0.022162,0.0035272,-0.16253,-0.1975,0.29888,-0.12601,0.032128,-0.15258,0.22489,0.27821,0.021903,-0.00076828,-0.15923,0.042162,-0.2299,0.10302,0.0031081,-0.0025295,0.021726,0.0066815,-0.0894,0.0033713,0.036816,0.097892,0.0090916,-0.043408,-0.064408,-0.21918,0.084317,0.050345,0.021481,-0.039958,0.12497,-0.0031347,0.074979,0.0021227,0.060901,-0.037072,-0.050207,-0.18204,-0.2141,-0.037067,-0.3331,-0.044754,0.0064382,0.012138,0.046417,-0.26046,0.24909,-0.060666,0.18192,0.11362,-0.056096,0.054446,0.033423,0.038782,0.051207,0.16946,0.012548,0.0063211,0.011582,0.031689,-0.035784
0.0098131,0.031391,0.085669,0.26667,0.022536,0.2089,0.033103,0.1353,0.18101,-0.13841,-0.11685,0.10145,-0.11485,0.018227,-0.14669,-0.049864,-0.10711,0.18707,0.088905,-0.037044,-0.089229,-0.023118,-0.067489,-0.12714,0.19127,0.12417,-0.039322,-0.18649,-0.023808,-0.054796,-0.052876,0.049098,-0.017944,0.036101,0.10856,0.047715,0.12656,-0.0022083,-0.19693,-0.15353,-0.16642,0.12906,-0.11893,-0.16702,0.10061,0.17933,0.021128,-0.075603,-0.22339,0.12007,0.056503,-0.18865,0.11011,0.24627,-0.044827,-0.05318,0.068497,0.077791,-0.011992,0.18773,-0.15646,0.02813,0.0066006,0.069802,-0.18879,-0.21459,0.11117,-0.15704,0.17462,-0.12772,0.15544,0.03705,-0.018701,-0.019661,-0.039894,-0.0098239,0.14763,-0.027727,0.22563,-0.039994,-0.063682,-0.21142,0.056828,-0.14184,-0.034907,0.1493,-0.051729,0.21084,-0.047443,0.17115,-0.035519,-0.030456,-0.014155,-0.13785,-0.074638,0.10189,0.10326,-0.083193,-0.19851,-0.20517
