0.15562,0.058356,-0.13443,-0.015243,0.077933,-0.089987,-0.032614,0.23497,0.067481,-0.024405,0.20425,-0.025365,-0.39451,0.018735,0.068792,-0.072781,0.038778,-0.032973,-0.068698,0.0089009,-0.035966,0.21439,0.1793,0.14341,-0.082657,0.20152,0.065035,-0.11464,-0.076023,-0.016189,0.023451,0.11635,-0.1292,-0.029299,-0.10169,0.15846,0.023352,0.25159,0.01759,0.030397,-0.091518,-0.037818,-0.13848,0.049117,0.15233,0.12914,0.063528,0.14729,0.11326,-0.018171,-0.18073,-0.064335,0.10869,-0.061302,0.17878,-0.0096405,-0.1245,-0.076138,-0.010255,0.018282,0.19487,0.25106,0.041594,0.065047,-0.11039,-0.018323,0.057002,-0.022032,-0.062605,-0.063323,0.023742,-0.11271,0.083693,-0.088796,0.10316,0.097359,0.03477,-0.081585,0.27763,-0.11049,0.20251,-0.10259,-0.13581,0.052333,-0.15052,-0.12676,0.06226,0.20997,-0.0057895,-0.17895,0.25547,-0.0021495,-0.028247,-0.20335,0.16122,0.20099,-0.15097,0.13691,-0.10742,0.061809
-0.012455,0.05242,0.04345,-0.014781,0.074767,0.088034,-0.055642,0.20821,0.05952,-0.08577,-0.15874,0.2128,-0.24737,0.012456,-0.042059,-0.095995,-0.12005,0.028299,-0.12439,-0.2195,0.12734,0.022963,-0.089705,0.055943,0.070955,-0.04257,0.1642,0.12965,0.24615,-0.19914,0.17234,0.14766,-0.22923,0.3151,-0.0029702,-0.089037,0.058597,0.012976,-0.14851,-0.25009,-0.13257,0.088419,0.10049,0.021091,0.13755,-0.039504,0.1452,0.22868,-0.282,-0.12903,0.080699,-0.08989,0.054392,0.048106,-0.004749,-0.091353,-0.080179,-0.12693,-0.093267,0.2049,-0.025541,-0.09003,-0.011209,0.10737,0.095695,-0.045447,0.086149,0.027191,0.065541,-0.087094,0.045038,-0.0052562,0.13449,-0.1289,0.02909,-0.19374,0.24103,0.12786,-0.053436,-0.18921,0.24941,-0.28662,-0.045664,-0.095828,-0.032097,0.068456,-0.080178,0.17937,0.19684,0.2385,-0.14875,0.039021,-0.029507,-0.17268,0.18326,-0.0965,0.13451,-0.019814,-0.088034,-0.094757
-0.107,0.061681,0.027986,0.039874,0.014433,0.19698,-0.12108,0.04457,0.090912,0.21257,-0.1041,0.14425,0.12642,0.027433,-0.010428,-0.17633,0.17687,-0.020342,0.010772,0.022123,-0.11478,-0.090549,-0.06879,-0.22506,0.10864,0.21153,-0.082851,-0.056219,-0.032148,0.017706,0.0091446,-0.022089,0.025833,-0.013711,0.020904,-0.077704,0.18425,-0.22555,-0.003414,0.02243,-0.26843,0.1752,-0.10248,-0.096092,-0.10067,0.020096,0.14712,0.022329,-0.0066586,-0.17456,-0.024924,-0.20078,0.22205,-0.0024602,-0.038064,-0.17645,0.16981,-0.27816,-0.081738,-0.054538,0.056673,-0.20581,0.10862,0.032779,-0.11133,0.14906,0.049318,-0.036649,-0.014293,-0.016283,0.11641,0.18899,0.022664,-0.01603,-0.15283,0.17083,-0.22674,-0.068144,0.01633,-0.23155,-0.0076346,-0.041792,0.015539,0.066,-0.051736,0.012841,-0.11322,0.23799,0.01236,-0.13583,0.10266,-0.066304,-0.014744,-0.31727,0.11143,-0.12384,-0.10441,-0.056839,-0.013716,0.19473
-0.15802,-0.043126,-0.25087,-0.10037,-0.091955,0.12477,-0.15107,0.012623,0.15011,0.046021,-0.14254,0.32415,-0.058582,-0.060805,-0.073016,-0.070657,-0.12376,-0.098034,-0.038901,-0.11879,0.10539,-0.12424,-0.054529,-0.27665,0.047539,0.019127,0.029538,-0.093243,0.16512,0.0223,-0.12017,0.30421,0.097239,-0.10777,0.046954,-0.01979,0.041287,0.21136,-0.017803,0.069897,-0.2506,-0.045357,0.19224,-0.094638,0.029323,-0.093017,0.14336,0.084306,-0.22671,-0.012512,0.050245,-0.24946,0.14912,-0.14751,-0.081523,-0.19975,0.0083609,0.024805,-0.050868,0.19187,-0.22935,-0.21268,-0.18636,0.058933,0.06586,-0.014219,0.033789,-0.24251,0.17139,-0.14293,0.056865,0.15364,0.091973,0.036007,0.0041065,-0.093417,0.20335,0.19327,0.17888,-0.12673,0.11513,-0.19192,0.14817,-0.20609,-0.16115,0.011741,-0.28152,-0.029709,0.037993,0.014316,-0.17499,0.0020758,0.083796,-0.11693,-0.034231,0.1424,0.085814,-0.095719,-0.1026,-0.060383
-0.048841,0.090747,-0.021702,0.021126,-0.0024469,0.029375,-0.067189,0.085042,0.060812,-0.068627,-0.20271,0.18389,-0.14399,-0.02822,0.027395,0.061141,-0.015301,0.090729,0.09371,-0.21414,-0.16333,-0.1355,0.019023,-0.1408,0.074016,0.02596,-0.026378,-0.0087137,0.016655,0.0012063,-0.0016726,0.21781,0.016137,0.0053089,-0.027744,-0.042397,0.2508,0.14247,0.036023,-0.21552,-0.18461,-0.034974,-0.092276,-0.16962,0.11465,0.15637,0.19156,0.12852,0.030316,0.083142,0.15457,-0.32525,0.097462,0.10038,-0.0070845,-0.25121,-0.14249,0.0057099,0.089032,0.17671,-0.20986,0.09834,0.0069298,0.21958,-0.12153,-0.21007,0.15077,-0.19116,0.056831,0.018645,0.1558,-0.029062,0.0030548,-0.13268,-0.033504,0.010592,0.16137,0.016282,0.096422,-0.05702,0.02863,-0.2399,0.039789,-0.35033,-0.06476,-0.046454,-0.20076,0.009474,0.067971,0.068511,-0.074608,0.11325,-0.039548,-0.15988,0.13311,0.077632,-0.13961,-0.23958,-0.14318,-0.033332
-0.045571,0.16101,0.022375,0.026906,-0.097405,0.26116,0.053056,0.22729,0.18335,0.010785,0.076987,0.015932,-0.033509,-0.052819,0.00034365,-0.057478,0.048064,-0.12426,-0.0025967,0.21196,-0.22682,-0.09139,-0.0928,0.022387,-0.10564,-0.09618,-0.0070254,-0.17914,-0.097111,-0.015733,-0.10951,0.15394,0.23802,0.044219,-0.033693,-0.042825,0.11668,-0.099049,-0.035057,-0.20531,-0.17268,0.096614,-0.052559,0.00443,-0.157,0.012544,-0.020688,0.026054,0.036426,-0.075739,-0.052539,-0.19128,0.19369,0.16409,-0.02419,-0.016926,-0.067335,0.046382,-0.07394,-0.065398,-0.16405,-0.056993,0.14237,0.10372,-0.12839,-0.0078519,0.18982,-0.084387,0.11082,0.056355,0.16582,0.26468,-0.037725,-0.12254,-0.076445,-0.068634,-0.20928,-0.17062,0.015495,0.198,-0.17606,-0.059864,-0.16616,0.093676,-0.029727,0.089947,-0.10391,-0.026391,0.090064,0.027662,0.010684,-0.067559,0.011106,-0.04506,-0.056611,-0.053831,-0.079461,0.0015368,0.10482,0.022587
-0.086587,-0.049377,0.21103,0.051259,0.039823,-0.030355,-0.13834,0.1783,0.1305,0.012448,-0.085288,-0.12119,-0.26586,0.019129,0.23762,-0.037412,0.051914,-0.16408,-0.025397,0.06411,-0.01845,-0.016958,-0.011897,-0.12119,-0.072146,-0.13558,-0.11581,0.02813,0.030975,-0.22881,0.032094,-0.064716,-0.11241,-0.14561,0.21417,-0.13091,0.10076,0.18854,0.0015961,0.092938,-0.13657,-0.071471,-0.11136,-0.13292,0.23474,0.26459,-0.0012588,-0.12632,0.031193,-0.032665,-0.045671,-0.14772,-0.026112,-0.044727,0.21657,-0.24595,0.00099059,0.039696,-0.02096,0.056833,0.19336,-0.042237,0.045149,0.20435,-0.035908,0.041438,0.19837,-0.038798,-0.0070432,-0.082885,-0.24577,-0.031553,0.022131,0.035587,-0.25094,0.20355,-0.092392,0.044136,0.05167,-0.14974,-0.080121,-0.19986,-0.053858,0.17056,0.0031698,-0.050118,0.086486,0.021575,0.13801,-0.13018,0.15156,-0.076056,-0.11713,-0.17827,0.12779,0.012683,-0.021579,-0.10063,-0.052767,0.11041
-0.040735,0.076427,-0.048723,0.2178,-0.0041741,0.13124,0.03171,-0.088366,0.039587,0.029356,-0.028032,0.067617,0.006128,-0.024403,-0.103,-0.09984,-0.17901,0.086532,0.048929,-0.076296,-0.10468,-0.072322,-0.11095,0.026642,0.11433,-0.07696,0.02092,0.064723,0.18089,-0.16385,-0.0011876,0.14312,-0.092739,-0.13271,-0.055922,0.19523,0.12991,0.030979,-0.032579,-0.13995,-0.0013818,0.12674,0.040371,-0.14552,-0.018607,-0.029021,0.19155,-0.11362,-0.27759,-0.20998,0.088677,-0.2907,0.16141,0.19731,-0.1239,-0.08992,0.044279,0.093538,-0.12489,0.12588,0.03417,0.017322,-0.026445,0.029123,0.049757,-0.18354,0.1187,0.040604,0.1881,0.033994,0.16442,-0.014529,0.13831,-0.13865,0.15449,-0.081985,0.28823,-0.042034,-0.0056878,0.084905,0.18401,-0.29549,0.01468,-0.041519,-0.024955,0.029904,0.013139,0.16576,0.1336,0.11406,-0.040175,-0.010323,-0.049875,-0.036506,0.19846,0.13686,0.0050256,0.057764,-0.11215,-0.14993
0.096922,0.18046,-0.064599,0.19188,0.035269,-0.0025129,-0.017501,0.082018,0.12954,-0.074632,-0.15913,0.052486,-0.18407,0.085086,-0.023823,-0.1539,-0.026324,-0.17002,-0.063375,-0.016718,0.055499,-0.1087,-0.12971,-0.12354,0.047858,0.1851,-0.11301,-0.20808,0.2427,-0.017399,-0.036503,0.038231,-0.086012,0.06286,-0.067368,0.16727,0.11187,-0.000728,0.099007,-0.12736,-0.10842,0.15529,-0.24012,0.014325,0.079524,0.14681,0.22638,0.20245,-0.35013,-0.25415,0.024864,-0.055619,0.19268,0.26193,-0.055941,0.17187,0.10935,0.014404,-0.13024,0.12153,0.037288,0.060281,0.034909,0.16811,0.14019,-0.27286,-0.080926,-0.061771,0.13946,-0.054382,-0.054252,-0.1503,0.050985,-0.28935,-0.13994,-0.056264,0.03193,0.025055,0.068434,-0.16159,0.2037,-0.35972,0.12852,0.004491,0.10312,0.095241,-0.12442,0.19238,0.1392,0.16016,0.049128,0.023899,-0.10117,-0.060406,0.17998,0.15869,-0.02014,0.003737,-0.12058,-0.0557
-0.091946,-0.025726,-0.15284,-0.11612,0.20197,0.01976,-0.1456,0.0021274,0.13548,-0.0043104,-0.11999,0.10231,-0.11751,0.045367,-0.12889,-0.0058331,-0.18175,0.1644,-0.099076,-0.093933,0.1372,-0.098539,-0.06278,0.098567,-0.11399,0.077505,0.012786,0.19174,0.027486,-0.13659,-0.019595,-0.040555,-0.13875,0.071009,-0.10536,0.20875,-0.1623,-0.033001,-0.12843,-0.13944,-0.070503,-0.080107,-0.023612,-0.016512,0.12291,0.13142,-0.10512,0.069445,0.13438,0.027775,0.10564,-0.12606,0.067256,0.10254,0.1976,0.11742,-0.025464,0.056289,0.14267,0.34443,-0.20468,0.12867,0.010136,0.0094083,0.08095,0.15379,0.044332,-0.022138,-0.0090214,0.012987,0.030477,-0.0017937,0.039788,0.085481,-0.099821,-0.095214,-0.054857,-0.0755,-0.18196,-0.049271,0.037214,-0.12416,0.084667,-0.036329,-0.00342,0.13673,-0.26975,0.039977,-0.015061,0.096439,-0.017916,-0.025341,-0.044292,0.13173,0.12214,0.052551,0.15695,0.2258,0.095527,0.072609
-0.13212,-0.10004,-0.091836,0.0047071,0.13075,0.0076593,0.13611,-0.025735,0.08268,-0.011204,-0.25604,0.1148,-0.011749,-0.11099,0.0023109,-0.10955,-0.06443,-0.10197,-0.40374,0.049711,-0.20614,-0.033347,0.074157,-0.060353,0.15061,-0.072503,0.13812,-0.10253,0.1002,-0.085798,0.037559,-0.087629,-0.0023423,-0.18716,-0.089748,0.014373,-0.22705,-0.11369,-0.21615,0.25948,-0.25877,0.20002,-0.05694,-0.16315,-0.12817,-0.15661,0.19127,0.057454,0.066869,-0.15079,0.17798,-0.1036,0.11965,0.033627,0.021158,0.034117,0.04551,-0.097962,-0.13173,0.20436,-0.0068739,-0.13712,0.16131,-0.25806,0.022182,-0.062476,0.069691,-0.15316,-0.0029092,-0.074148,-0.14216,0.068917,0.091203,0.11303,-0.078001,-0.050438,-0.31673,-0.20427,-0.085164,-0.27302,-0.079511,-0.095522,-0.096963,0.12799,-0.040159,-0.0091225,-0.0047885,0.15447,0.011303,0.025171,-0.083745,-0.17641,0.055257,-0.12796,0.23027,0.21403,0.095066,-0.065278,0.14859,-0.0034357
-0.050736,-0.0269,0.062757,0.35505,-0.070253,0.062465,-0.049345,0.096023,0.16374,-0.15075,-0.037748,0.12061,0.062666,-0.046618,0.086862,-0.16299,-0.083595,0.15862,0.13785,-0.03208,-0.032632,-0.098888,0.05215,-0.010931,0.17476,0.0092561,-0.040489,0.061177,0.13076,-0.12553,0.049878,0.12828,0.030415,0.0019886,-0.048757,0.028909,0.22785,0.24738,-0.095392,-0.19222,-0.1801,0.1165,-0.063273,-0.18242,0.097091,0.13525,-0.1044,0.038663,-0.13568,-0.044454,-0.04711,-0.23237,0.0041395,0.17219,-0.18226,-0.080654,0.062684,-0.1198,-0.031351,0.22729,-0.11612,-0.0071179,-0.059802,0.037398,-0.10643,-0.13539,0.13603,-0.030957,0.17127,0.12703,0.047348,0.0035478,0.097138,-0.084699,0.12726,-0.083108,0.24665,-0.18616,0.16719,-0.099589,-0.02411,-0.16454,0.091815,-0.020245,-0.11606,0.19797,-0.034174,0.19162,0.078068,0.2396,-0.041401,-0.080767,-0.11019,-0.19137,0.034528,0.0819,0.041842,-0.083378,-0.21012,-0.056593
0.014952,0.012417,-0.061237,0.28295,-0.10044,0.09825,-0.052574,0.043264,0.097193,-0.070476,-0.047013,0.11991,-0.023094,-0.048936,0.010297,-0.056084,-0.01752,0.16804,0.040491,0.067337,-0.07552,-0.084216,0.067622,-0.11727,0.16744,0.0089574,-0.059188,-0.022901,0.0295,-0.18519,0.012264,0.18814,0.029779,0.022221,-0.093652,0.15464,0.15139,0.097883,-0.10096,-0.12951,-0.10182,0.093343,-0.11485,-0.16663,-0.0020098,0.17937,-0.0097655,-0.030102,-0.27771,0.02539,0.088846,-0.25942,0.050595,0.15023,-0.24288,-0.070463,-0.00072706,-0.02189,0.033546,0.1499,-0.10115,0.028921,-0.024947,0.036247,-0.074464,-0.15219,0.066938,-0.05861,0.12871,0.17172,-0.041545,-0.11979,0.10719,-0.16673,0.10375,0.057018,0.2203,-0.033551,0.086568,-0.044811,0.080529,-0.19197,0.061411,-0.013414,-0.039687,0.22406,0.067809,0.14859,0.17946,0.23602,-0.12486,-0.079889,-0.13286,-0.19862,0.08555,0.14042,-0.052073,0.00014908,-0.24143,-0.087758
-0.002394,0.039417,0.02851,0.21291,-0.12642,0.17584,-0.11478,0.20145,-0.02737,0.12035,-0.076707,0.10803,-0.10553,0.11979,0.23655,0.052509,0.18149,-0.039384,-0.035141,-0.053832,-0.095755,-0.19063,-0.003203,-0.086154,-0.036164,0.10139,-0.095113,-0.067708,-0.10105,-0.17771,0.01111,-0.0045793,0.094099,0.019167,-0.06524,-0.025992,0.11836,-0.15608,-0.032084,-0.051414,-0.20837,-0.012674,0.11447,-0.17484,0.01304,0.077567,-0.087603,0.15911,0.058144,-0.1885,0.1605,-0.11512,0.036052,-0.048827,-0.18141,-0.099865,0.25978,-0.11532,0.16674,-0.065024,0.095406,-0.045783,0.015851,0.23625,-0.05171,0.10758,0.093799,-0.18961,-0.040942,0.15306,0.059654,0.11651,-0.04573,-0.085785,-0.19899,0.12537,-0.15026,-0.070294,0.022088,0.047623,-0.083811,-0.05933,-0.11664,0.048076,-0.055197,-0.031391,-0.11126,0.11805,0.16914,0.049776,-0.072076,-0.015159,0.024068,-0.23363,-0.036437,0.089531,-0.028788,0.017135,-0.0089094,-0.012898
-0.024966,0.15497,-0.13652,0.14491,-0.1315,0.074285,-0.032233,0.051128,0.096275,-0.041021,-0.07294,0.086947,-0.17169,-0.015778,-0.11609,-0.0082966,0.040811,-0.10891,0.039375,0.076812,-0.057618,-0.044926,0.030619,-0.29921,0.038594,0.019704,-0.00016267,-0.014292,-0.02916,-0.1925,-0.18961,0.10538,0.043234,0.081551,0.015546,0.01852,0.1855,0.20101,-0.13009,-0.076948,-0.31499,0.0096747,-0.12001,-0.1905,0.057551,0.18647,0.10719,0.078299,-0.18776,-0.029274,-0.023247,-0.1916,0.017468,0.046727,-0.115,-0.086342,0.0053064,-0.16038,-0.0019542,0.094555,-0.088914,0.056087,-0.048664,0.13723,0.026728,-0.1506,0.12851,-0.084393,0.27344,-0.015423,0.055407,-0.041177,-0.021381,-0.087079,-0.083819,0.074615,0.075802,-0.031802,0.2091,-0.062306,0.11649,-0.23284,-0.074682,-0.063685,-0.20506,0.134,-0.13244,0.050093,0.22964,0.12868,-0.14105,-0.14355,-0.14511,-0.1188,0.041116,0.066257,0.2164,-0.16171,-0.14193,0.018748
-0.034869,0.068935,0.014084,0.0054897,-0.011548,0.037799,-0.15463,0.07414,0.19155,-0.021331,-0.010417,-0.031849,-0.24673,0.308,0.0019385,0.11472,-0.22673,0.076083,-0.063133,0.1144,0.049745,-0.20744,0.16675,-0.083842,-0.095304,-0.098452,-0.27363,-0.045631,0.14768,-0.15695,0.01249,-0.086774,0.13955,0.12171,0.0006264,0.19351,0.054603,-0.15974,0.060969,-0.28546,-0.12836,-0.089632,0.052517,0.0083585,-0.22004,0.20412,0.060126,0.078979,-0.20966,-0.073739,0.088246,-0.15828,-0.024618,0.090403,-0.090306,-0.15667,0.031234,0.24129,0.089024,0.13743,0.023146,0.3551,-0.046191,0.12834,-0.15943,0.17682,-0.021292,-0.062043,-0.16998,-0.099564,-0.0063459,-0.0010167,0.10894,0.09391,-0.16838,-0.24051,-0.070163,-0.38528,0.077097,-0.12168,-0.070886,-0.044703,0.17727,-0.11193,-0.088863,0.20755,-0.028083,0.061664,0.027944,-0.15873,0.049079,-0.12665,0.04493,-0.08079,0.016017,0.09803,0.073339,0.17377,0.11559,-0.12447
-0.0761,-0.016022,0.2789,-0.15851,0.063143,0.28244,-0.067888,0.082938,0.1992,0.036416,-0.092892,0.21082,-0.11885,0.22057,0.030038,-0.054274,-0.088736,-0.068021,-0.1917,0.018458,-0.11117,-0.01484,-0.050931,-0.18205,0.25775,-0.19277,-0.029603,-0.22039,-0.036472,-0.1653,0.012859,-0.14923,0.074313,0.036517,0.17976,-0.11998,0.18139,-0.1614,-0.044211,-0.12521,-0.10203,0.034214,-0.19941,-0.077757,-0.10826,0.18957,-0.082295,0.001808,0.07615,0.078618,0.0099992,-0.21132,0.079283,0.01932,-0.13401,-0.14597,0.049016,0.074914,-0.02086,0.0036281,0.031083,-0.25261,0.015231,-0.055695,-0.073405,0.0031387,0.17489,-0.095795,-0.11028,-0.025365,0.038447,0.33434,0.031691,-0.032243,-0.12572,0.068472,-0.19896,-0.1332,-0.073595,0.17644,0.036603,-0.12732,-0.10288,-0.067631,-0.068977,0.19581,-0.067364,0.091532,0.089956,0.18974,-0.044093,-0.07309,-0.095086,-0.12874,0.14165,-0.03073,-0.040976,-0.068697,-0.014172,0.12805
-0.037594,0.065818,0.083045,-0.078165,0.012212,0.096143,0.18474,0.15602,-0.024775,-0.08012,0.11491,0.091902,-0.0019043,0.07301,0.077224,-0.0098743,0.11948,-0.07493,0.049233,-0.052798,-0.082341,-0.11954,-0.018228,0.044595,-0.050353,0.079807,-0.030586,0.025306,0.080134,-0.18086,0.18379,-0.016148,0.028505,0.018143,-0.23292,0.043224,0.013545,-0.22998,0.010111,-0.1461,-0.20394,0.049861,0.093866,-0.12508,-0.032101,-0.087836,-0.016049,0.052383,-0.076696,0.0062345,0.07202,-0.070325,0.12634,0.14314,-0.012935,-0.0024026,0.12892,-0.17522,0.00093484,0.080468,-0.033983,-0.16937,0.16411,-0.040309,0.0032528,0.14516,0.15004,0.049451,0.0034671,-0.080558,-0.11895,0.10882,-0.069544,-0.10995,-0.042118,0.049165,-0.041961,0.078569,0.024854,0.049975,0.045272,0.008578,-0.10775,-0.083304,-0.053579,-0.097268,-0.032949,0.013926,0.030221,0.057318,0.007918,0.095302,0.064581,-0.19752,0.012603,-0.31214,-0.1649,-0.072598,0.15112,0.17818
0.04098,0.13063,-0.034997,-0.087318,-0.097527,-0.023215,0.12047,0.10602,0.1468,0.0096085,0.011364,0.017167,-0.084686,0.11237,0.14197,0.04875,0.12968,0.049356,0.021613,-0.17683,-0.06894,-0.17358,0.0034977,-0.048633,0.005748,-0.066819,-0.012138,0.13808,0.036556,-0.26178,0.17306,-0.082415,-0.12101,0.01811,-0.2404,-0.097306,0.053188,-0.23636,-0.086049,-0.17602,-0.2438,-0.083693,0.13174,-0.13762,-0.039341,0.0094282,0.023755,-0.066491,0.071092,-0.015875,0.044069,-0.10774,-0.0012243,0.093477,0.015181,-0.16983,0.035259,-0.065063,0.057704,0.12481,-0.081108,-0.085221,0.12911,-0.020941,0.12635,0.072278,0.26189,-0.04508,-0.0072989,-0.10457,-0.074305,0.21875,0.052345,-0.1975,-0.11915,0.12785,-0.19479,0.10436,-0.02658,-0.0048705,-0.010057,0.0021191,-0.038777,-0.0027257,-0.10642,-0.069316,-0.043309,0.151,0.13891,0.14668,0.012001,-0.0072528,-0.020827,-0.088254,0.058547,-0.27054,-0.01807,-0.0022588,0.039767,0.15235
0.017394,-0.10366,-0.062957,-0.015421,0.15555,-0.087256,0.00094784,-0.22008,0.11609,-0.11095,-0.16018,0.19248,-0.12582,-0.053994,-0.059018,-0.1454,-0.0054867,0.10467,0.024472,-0.017565,0.018096,-0.1182,0.00044134,-0.021489,-0.11364,0.15508,0.030116,-0.021409,0.10977,-0.20417,-0.045595,0.15814,-0.07334,-0.11293,-0.087821,0.12112,-0.024799,-0.079068,0.041853,0.05798,-0.1451,-0.077604,-0.12166,0.055228,-0.09208,0.17856,0.066946,0.035865,-0.3374,-0.14993,0.093026,-0.13425,0.23065,0.136,0.10773,0.036233,0.032063,-0.033295,-0.038505,0.21658,-0.10386,0.014523,-0.042543,0.018847,0.169,-0.010807,0.061337,-0.17567,0.15407,0.043803,0.10957,0.025404,0.024629,-0.088689,-0.12023,-0.087308,0.14674,0.056811,-0.046126,-0.027376,0.067247,-0.15218,0.25485,-0.019003,-0.044348,0.1846,-0.13091,0.0069979,0.16856,0.37438,0.0012269,-0.094053,-0.027081,0.094462,0.29041,0.083524,-0.20587,0.01495,-0.11879,-0.050956
-0.12432,0.071335,-0.08196,-0.18763,-0.21619,0.1715,0.17951,0.17398,-0.021385,0.22507,0.093805,0.097531,-0.035948,0.17904,0.053898,0.027528,0.0089568,-0.10386,-0.13754,-0.01541,-0.071175,-0.13331,-0.19402,-0.14499,-0.051257,0.071991,-0.16428,-0.19123,0.126,-0.22584,0.25275,0.095254,0.054137,-0.090711,0.0001649,-0.15285,-0.008447,-0.015932,-0.13541,0.013549,-0.13267,0.12144,0.015939,0.12784,-0.19984,-0.036767,0.14566,-0.10554,0.11288,-0.060064,0.094071,-0.017765,0.18161,-0.1223,-0.083558,-0.073219,0.10971,-0.063358,-0.02683,0.008558,-0.12864,-0.019198,0.14445,-0.1135,-0.043072,-0.021236,0.091089,-0.20264,-0.05726,0.0089982,-0.088851,0.18942,-0.092514,-0.081574,-0.074737,-0.0021526,-0.23483,-0.10067,0.018047,-0.088669,-0.095973,0.10685,-0.19306,0.0972,0.11039,-0.027565,-0.1482,0.2302,0.093061,0.016573,-0.19874,0.017275,-0.0049034,-0.19764,0.11041,-0.031939,-0.050341,0.031928,0.026994,-0.015898
0.10036,0.064025,-0.02836,0.071506,-0.025846,0.17601,-0.022661,0.069042,0.11001,0.045845,-0.0090583,-0.14297,-0.12001,-0.13774,0.13261,0.068048,0.12755,0.076895,0.061978,0.21713,-0.11588,-0.25614,0.04758,0.026049,-0.15128,0.062705,0.079442,-0.17353,0.072312,0.035852,-0.03752,-0.0093111,-0.12004,0.029708,0.066704,-0.11503,0.035723,-0.19983,-0.068511,0.077403,-0.35237,0.15388,-0.060285,-0.026121,-0.094934,-0.016802,0.12195,0.13367,0.15112,-0.042686,0.14205,-0.18417,0.12744,0.2197,-0.10168,0.037901,0.14698,-0.17691,-0.15248,-0.14692,-0.0002793,-0.2203,0.061819,-0.005825,-0.24219,0.047199,0.045018,0.13005,0.056147,0.11751,0.025148,0.15083,0.061699,-0.22324,-0.18725,0.040925,-0.16242,-0.06879,-0.16592,-0.13291,-0.16946,-0.14055,0.12154,0.11573,-0.04164,-0.022663,-0.21889,0.21435,-0.08546,-0.04854,0.13409,-0.043579,0.16966,-0.1635,0.042962,-0.22558,0.087395,-0.10986,0.054102,0.0076555
-0.016689,0.12304,-0.044718,0.11471,-0.30954,0.33396,-0.16719,0.119,0.14943,0.15039,-0.091948,0.14582,-0.046319,0.13887,0.0058524,0.10935,-0.081837,-0.11288,-0.081761,0.042984,-0.21742,-0.2927,-0.090698,-0.00033525,0.12976,-0.013987,0.060682,-0.0015789,0.038621,-0.20467,0.015859,0.20868,0.062875,0.062644,0.074508,-0.11939,0.051195,0.078817,0.15043,-0.0534,-0.22736,0.29583,-0.19568,0.0074192,-0.23835,-0.03069,-0.065717,-0.10243,0.18387,-0.19984,0.16535,-0.019589,0.075729,-0.038655,-0.26258,-0.005974,0.13536,-0.21744,-0.063418,-0.00065801,0.095815,-0.04625,0.043887,-0.03882,-0.11869,-0.0040519,0.083959,-0.1145,0.12132,0.15389,-0.020043,0.15569,0.004978,-0.09901,-0.19087,0.16632,-0.27783,0.14114,-0.020571,0.099126,-0.14864,-0.10736,-0.020705,0.041434,-0.15595,0.08813,-0.013563,0.20088,0.079076,-0.036412,-0.024909,-0.13235,0.085838,-0.27542,-0.061883,-0.19338,0.12964,0.014743,0.10437,-0.10243
-0.023965,0.068624,-0.057433,0.10775,-0.043769,0.26993,-0.067986,0.27348,0.069973,0.061074,0.025125,0.019624,-0.2788,0.081012,0.11807,-0.09173,0.090567,-0.13637,-0.12368,0.085114,-0.15718,-0.18466,-0.11267,-0.095327,0.028824,0.075634,0.092584,-0.12716,-0.1221,-0.080677,0.12609,0.068863,0.080865,0.20008,-0.038864,-0.091463,0.051052,0.0029659,-0.022986,-0.03352,-0.15027,0.0032516,-0.090543,-0.025985,-0.031549,0.040372,-0.073651,0.16186,0.085164,-0.15202,0.030527,-0.20927,0.07644,0.086245,-0.14865,0.03575,-0.039037,0.032321,-0.039494,-0.071847,-0.15621,-0.007911,0.18131,0.086798,-0.13048,0.0047932,0.1005,-0.08712,0.17679,0.10392,0.056631,0.17421,-0.10995,-0.10644,-0.12779,0.03724,-0.098239,-0.10534,0.094419,-0.024024,-0.012803,-0.0036802,-0.2084,0.14099,-0.076484,0.007152,-0.1368,0.18229,0.010409,-0.010552,0.0080933,-0.061849,0.063176,-0.18668,-0.016543,-0.14836,-0.040105,0.15284,0.030837,0.080642
-0.0080196,0.053787,-0.021531,0.29905,0.0081294,0.19259,-0.078114,-0.018656,0.18023,-0.057145,-0.037671,-0.063789,-0.0028654,-0.097795,4.2148e-05,-0.10912,-0.17004,0.17359,0.12012,0.035219,-0.077415,5.8726e-05,0.0030298,-0.053208,0.18484,-0.073909,-0.093438,-0.08474,0.13512,-0.16329,0.012024,0.15309,0.060546,0.0711,-0.16994,0.11129,0.087766,0.10835,-0.022985,-0.19907,-0.1483,0.12582,-0.037977,-0.27907,0.11711,0.11845,-0.049414,-0.023377,-0.26307,-0.017762,-0.030104,-0.18797,0.044315,0.075171,-0.16046,-0.098908,0.036611,-0.016645,0.061934,0.094256,-0.019762,0.060563,-0.074826,0.13016,-0.12545,-0.17965,0.045132,0.040785,0.12304,0.086112,-0.072936,-0.088617,0.098397,-0.24997,0.1127,-0.056515,0.20739,-0.058466,0.14135,-0.084917,0.16065,-0.05044,0.018283,0.0064707,-0.051739,0.20332,-0.049355,0.11297,0.13309,0.12881,-0.051574,-0.13092,-0.040617,-0.251,0.069779,0.10803,0.12689,-0.012653,-0.31191,0.037859
-0.054576,0.1948,-0.042327,-0.044902,-0.064427,0.055717,0.073236,0.12775,0.0048124,0.16135,0.033085,0.12617,0.13372,-0.0093513,0.081747,0.0093516,0.28192,-0.16417,0.052563,-0.051818,-0.063087,0.062146,0.10055,-0.025274,0.10956,0.16027,-0.1076,-0.1205,0.00072178,-0.083903,0.010543,0.0036698,-0.017271,0.0027927,-0.18408,-0.065508,0.11209,-0.09555,0.021739,-0.063355,-0.24877,0.2212,-0.028257,-0.14652,-0.13835,0.058295,0.11215,-0.13022,0.016545,-0.32836,0.030791,-0.054682,0.020967,-0.20965,0.073808,-0.059949,0.093645,-0.22407,-0.1634,0.20961,0.12264,-0.098784,0.053686,0.18125,0.035524,-0.065895,0.25601,-0.071996,-0.16049,0.014042,-0.062417,0.20375,0.12503,-0.041544,-0.086609,0.12694,-0.2467,-0.011632,0.085589,0.045594,-0.056523,0.089669,0.07484,0.033592,-0.18437,0.090716,0.10564,0.089727,0.14897,0.10034,-0.011451,-0.13697,0.049447,-0.1804,0.054663,-0.070154,0.047904,-0.043923,0.12153,0.04542
-0.080856,0.17026,0.061289,-0.022512,0.1407,0.10923,-0.099107,-0.033573,0.14045,-0.052323,-0.085292,-0.061428,-0.03175,0.17814,0.097715,0.024611,0.0044762,-0.064459,-0.18104,-0.038797,-0.22511,0.098264,0.10402,-0.13247,0.043542,-0.063317,0.059041,0.015772,-0.030029,-0.073542,-0.015274,-0.25432,-0.17496,0.0026354,-0.1432,-0.085787,-0.054769,0.1272,-0.089399,0.1989,-0.17897,-0.011986,-0.0028987,-0.19434,0.11006,0.12874,0.056689,0.025182,0.041412,0.021055,0.0052484,-0.26208,-0.03857,0.23465,0.032472,0.01911,-0.12887,-0.05261,0.028067,0.00099499,-0.050846,-0.15401,0.032883,0.016132,-0.079369,-0.13121,0.033338,-0.084686,0.04125,0.034046,0.073824,-0.0059337,0.13931,0.08424,-0.13249,0.055339,-0.21602,-0.031163,0.0088168,-0.13981,0.06402,-0.0064969,0.08955,0.029613,0.047029,0.10122,0.069652,0.012005,0.067268,-0.076253,-0.050635,-0.29107,0.028828,0.018087,0.18165,0.063989,0.034556,0.077994,-0.058404,0.13058
0.023719,0.020471,-0.030586,0.25181,-0.027413,0.14215,-0.10424,0.033345,0.080824,-0.02934,-0.071104,0.04401,-0.086707,-0.085915,-0.073831,-0.10465,-0.095381,0.077617,0.1546,-0.068458,-0.079949,-0.11129,0.11529,-0.16107,0.13752,-0.030008,-0.06368,-0.1139,0.015082,-0.22219,0.071873,0.27426,0.015655,0.090394,-0.051538,-0.0025334,0.15627,0.25395,-0.033172,-0.16603,-0.15682,-0.018455,-0.097673,-0.22824,0.026957,0.12533,0.045379,0.024965,-0.10261,0.10751,0.066801,-0.3655,0.042467,0.097761,-0.21484,-0.078505,-0.02003,0.067458,0.0051038,0.25596,-0.10622,0.058137,-0.088812,0.10435,-0.074619,-0.14622,0.060112,-0.043508,0.20162,0.13374,-0.009129,-0.099651,0.051344,-0.16894,0.053251,0.0069126,0.24025,0.0689,0.092938,-0.10432,0.036522,-0.13385,-0.03678,-0.27348,-0.17945,0.19806,-0.025636,0.20496,0.21306,0.14976,-0.0050366,-0.0090219,-0.079578,-0.18018,0.06288,0.087999,-0.071892,-0.078335,-0.24387,-0.11454
0.050395,0.052172,0.088758,0.066764,0.16042,0.042237,-0.090079,0.15165,0.12479,-0.067007,-0.18616,0.12216,-0.20062,0.023443,-0.19041,-0.028916,-0.11338,-0.0057631,-0.13033,-0.2839,0.12684,0.030835,-0.10477,0.025321,0.071864,-0.11114,0.13807,0.016092,0.1755,-0.22667,0.082011,0.2277,-0.22982,0.25988,0.047605,-0.07499,0.058598,0.04864,-0.13271,-0.24203,-0.14316,-0.0061471,0.11095,0.11063,0.14157,0.0052845,0.13902,0.24498,-0.27154,-0.048788,0.075647,-0.10465,-0.13801,0.05194,-0.03784,-0.039147,0.072721,0.018804,-0.0163,0.28702,-0.10093,-0.1163,-0.0055317,0.12697,0.1093,-0.0015886,0.1039,-0.027293,0.12428,-0.11294,0.00088641,-0.012514,0.069915,-0.18984,0.055411,-0.13858,0.27047,0.10291,-0.040484,-0.20385,0.23536,-0.24941,-0.067651,-0.15942,-0.10287,0.13066,-0.057855,0.26497,0.18624,0.25463,-0.10706,-0.067121,0.028283,-0.24524,0.22742,-0.012688,0.056358,0.0023824,-0.18847,-0.11529
0.16945,0.20988,-0.17803,0.19545,-0.040018,0.13263,-0.022648,0.12862,0.0012479,-0.14018,-0.080845,0.10492,-0.18577,-0.064786,-0.23827,-0.0063838,-0.14473,-0.021781,0.05645,-0.095556,0.0081747,-0.13432,0.035542,-0.072784,-0.016503,-0.041747,0.21495,-0.12745,0.14671,-0.040636,-0.0010143,0.32402,-0.1008,0.084668,-0.070904,-0.071938,0.25854,0.09467,-0.063935,-0.064711,-0.21654,0.014133,-0.17512,-0.066528,0.11471,0.092653,0.10671,0.088274,-0.18023,-0.089991,0.044505,-0.24199,0.10896,0.067906,-0.14583,0.069987,-0.16363,0.065007,-0.20589,0.044506,-0.26699,0.27368,-0.0093676,0.018304,-0.010744,-0.0047635,0.096293,-0.084533,0.066547,0.0070349,0.0072192,-0.029221,-0.023537,-0.29148,0.047651,-0.24854,0.30557,0.033735,0.060197,-0.10033,0.27487,-0.17924,-0.086773,-0.17847,-0.24291,-0.042735,-0.10285,0.17547,0.13316,0.039145,0.00029995,0.071964,-0.079649,-0.22911,-0.079213,-0.025709,-0.019843,-0.018009,-0.18631,-0.13084
-0.093126,0.10365,0.055382,0.017375,0.066698,-0.043827,-0.041766,0.037212,0.26084,0.03205,0.016677,-0.14401,-0.043856,0.21421,0.046714,0.065152,0.06684,0.28483,-0.14796,0.066717,-0.22351,-0.096555,0.070411,-0.11367,-0.11151,-0.066045,-0.038517,0.17657,0.004555,-0.13004,0.091715,-0.10538,-0.091491,0.028691,-0.17472,0.20787,-0.012398,0.075506,-0.048627,-0.15331,-0.17824,0.15417,-0.0012943,0.015583,0.0037392,0.34493,-0.022039,0.047165,0.080762,-0.031326,0.0071989,-0.31308,-0.044747,0.10236,0.03831,0.0847,-0.0854,-0.067729,0.026568,0.19489,0.05277,0.29587,-0.012681,0.050391,-0.080453,0.13379,0.1525,0.02495,-0.037938,0.091647,-0.0674,-0.079176,0.099741,0.0085768,-0.0066245,-0.020539,-0.22527,-0.19917,-0.11838,-0.22976,0.05733,0.031293,0.011729,0.015738,-0.23431,0.17257,-0.18288,0.088272,0.15902,-0.032488,0.060802,-0.056856,-0.1384,-0.039521,0.16764,-0.0023859,0.16665,0.067988,0.074366,0.22572
0.036749,0.20077,-0.084167,0.079121,0.26997,0.034162,-0.036178,0.1697,0.20448,0.045628,0.016663,0.06186,-0.19477,0.26012,0.036782,0.0421,-0.027174,-0.075146,-0.25902,0.11618,0.067103,0.025854,-0.027907,-0.082146,-0.12988,0.18537,-0.11846,0.0071543,-0.059974,-0.21819,0.17465,-0.25246,-0.27505,0.018047,-0.15776,0.069535,0.038626,0.11273,-0.12347,0.16223,-0.11109,0.24089,-0.26616,-0.081758,0.076265,0.33918,0.13198,0.16618,0.20516,0.070068,0.1053,-0.26527,0.047266,-0.043965,0.19382,0.04665,-0.071327,-0.031957,-0.063578,0.040905,-0.063767,0.18333,0.093124,-0.031215,-0.11848,0.08482,-0.028867,-0.13774,-0.1148,0.16152,-0.063977,-0.04252,0.015551,-0.098071,-0.22048,0.06919,-0.13372,-0.066556,-0.13723,-0.049484,0.14941,-0.032863,0.10555,0.018098,0.1057,0.041222,-0.12927,0.18734,0.12308,0.068334,0.14222,0.077738,0.14234,-0.052317,0.15635,0.06594,0.099304,0.1251,-0.057551,0.12564
-0.10199,0.093157,0.16936,-0.027843,-0.032156,0.23099,0.12981,0.075455,0.028078,0.063424,0.12669,0.053931,-0.047484,0.089253,0.16183,-0.06573,0.080164,-0.068038,0.01144,0.055284,-0.26405,-0.14226,-0.13711,-0.064692,0.031305,0.063143,-0.014785,-0.15291,0.00048354,-0.14416,0.061844,-0.06517,0.0091858,-0.075547,-0.13189,-0.046068,0.029439,-0.17851,-0.019233,-0.13374,-0.22826,0.087622,-0.086528,-0.13435,-0.0096258,0.16389,-0.035086,0.034213,-0.030122,-0.032811,0.061216,-0.11724,0.11475,0.069794,-0.12161,-0.03203,0.03655,-0.044359,-0.012946,-0.039564,-0.032678,0.067232,0.15847,0.049027,-0.080621,0.10565,0.047087,-0.15008,-0.092508,0.044274,-0.0021027,0.21276,-0.15335,-0.075939,-0.20949,0.026711,-0.067961,-0.044627,-0.078063,-0.1941,0.032922,-0.022196,-0.11258,0.05855,-0.011034,-0.039683,0.027685,0.15934,0.039066,0.023709,0.02007,0.12766,0.16072,-0.22571,0.049292,-0.069892,-0.087157,0.051118,0.099791,0.090503
0.15543,0.011485,-0.085278,0.093754,0.068652,-0.08989,-0.050677,0.12778,0.14955,-0.07497,0.16413,-0.097766,-0.26439,0.12826,0.042353,-0.088647,0.094999,-0.099826,-0.040542,0.03935,-0.089572,0.075425,0.20089,0.089382,-0.0072553,0.05434,0.02195,-0.18996,0.10198,-0.02894,-0.017753,0.10302,0.0035482,0.032696,-0.16194,0.24184,-0.036566,0.088147,-0.10606,0.035374,-0.13753,0.10116,-0.017992,0.11687,0.079699,0.15524,0.025166,0.16678,0.17837,0.002225,-0.091106,-0.039367,0.030752,0.11197,0.26059,-0.048668,-0.19713,-0.12571,-0.01737,0.029282,0.15017,0.16928,0.080665,0.018236,-0.12495,0.020723,0.13679,0.048145,-0.018049,-0.066372,0.11011,0.060378,0.048334,-0.061772,0.048951,0.092263,0.088207,-0.020596,0.20604,-0.03932,0.19213,-0.13497,-0.060889,-0.0028709,-0.19845,-0.022076,-0.0054954,0.056252,0.060118,-0.24021,0.19796,-0.0075388,-0.034035,-0.11551,0.2133,0.22223,-0.075449,0.16243,-0.087986,0.0019139
0.053831,0.023472,-0.043601,0.32228,0.04195,0.27875,-0.054794,0.080885,-0.012264,-0.044089,-0.10648,0.047814,-0.090633,-0.19008,-0.11541,-0.10115,-0.15019,0.0788,0.11991,-0.063244,-0.013916,0.027398,0.18798,-0.24331,0.16175,0.059483,-0.014315,-0.068192,0.081565,-0.12171,0.012529,0.19082,0.021435,0.06931,-0.015969,0.037023,0.095688,0.12144,0.035792,-0.18894,-0.074106,0.20625,-0.17984,-0.17604,0.087231,0.11147,0.0011552,0.017727,-0.14177,0.056436,-0.0012548,-0.32626,0.20423,0.11337,-0.23043,-0.022848,-0.014441,0.099519,-0.028109,0.09506,-0.16042,0.11003,0.051447,0.047832,-0.1265,-0.11622,0.060336,-0.1445,0.026856,0.096984,0.13139,-0.069209,-0.023186,-0.14289,-0.094926,-0.13425,0.26889,0.066378,0.17778,-0.03108,-0.017525,-0.17418,0.096252,-0.15578,-0.092948,0.16128,-0.12847,0.20345,0.14196,0.11687,-0.11129,-0.004334,-0.061504,0.0067292,-0.0078646,0.20081,-0.05629,-0.047096,-0.12992,-0.016865
0.076842,0.15609,0.12879,0.058602,-0.016246,0.25209,-0.02535,0.23597,0.048332,0.013171,-0.091214,0.043049,0.067743,-0.0038791,-0.17913,-0.14036,0.11019,0.052349,-0.1951,0.10303,-0.16665,-0.14032,-0.052446,-0.020365,-0.0024449,0.18328,-0.035702,-0.18523,-0.06016,-0.19374,0.009556,0.061291,0.033283,-0.082786,-0.11449,-0.072306,-0.1532,-0.069588,-0.15268,-0.095166,-0.16312,0.075113,-0.19268,-0.15573,-0.024926,0.065084,-0.041109,-0.0035367,-0.02842,-0.043843,0.13429,-0.14114,0.20881,0.15934,0.04811,-0.043525,0.17625,0.030293,0.10215,0.071168,0.016908,0.11939,0.11217,-0.0095522,-0.18273,0.22183,-0.020987,-0.044657,-0.07236,0.14885,-0.053223,0.042119,-0.17091,0.071453,-0.22746,0.19479,-0.029699,-0.10988,-0.13468,-0.092972,0.044209,0.032331,-0.15166,0.21156,-0.16924,0.0217,-0.015346,0.10374,0.091313,0.0092498,-0.029005,0.026092,-0.0076192,-0.22342,-0.13565,-0.10159,0.10403,0.045076,0.17798,0.16568
-0.027591,0.18551,-0.11524,-0.02835,0.033621,-0.063789,-0.24403,0.13835,0.22627,-0.15303,0.037259,-0.019206,-0.16668,0.17922,0.089612,-0.026094,-0.020628,0.094238,-0.17486,0.041626,-0.13117,-0.094981,0.048311,0.03885,-0.18751,-0.002637,0.064625,0.045418,-0.024952,-0.0091499,0.11851,-0.0030546,-0.07263,0.12941,0.010362,-0.10492,-0.092676,0.14003,0.0078978,-0.13693,-0.092275,0.2117,0.029057,-0.071583,0.017311,-0.037977,-0.026303,0.07518,0.045066,-0.11239,0.12614,0.050154,-0.0656,0.014186,-0.032683,-0.054648,-0.074496,-0.076877,0.0048051,0.10974,-0.13528,0.12986,-0.010056,0.17752,-0.16738,-0.05299,-0.092881,-0.080724,-0.19411,0.12463,0.039678,0.072392,0.14591,0.036818,-0.095496,-0.1559,-0.10602,-0.2504,-0.092513,-0.17755,0.083506,0.020069,0.16473,-0.13842,-6.3776e-05,0.10805,-0.10994,0.14168,0.21738,-0.14744,0.041689,-0.17708,-0.014074,-0.11636,0.078634,-0.10622,0.26542,0.22267,0.18094,-0.030516
-0.18205,0.15495,0.043962,0.072074,0.018349,0.18327,-0.076191,-0.094396,0.049029,0.008814,0.094263,0.08254,-0.15798,0.20225,0.036409,-0.068714,-0.078776,-0.075714,-0.16819,0.077476,-0.20493,0.033362,0.020411,-0.038435,0.17341,0.2283,-0.0040675,-0.072365,0.044643,-0.16954,0.061976,-0.13879,-0.082974,0.17457,-0.081047,-0.012377,0.20414,0.15503,-0.15745,-0.06509,-0.024298,0.090368,-0.18993,0.0029173,-0.083968,0.11419,0.061966,0.17845,0.1952,-0.16442,0.057821,-0.14375,0.15572,-0.10274,-0.082647,0.030167,-0.0094907,-0.077027,-0.093105,-0.016609,-0.10946,-0.02724,0.22979,-0.059313,-0.13477,0.12023,0.15142,-0.16906,0.0063217,-0.11973,0.091114,0.037917,0.12202,-0.11049,-0.24796,0.12691,-0.098263,0.11236,-0.036561,-0.078426,-0.016006,-0.073798,-0.031704,0.017613,-0.12361,0.027259,-0.0533,0.078729,-0.18244,-0.10825,-0.0089902,-0.17707,0.043175,-0.13442,0.11735,0.061108,-0.10568,0.075784,-0.33156,0.091279
0.11628,-0.09849,0.020296,0.12948,-0.096743,0.31484,-0.070417,0.17642,0.19386,0.12493,-0.051249,0.076799,-0.16796,-0.057241,-0.067407,-0.15827,-0.046055,0.12972,-0.019832,0.060974,-0.14159,-0.16071,-0.24942,-0.13901,0.19962,-0.061925,-0.12682,-0.12394,-0.16226,-0.0361,0.12077,0.12528,-0.081283,0.23899,0.13067,0.015878,0.17274,0.013664,-0.16741,-0.12552,0.089466,-0.038677,-0.27285,-0.071002,-0.13334,0.020636,-0.027121,0.050539,0.16302,-0.2043,0.10218,-0.11467,0.1131,-0.011806,-0.22031,-0.066065,0.056412,0.13468,0.051901,0.0098225,-0.15658,0.069406,-0.084935,0.058131,0.052009,0.076702,0.0053562,0.025246,-0.20477,0.072056,0.070073,0.22962,-0.0034757,-0.21357,-0.017228,-0.0094665,-0.43956,0.061541,0.0093375,0.047316,-0.043591,0.052368,-0.15343,-0.085206,0.18261,0.15406,-0.1581,0.08559,0.13373,0.017937,-0.063042,-0.11546,-0.096886,-0.042462,-0.15251,0.087761,0.076992,0.09492,0.063256,-0.11111
-0.22991,-0.15747,-0.017255,0.053084,0.10169,0.14585,-0.19069,-0.23059,0.19212,0.089822,0.02181,-0.018177,0.017724,0.044455,0.17686,0.062252,0.12988,-0.017235,-0.12825,0.07819,-0.24703,0.14904,0.051492,-0.09315,-0.087719,0.22603,0.21403,0.039488,0.047514,0.15366,-0.11644,-0.052187,-0.063069,-0.043633,0.17231,-0.035008,-0.014783,0.28535,0.016926,-0.12878,-0.059269,-0.2165,-0.1574,-0.039318,0.13268,0.0066805,-0.12233,0.11514,-0.078303,-0.025965,0.055993,-0.18552,-0.060156,0.078331,0.061883,-0.12082,0.16562,0.035168,-0.099575,0.20574,0.1051,0.051412,0.088471,0.0049055,-0.16263,0.022601,-0.10468,-0.033622,0.097493,0.23569,0.02708,-0.046422,-0.018629,-0.044986,-0.034719,-0.036208,0.0039844,0.021239,-0.091567,-0.14797,0.19045,-0.116,0.15379,0.06802,-0.020707,0.081771,0.041329,-0.11897,-0.050315,-0.075108,0.26837,-0.1067,0.11605,-0.062185,0.1174,0.11961,-0.12843,0.1476,-0.066665,-0.097737
-0.13365,0.17912,-0.14316,0.059948,0.27018,-0.047408,-0.15795,-0.0013143,0.36389,-0.093693,-0.055803,-0.023147,-0.1143,-0.025556,0.047095,-0.016425,-0.19306,-0.052919,-0.35169,0.17308,-0.014219,-0.042899,0.024624,0.089199,0.061812,0.03819,0.1394,-0.047874,-0.068622,0.011323,-0.05301,-0.08493,0.081837,0.083119,-0.0062469,0.21735,-0.01137,0.048604,-0.095958,-0.16067,-0.023705,0.23751,-0.077253,0.0083361,-0.040719,0.10899,0.13369,0.039275,0.07661,0.0046548,-0.067936,-0.25167,0.11937,0.0040011,0.011909,0.03281,-0.16758,-0.042936,-0.10221,0.074008,-0.0018371,0.0029756,0.033224,0.13261,-0.14401,-0.015635,0.19471,0.062388,-0.048759,-0.026105,0.030199,0.10831,0.068531,0.014997,-0.048985,-0.07533,-0.19944,-0.22759,-0.057764,-0.067092,-0.023596,-0.089099,-0.048278,0.055042,-0.24479,0.28115,-0.030182,0.074122,0.14302,-0.084645,0.082955,-0.24709,0.012789,-0.10788,-0.064788,0.15708,0.20115,0.11611,0.16533,0.010974
0.011463,0.091067,-0.093227,0.068113,0.21017,0.20044,-0.036284,0.22464,0.15011,0.17604,0.014531,0.18565,-0.20583,0.083843,-0.040973,-0.12179,-0.019794,-0.097188,-0.20542,0.083271,-0.11995,-0.16563,-0.091139,-0.13127,0.12862,-0.064485,0.24078,-0.047423,0.019574,-0.20656,0.17773,0.040314,-0.12757,0.2478,-0.09918,-0.19851,0.17613,0.050307,-0.064667,-0.090218,-0.07536,-0.07716,-0.32307,-0.14207,0.010423,0.18669,-0.11945,-0.1083,0.18217,-0.32782,-0.047914,0.01081,0.070378,0.12781,-0.14532,-0.038427,-0.036919,0.06193,-0.11562,-0.10821,-0.2956,-0.069957,-0.044022,-0.048701,0.10205,0.070271,0.075235,-0.025755,-0.28561,0.031877,0.033459,0.30492,0.10464,0.020091,-0.13207,0.1108,-0.27687,-0.089053,-0.058987,-0.028895,0.125,0.050438,-0.061754,-0.05761,-0.085272,0.094766,-0.054541,0.39672,0.014091,0.024433,-0.070808,-0.14868,0.092958,-0.10108,0.039055,0.039163,0.0037791,0.064336,-0.11707,-0.013326
-0.1778,-0.072429,-0.030188,0.28155,-0.070751,0.061478,-0.017879,0.14784,0.07264,-0.024928,-0.090201,0.21629,0.027858,-0.015646,0.10146,-0.095863,-0.13751,0.11367,0.21425,-0.039171,-0.09788,-0.027323,0.087282,-0.012992,0.15808,0.10283,-0.059498,0.056608,0.08268,-0.22803,0.018944,0.16742,0.004016,-0.0163,0.0026228,0.054298,0.12215,0.12302,-0.084286,-0.18786,-0.24236,0.080807,-0.16102,-0.27724,0.062177,0.1473,-0.0084695,0.046117,-0.10959,0.039685,0.07983,-0.18092,0.23351,0.25594,-0.1526,-0.098574,-0.042785,-0.097864,-0.094323,0.25515,-0.14208,0.0048243,-0.04157,0.13321,-0.13024,-0.15993,0.15096,0.019854,0.26222,0.18129,0.16323,0.0090803,0.15162,-0.035714,0.12878,0.049486,0.15862,-0.050811,0.13865,-0.088787,-0.011745,-0.10485,0.0074618,-0.10406,-0.18686,0.23785,0.0017178,0.2213,0.19904,0.19969,-0.10262,-0.065647,-0.1555,-0.16362,0.011375,0.056791,0.085993,-0.065756,-0.17539,-0.10126
-0.094399,0.039453,-0.096193,0.031891,-0.022888,0.11674,0.047846,0.18497,0.16477,-0.0058442,-0.1393,0.15354,-0.006039,-0.0973,-0.0072415,-0.10721,-0.062427,0.029291,0.049751,-0.037873,-0.10122,-0.04335,0.081766,-0.19289,0.044024,-0.053798,0.035914,-0.13559,-0.088221,0.048676,-0.17013,0.27291,0.016372,0.12916,-0.12598,-0.04357,0.27499,0.093211,-0.061026,-0.12148,-0.27571,0.059895,-0.028199,-0.06927,0.074895,0.20255,0.30937,0.1497,-0.084737,-0.0028409,0.12014,-0.2165,0.20981,0.13928,-0.15768,-0.12684,-0.1901,-0.0091096,0.00098223,0.16312,-0.00011287,0.12245,-0.097199,0.21231,-0.012835,-0.10707,0.16355,-0.063016,0.060319,0.032724,0.071771,-0.040754,0.060092,-0.14262,0.063391,-0.048745,0.064362,0.037061,0.019389,-0.17869,0.051544,-0.25689,-0.027399,-0.25207,-0.051879,0.11027,-0.012938,-0.044939,0.29237,0.031922,-0.2186,0.011433,-0.0033681,-0.11562,0.028558,0.061446,0.011186,-0.33749,0.016005,-0.099973
0.034054,0.11989,-0.099264,-0.081469,0.014482,-0.006379,0.25241,0.074562,0.055341,-0.29126,-0.19329,0.1682,-0.10913,-0.052732,0.0026178,0.085472,-0.06745,0.0955,0.066237,-0.057799,-0.035788,-0.1542,-0.01266,0.16603,0.13711,-0.021692,0.10349,0.074328,0.074417,-0.19447,0.12472,0.12886,0.011791,0.00016295,-0.34421,0.096398,0.1029,0.045163,0.088761,-0.093997,-0.19421,0.018614,0.011927,-0.15433,0.024913,0.029985,0.15304,0.12984,-0.28125,-0.068571,0.058119,-0.096051,0.05506,0.10909,-0.072107,-0.052432,-0.013275,0.029454,0.065459,0.12763,-0.14093,0.19002,-0.099981,0.09476,-0.018823,-0.062913,0.048138,-0.030799,0.17118,-0.061329,-0.0066352,-0.057197,0.078803,-0.0075422,0.11446,-0.084696,0.18879,0.092554,0.11104,-0.19099,0.12639,-0.12349,-0.091389,0.0052031,-0.011044,-0.067774,0.06814,0.17529,0.12201,0.026312,-0.12129,-0.024842,0.0051288,-0.10194,0.097811,-0.040145,0.1051,-0.090276,-0.057305,-0.062375
-0.070534,0.10071,-0.11337,0.13584,0.0086468,-0.012991,0.013875,-0.10187,0.03992,-0.10678,-0.10527,0.082461,-0.23257,0.14711,0.068774,-0.099093,0.016632,-0.048497,-0.03986,0.066573,-0.01462,-0.13286,-0.1814,0.018958,-0.024753,0.11718,0.013163,-0.14371,0.088845,-0.061746,0.022396,0.053895,-0.06201,0.05071,-0.12491,0.26962,0.19846,0.045686,0.079607,-0.16412,-0.062807,0.063537,-0.2954,-0.082815,0.071791,0.12135,0.20012,0.15827,-0.27791,-0.19729,0.070897,-0.24455,0.15309,0.17238,-0.056773,0.043859,0.08599,-0.057736,-0.18608,-0.036421,0.096083,0.23524,-0.048407,0.20809,0.080809,-0.16354,0.038156,-0.086566,-0.070396,0.020448,-0.053021,-0.17719,-0.10339,-0.22216,-0.025371,0.085684,0.14569,-0.12098,0.03693,-0.051279,0.20724,-0.24544,0.17607,0.024633,-0.093986,0.083689,-0.086801,0.088009,0.22024,0.22272,0.061204,0.18395,0.024289,-0.066211,0.16718,0.077998,-0.026667,-0.041432,-0.15791,-0.24621
-0.21655,0.23748,-0.15124,0.25766,-0.20914,0.025941,-0.048698,7.0965e-05,0.17209,-0.0055615,-0.013441,0.12096,-0.044776,-0.019328,-0.080727,-0.10269,0.059248,0.14509,-0.021618,0.056441,0.19027,0.074687,0.075093,-0.082002,0.04666,0.089699,0.079255,-0.12504,0.14095,0.0068354,-0.11196,0.26198,0.016973,0.13497,-0.13632,-0.12136,0.13509,0.00016539,0.02591,-0.14874,-0.28152,0.2388,-0.16583,-0.074032,0.116,0.082424,0.11154,0.050653,-0.29987,-0.090375,-0.027001,-0.21164,0.19012,0.025274,-0.10939,0.00027598,-0.026296,-0.14519,-0.097707,0.030656,-0.0013956,0.10722,0.050128,0.27056,-0.058758,0.033308,0.11267,-0.019401,-0.04844,0.058082,-0.065278,-0.073904,-0.073105,-0.13452,-0.028999,-0.17716,0.038046,0.0036412,0.17601,-0.11312,0.12981,-0.22192,-0.10963,-0.046157,0.094225,0.24162,-0.083217,0.076086,0.18787,0.13504,-0.24289,-0.10874,-0.15794,-0.12654,-0.036923,0.18299,-0.088523,-0.069361,-0.067242,-0.13475
-0.16483,0.17471,-0.12989,0.14347,-0.04707,0.23603,-0.030745,-0.0080885,0.060567,-0.28882,-0.1055,0.16864,-0.13699,0.027334,-0.026478,-0.022121,0.033166,0.07221,-0.080778,-0.053749,-0.027105,-0.030955,0.042797,-0.056429,0.19046,0.10309,0.15713,-0.1108,0.1626,-0.22849,0.14441,0.12573,-0.029035,-0.0050005,0.03123,0.049181,0.14915,0.025647,-0.0058008,-0.031969,-0.13322,-0.012154,-0.15229,-0.0081197,-0.016385,0.14744,0.21795,0.14144,-0.17169,-0.11287,0.11482,-0.31498,0.17376,0.045413,-0.28088,-0.065484,-0.13907,-0.11473,-0.025446,0.078979,0.079825,0.025657,-0.052964,0.04885,-0.083452,-0.069621,0.11949,0.071805,-0.054636,0.03123,-0.036008,-0.088217,0.091071,-0.18914,-0.20795,0.018606,0.17031,0.041823,-0.0035154,0.0045584,0.050382,-0.21768,-0.01369,-0.080749,0.056975,0.17386,-0.22772,0.28085,0.19087,0.071543,-0.13613,0.062943,0.044994,0.064745,0.1077,0.19994,-0.18235,-0.11161,-0.091342,-0.10383
-0.071716,0.17421,-0.046723,0.10676,0.00463,-0.050395,-0.046398,0.10805,0.13378,-0.044704,-0.11507,0.12986,-0.035369,-0.026392,-0.026141,-0.032925,-0.064992,-0.038563,0.11194,-0.14283,-0.026104,-0.17422,0.01083,-0.048455,0.14132,-0.0058383,0.094122,-0.1216,0.12282,-0.053809,-0.10848,0.26163,-0.01262,0.092302,0.043826,-0.03281,0.29917,0.086316,-0.081056,-0.096523,-0.15384,-0.013478,-0.027987,-0.1005,0.096276,-0.10764,0.10064,0.21359,-0.11552,-0.036898,-0.14882,-0.13319,0.057412,0.22129,-0.021021,-0.10381,-0.059326,0.036856,-0.16352,0.21124,-0.072617,0.16061,-0.01322,0.15197,-0.12228,-0.036177,0.3701,-0.094106,0.16111,-0.12713,0.13988,0.15882,0.11662,-0.023777,0.079599,-0.10194,0.28666,-0.094497,0.063072,0.034045,0.024232,-0.26853,-0.0031103,-0.10608,-0.15934,0.080816,-0.18654,0.15452,-0.038575,0.085796,-0.030436,-0.0032366,0.1087,0.029227,0.052426,0.010955,0.038183,-0.073719,-0.16053,-0.24786
0.11112,0.074403,0.066239,0.20237,-0.025191,0.17919,-0.26119,0.1144,0.082167,-0.10342,-0.083918,0.19526,-0.069739,-0.14152,-0.17262,-0.073096,-0.16656,0.063405,0.10029,-0.15579,-0.030943,-0.16117,-0.017835,-0.079015,0.11286,0.018188,-0.10021,-0.16384,0.080069,0.054909,-0.019036,0.13688,0.00091808,0.089149,-0.0025395,-0.053973,0.32126,0.085793,-0.035381,-0.11579,-0.18318,0.17219,-0.062925,-0.111,0.052235,-0.0061405,0.22585,0.064267,-0.067131,-0.11872,0.13376,-0.16095,0.069344,0.017541,-0.14788,-0.087707,-0.065958,0.06334,-0.12113,0.12368,-0.3011,0.14905,-0.0071902,0.13506,0.051083,-0.12996,0.092721,-0.15728,0.011047,0.030281,0.11162,-0.0053037,0.042916,-0.3137,-0.012491,-0.12777,0.14605,-0.0014168,0.087785,-0.16312,0.16947,-0.23992,-0.032647,-0.18158,0.028243,0.10299,-0.090168,0.050223,0.11113,0.010965,-0.071193,-0.028321,-0.039175,-0.13773,0.079986,0.18168,0.021173,-0.11687,-0.16823,-0.16832
