-0.22338,0.0090796,-0.097419,0.038231,0.027224,0.0010786,0.17044,-0.011641,0.089975,-0.031515,-0.16276,0.22912,-0.023752,-0.22611,-0.17558,-0.021154,-0.0059619,0.012644,0.12388,-0.073238,-0.1308,-0.053939,0.081149,-0.040009,0.0036921,-0.032687,0.019275,-0.00081849,0.092806,-0.10032,-0.0085119,0.22122,-0.024815,-0.001211,-0.091483,0.062399,0.23786,0.0015294,0.042898,-0.084426,-0.26179,-0.012374,-0.078856,-0.14757,0.076947,0.1702,0.2525,0.061171,-0.16806,0.0012151,0.057837,-0.31415,0.11313,0.053461,-0.09912,-0.097603,-0.15617,-0.060916,0.016637,0.13388,-0.016789,0.0046189,-0.066444,0.11708,-0.17295,0.031572,0.18636,-0.0064601,0.0034596,0.085468,0.10428,0.023512,-0.044886,-0.14351,-0.032919,-0.16397,0.21783,-0.083974,0.069723,-0.12142,0.13522,-0.1785,0.037473,-0.17355,-0.1877,0.12768,-0.18274,0.088117,0.20784,0.028041,-0.04426,0.11085,0.042928,-0.16422,0.21976,0.1309,-0.042445,-0.20646,-0.11173,-0.06846
-0.17597,0.14887,-0.0083921,0.17869,-0.049871,0.19095,0.02138,-0.028472,0.13486,-0.27,-0.080294,0.23737,-0.080387,-0.0034177,0.019167,-0.096107,-0.027353,0.17884,0.013596,-0.035689,0.09894,0.024597,-0.012356,-0.022948,0.1739,0.055321,0.14674,-0.12752,0.17536,-0.14966,0.17546,0.091842,0.00081631,-0.045503,-0.039406,0.066461,0.19032,0.059729,0.04172,-0.0074536,-0.16001,0.079185,-0.15492,-0.07596,-0.0070647,0.11228,0.12401,0.14451,-0.18447,-0.15587,0.014693,-0.23339,0.098015,0.098166,-0.2609,-0.082343,-0.087156,-0.070494,-0.079925,0.068784,0.064762,0.072045,-0.10322,0.079952,-0.10161,-0.1186,0.1292,0.058459,0.012444,0.028462,-0.025334,-0.086685,0.18256,-0.21308,-0.0095741,-0.10672,0.18885,-0.025011,0.023672,-0.047453,0.041698,-0.2047,0.10976,0.013923,0.01526,0.12241,-0.13441,0.20377,0.043085,0.10594,-0.13686,0.025872,-0.070776,0.01724,0.033895,0.13423,-0.059301,-0.15673,-0.13341,-0.049736
0.039355,-0.0065591,-0.17922,0.034419,0.17732,0.082554,0.020702,0.032841,0.031439,-0.18608,-0.02258,0.16428,-0.10334,-0.11235,-0.14687,0.088115,0.17968,0.11376,0.037019,-0.054958,0.012897,-0.058622,-0.06738,0.04102,0.028523,0.064173,0.24945,0.046084,0.05879,0.015994,-0.040473,0.27841,-0.083992,0.14474,-0.10858,0.084809,0.0822,0.098018,-0.091952,-0.03852,-0.18369,-0.0034868,0.0053552,0.051548,-0.023351,0.17198,0.1357,0.047391,-0.27843,0.016903,0.063654,-0.1969,0.090985,0.13339,-0.024648,-0.11645,0.039921,-0.030364,-0.097824,0.27874,-0.086235,-0.049048,0.0028947,0.066707,0.12009,-0.0015235,0.1098,-0.091661,0.11433,0.036812,-0.084617,-0.16119,0.11879,-0.056185,-0.036689,-0.2103,0.22544,0.062478,-0.051139,0.075865,0.26301,-0.2298,0.024727,-0.15011,-0.092457,0.058051,-0.12521,0.16159,0.063016,0.31678,-0.047718,-0.027409,-0.005045,-0.079777,0.021922,-0.041249,-0.1663,0.00057584,-0.040034,-0.065146
0.13658,0.12896,0.061974,0.1495,0.015583,0.29492,0.027893,0.16003,0.0021405,0.14016,0.063803,0.1841,0.11806,-0.032206,0.099666,0.05335,-0.060009,-0.088569,-0.0075554,0.080753,-0.093952,-0.080868,0.082663,-0.014984,-0.082522,0.056287,-0.11627,-0.21297,0.051154,-0.027757,0.02878,-0.10891,-0.13485,0.097205,-0.064814,0.076722,0.21454,-0.1187,0.03797,-0.004115,-0.2593,0.14617,-0.073295,-0.27763,-0.12939,0.12683,0.087803,0.1836,0.23514,-0.17419,0.072226,0.0095464,0.032073,-0.066362,-0.15505,-0.13551,0.0084091,-0.17296,-0.14898,-0.054885,0.099536,-0.15813,0.069567,-0.0076469,-0.094005,-0.13848,-0.0035717,0.096755,0.048033,0.15154,-0.031288,0.1407,0.013104,-0.027635,-0.13042,0.0012844,-0.14273,-0.073281,-0.034641,0.038526,-0.11209,-0.1986,0.029111,-0.047123,-0.089315,0.027085,-0.00032192,0.17192,0.083611,0.20466,-0.028056,-0.044627,0.10775,-0.27612,0.023157,-0.15773,-0.032958,-0.03316,0.06887,0.067321
0.078088,-0.012403,0.024431,-0.025093,-0.1028,0.028201,-0.031328,0.059465,0.028294,-0.10204,-0.14076,0.015749,-0.19477,-0.071882,-0.050614,-0.12371,-0.054587,-0.081119,-0.026144,-0.14636,-0.17395,-0.021487,0.16872,-0.12215,-0.13883,0.016984,-0.064745,-0.089053,0.067566,-0.095694,0.066395,0.12776,-0.016755,-0.0060693,-0.038018,0.033682,0.22445,0.090957,0.17383,-0.19729,-0.11158,-0.010359,-0.10019,-0.19008,0.078413,0.075609,0.27466,0.10584,-0.30978,-0.10049,0.03828,-0.12732,0.18574,0.05657,-0.10093,0.018705,-0.029483,-0.025575,-0.0099479,0.26858,0.020046,-0.011549,-0.015086,0.096245,0.056799,0.077801,-0.026592,-0.074075,0.038693,-0.042469,0.072502,0.051471,0.032577,-0.28754,-0.085553,-0.20033,0.098286,-0.1472,0.028954,-0.033478,0.054372,-0.10191,0.1285,-0.28557,-0.1371,0.043726,-0.1774,-0.064338,0.17545,0.20214,-0.03308,0.096546,-0.095334,-0.17644,0.18949,0.20373,-0.069884,-0.073735,-0.026566,0.10179
-0.013489,0.14269,-0.10299,0.22962,-0.0085755,0.12362,0.079332,-0.06682,0.020373,-0.033485,-0.011715,0.15696,-0.057026,0.01985,-0.0089778,0.014294,-0.047149,0.072759,-0.034118,-0.026566,-0.018975,-0.11162,-0.11359,-0.095976,0.14838,-0.088672,-0.04458,-0.0056906,0.22448,-0.22697,-0.027454,0.055909,-0.11521,-0.16881,-0.08512,0.085956,0.030028,-0.0037845,-0.012994,-0.17304,-0.0074668,0.11131,-0.068401,-0.093602,-0.0075644,-0.0050174,0.11657,-0.10106,-0.23505,-0.20214,0.093531,-0.25919,0.16425,0.14078,-0.10181,-0.15762,-0.014547,0.00071743,-0.02189,0.00079393,0.043967,0.040574,-0.011324,0.026949,-0.0097009,-0.21838,0.1366,-0.008112,0.17139,0.0019199,-0.011164,-0.075359,0.1025,-0.071034,0.012165,-0.038234,0.22289,0.07141,-0.00036721,0.069382,0.12223,-0.30088,-0.020123,0.076023,-0.035247,0.15616,-0.071941,0.18765,0.19802,0.1934,-0.031694,-0.15208,0.021734,0.023064,0.22545,0.12713,-0.17082,-0.023371,-0.19397,-0.17635
-0.085344,0.044497,0.035945,-0.080208,-0.18463,0.15075,0.081946,0.1028,-0.045068,0.16562,-0.056874,-0.037692,0.021302,0.17052,0.092381,0.037273,-0.033598,-0.0075489,-0.051885,0.011717,-0.064608,-0.07509,0.13973,-0.095855,0.08437,0.10569,-0.070926,-0.11297,0.085478,-0.008657,-0.003445,0.051195,0.095094,-0.016195,-0.076788,-0.0031841,0.014453,0.051492,0.1616,-0.10517,-0.30585,0.065758,-0.16011,0.038853,-0.16178,0.078795,0.22176,0.032619,0.14112,-0.092354,0.014514,-0.16301,0.10167,0.14849,-0.10051,-0.14304,0.20182,-0.061693,0.0068711,-0.041197,0.09738,-0.13287,0.0015749,0.032655,0.0049739,0.15831,0.076402,0.17528,0.052929,-0.15594,0.051607,-0.040317,-0.024163,-0.12486,-0.043967,0.060827,-0.25571,-0.053671,-0.014534,-0.020586,0.053868,-0.071982,0.035373,-0.061024,-0.076431,0.10646,0.066482,0.14576,-0.0078814,-0.16493,-0.041561,-0.18672,0.027264,-0.2454,0.12947,-0.10141,0.049231,0.057084,0.13462,0.055237
0.048265,0.149,-0.099239,0.076952,0.054956,0.21431,-0.12803,-0.078587,0.21882,-0.21316,-0.075378,-0.089219,-0.25797,-0.16127,-0.14095,-0.054618,-0.029196,-0.14797,0.054287,0.12613,-0.032202,-0.074658,0.003208,-0.25078,0.21402,0.038968,0.10226,-0.057003,-0.035617,-0.10233,-0.016208,0.19963,-0.085701,0.25538,-0.00624,-0.069948,0.13235,0.098833,-0.14084,-0.031231,-0.05979,0.058679,-0.057353,-0.094572,-0.081816,0.017821,0.27449,0.079359,-0.17133,0.12997,-0.019878,-0.18795,-0.023256,0.038869,-0.038336,-0.1761,0.069483,0.13959,-0.12584,0.25698,-0.18472,0.13804,0.084846,0.078197,-0.13927,-0.011784,0.13381,-0.0018812,0.10199,-0.16495,-0.040297,-0.013441,-0.12828,-0.16448,0.037156,-0.12531,0.18056,-0.088121,0.16726,-0.029842,0.17281,-0.18178,-0.069001,-0.067164,-0.085197,0.057533,-0.092196,0.061607,0.030229,0.11872,-0.070343,0.00076967,0.054821,-0.13237,0.087901,0.15278,0.094515,-0.044436,-0.27321,-0.12834
-0.071172,0.21652,-0.060162,0.20062,0.16106,0.03797,-0.10586,0.058769,0.16033,0.10613,-0.038508,-0.016958,-0.025687,0.16551,0.033136,0.0076618,-0.27904,0.024644,0.048899,-0.089042,0.10201,-0.089494,-0.054147,-0.046668,-0.18359,-0.10828,0.010069,0.036653,0.11938,-0.076159,-0.013919,-0.090005,-0.055679,-0.089085,-0.10025,0.18884,-0.15665,0.035015,0.10486,-0.28644,0.015199,0.087577,-0.086266,0.0084485,0.0047099,0.039697,0.052695,-0.094887,0.041566,-0.15606,0.095341,-0.18022,0.14339,0.22351,0.024215,0.028123,-0.070776,0.17088,-0.088239,0.19176,0.060995,0.057575,0.0022529,0.031602,-0.055832,0.0042956,0.015021,0.11537,0.12382,0.095885,-0.031455,-0.0022657,0.23144,0.097417,0.14896,-0.10123,0.001863,-0.16964,-0.1381,-0.057322,0.12183,-0.11155,0.051865,-0.0020552,-0.086497,0.13366,-0.16859,0.093198,0.14917,0.070251,0.094421,-0.0197,0.011774,0.10541,0.2234,0.11935,-0.03119,0.2263,-0.057012,-0.069981
-0.14413,0.065525,-0.074392,0.03338,-0.10992,0.089473,0.16775,0.067448,0.020967,-0.18113,-0.1014,0.13202,-0.17655,0.0019385,-0.0085357,0.03546,-0.11269,0.039,0.020096,0.052323,-0.069398,-0.048422,-0.069883,-0.18415,0.21901,-0.072239,-0.0017048,-0.038952,0.16132,-0.20964,0.086106,0.11867,-0.12106,0.0044188,-0.015093,0.021283,0.033729,-0.031459,-0.098979,-0.091629,-0.12492,0.16518,-0.083697,-0.062878,0.0054539,0.14837,0.14907,-0.0049968,-0.28233,0.037619,0.010898,-0.21187,0.082066,0.1281,-0.11261,-0.2202,-0.052362,0.14559,-0.091524,0.042193,-0.066627,0.17003,0.16224,0.069346,-0.1343,-0.17578,0.071367,-0.080726,0.1135,-0.023017,-0.048032,-0.038349,0.010746,-0.26802,0.12028,-0.0063988,0.26777,-0.0127,0.15461,-0.062274,0.28062,-0.088491,-0.017892,-0.074881,-0.2035,0.0062425,0.01981,0.16692,0.22163,-0.098603,-0.098013,-0.015932,0.0055585,-0.2487,0.054901,0.17265,0.040179,0.0068648,-0.24005,-0.087301
0.13736,0.1035,0.086292,0.17015,-0.009967,-0.02533,-0.11841,0.25244,0.13553,-0.0039741,-0.14273,-0.040743,-0.085052,0.18235,0.24703,-0.0065019,-0.060194,-0.040273,-0.080389,-0.013402,-0.05031,0.064917,-0.049045,-0.16397,-0.17736,-0.30489,-0.030852,-0.051899,0.070856,-0.11722,0.047101,-0.11785,-0.03472,-0.13299,0.097639,-0.08394,0.06735,0.20042,0.23258,-0.024295,-0.099465,0.15277,-0.10392,-0.081036,0.031118,0.37428,-0.072939,0.073245,0.080364,0.044444,0.037504,-0.18599,0.085816,0.13468,0.13893,-0.095315,-0.091577,-0.0084313,-0.018128,0.13658,0.040009,-0.1885,0.05621,0.19443,0.052593,-0.020805,0.014493,-0.099236,0.098858,0.012131,-0.063452,-0.066068,-0.026416,0.0028363,-0.11063,0.13566,-0.14566,0.049614,-0.020817,0.11813,0.10376,-0.10513,-0.018314,0.1083,-0.032485,-0.11115,-0.063966,0.039253,0.12826,0.027309,0.13293,-0.13889,-0.11446,-0.04078,0.014103,0.16636,-0.062507,-0.14184,-0.051761,0.094436
-0.00017303,0.036539,0.16144,0.11861,0.044063,0.22401,-0.030005,0.2088,0.13294,-0.065804,-0.12825,0.16617,-0.14668,-0.080292,-0.090943,-0.089233,-0.069409,0.12118,0.0095772,-0.10535,0.0142,-0.040382,-0.058532,-0.18766,0.20548,0.013993,-0.053776,0.042569,0.18006,-0.012845,-0.094421,0.11922,0.056573,-0.10105,-0.099526,0.016401,0.16534,0.022464,0.1469,-0.13451,-0.12566,0.042193,-0.15557,-0.053384,0.10684,0.085583,0.076721,0.0029534,-0.36632,-0.039025,-0.01731,-0.23223,0.10825,0.2523,-0.1354,-0.15807,-0.12145,-0.037491,-0.018644,-0.014853,-0.041964,0.019733,0.023131,0.10184,-0.044589,-0.17817,-0.040856,-0.063053,0.11638,-0.050325,0.067431,0.054602,0.097511,-0.31897,0.063678,-0.28242,0.2611,-0.050928,0.079659,-0.075525,0.064149,-0.13176,0.042002,-0.15042,0.05244,0.077923,-0.070025,0.055906,0.001609,0.079729,-0.01289,-0.033886,-0.095159,-0.096105,-0.029247,0.17892,-0.060415,-0.016627,-0.19594,0.10008
-0.096199,0.20813,0.057644,0.11156,0.068598,0.022286,-0.023363,0.1472,0.11948,-0.088454,-0.031282,0.10464,-0.19983,0.19172,0.045146,0.069943,-0.078697,0.10943,-0.095277,-0.054204,0.030914,0.067722,0.029836,-0.19963,-0.22493,0.11741,0.0045019,0.037215,0.0058249,-0.022918,0.14677,-0.15946,-0.071736,-0.047741,-0.068308,-0.036019,-0.091351,0.051832,0.0053083,0.027656,-0.1449,0.1949,-0.071975,-0.045338,-0.028259,0.25748,-0.088536,-0.029023,0.11443,0.19496,0.014721,-0.32762,0.09019,-0.036738,-0.049953,0.030854,-0.10479,0.048509,-0.052218,0.13206,0.00066768,0.071506,0.27659,0.021273,-0.18795,-0.072283,0.081267,-0.07905,0.0041313,-0.0091612,0.017233,0.063796,-0.091422,-0.13036,-0.084009,-0.097692,0.0057662,-0.11622,-0.11571,-0.03312,0.13901,-0.030199,0.029069,-0.050239,-0.096166,0.0175,-0.052435,0.21285,0.19075,-0.02919,0.091088,-0.026419,0.013444,-0.1077,0.08495,0.07385,0.076027,0.2032,0.0022387,0.098989
-0.073469,0.11205,0.018072,-0.12525,0.1944,-0.23725,0.043868,0.052086,0.15782,-0.16541,-0.011775,-0.082477,-0.13301,0.25412,0.017527,-0.049853,-0.03421,0.04185,-0.19298,-0.19546,-0.024408,-0.08918,0.10188,0.056712,-0.14861,0.048671,0.079359,0.09975,0.064434,-0.14414,0.21228,-0.22503,-0.043626,-0.011509,-0.27521,0.14628,-0.13319,-0.089848,-0.043238,-0.049897,-0.19726,0.15299,0.09859,-0.13865,0.029086,0.16077,-0.088761,-0.02759,0.011011,0.0040773,0.04702,-0.13899,-0.092476,0.033291,0.24197,0.093681,-0.11054,-0.018774,0.13016,0.22602,-0.079303,0.21939,0.099737,-0.12131,0.10772,0.14291,0.050625,0.010441,-0.094405,-0.013301,-0.089483,0.030746,-0.032284,0.095349,-0.14787,-0.028918,-0.10813,-0.1562,-0.10456,-0.12564,0.18678,-0.0066361,0.022814,0.042897,-0.2079,0.068675,-0.12758,0.047033,0.11094,0.16821,0.0185,-0.090633,-0.070689,-0.0066641,0.12809,-0.017519,0.09616,0.22661,0.23068,0.13379
0.20309,-0.09262,0.17451,-0.05504,0.068641,-0.036376,-0.20459,-0.064858,0.23012,-0.09394,0.14884,-0.11635,-0.33615,0.17403,-0.038128,-0.15865,0.13903,0.015808,-0.11374,-0.03718,-0.13255,0.21019,0.11337,-0.059407,-0.09881,0.0093148,0.018975,0.031791,0.046847,-0.031819,-0.015595,-0.036421,-0.11492,0.20935,0.013495,-0.0084688,-0.13749,0.11195,0.05345,-0.031672,-0.089007,0.064258,-0.19066,0.14507,0.016388,0.18187,0.093121,0.062695,0.046538,0.16051,0.026951,-0.067961,0.11689,0.20762,-0.063724,-0.13886,0.08492,-0.053837,0.095894,0.012131,0.29215,0.015758,0.02624,-0.041692,-0.16113,-0.039004,-0.077295,0.19842,-0.046189,-0.0016403,0.097247,0.0409,-0.029782,0.038291,-0.16034,0.077167,-0.0096935,0.003755,0.17494,0.0028173,0.15383,-0.25686,-0.058737,-0.12126,-0.2397,0.13507,0.06911,0.055749,0.11863,-0.18509,0.15034,-0.02562,0.023009,-0.1771,0.17447,-0.031149,0.068561,0.066951,0.033412,0.12156
0.026631,0.081882,-0.20838,0.16599,0.036004,0.1404,-0.0093827,0.062032,0.22169,-0.25908,-0.093997,0.11495,-0.21769,-0.1203,-0.11238,-0.084928,-0.11006,0.0046393,0.014935,-0.064408,0.029345,-0.081549,0.020423,-0.11481,0.02474,-0.13738,0.0811,-0.21447,-0.081841,-0.069433,0.10498,0.19027,-0.11026,0.13027,0.041319,-0.025116,0.24394,0.23429,-0.066958,-0.050359,-0.1526,0.045775,-0.091879,0.059778,0.10812,0.081629,0.18791,0.20505,-0.17544,-0.055422,0.080093,-0.29339,0.081323,0.098593,-0.19264,0.0022474,0.027574,0.091082,-0.10761,0.1419,-0.12302,0.077625,-0.04669,0.012718,-0.086424,-0.20104,0.032071,-0.049252,0.09309,0.037353,-0.064267,-0.11276,-0.033305,-0.24368,-0.089986,-0.083425,0.24004,0.095725,-0.0067695,-0.11594,0.14055,-0.31592,-0.0072472,-0.051405,-0.10265,-0.0070037,-0.13642,0.059825,0.059464,0.1069,-0.13314,0.020122,-0.044426,-0.12143,0.13724,-0.028746,0.15415,-0.19507,-0.19159,-0.073677
-0.11643,0.16849,-0.14729,-0.022545,-0.01756,0.0072546,-0.11391,0.18729,0.20567,-0.025533,0.021168,-0.026211,-0.090355,0.24468,0.10594,0.00052376,-0.20249,0.053712,-0.1449,-0.074108,0.029838,-0.087174,-0.073977,-0.071116,-0.10962,-0.036881,-0.087608,0.044552,0.11804,-0.17326,0.21188,-0.087467,0.074015,-0.11614,-0.073079,0.10301,-0.07877,-0.025009,-0.10435,-0.053248,-0.12418,0.29345,-0.13862,0.00038667,0.029217,0.1994,0.11623,-0.124,0.12924,-0.03588,0.16132,-0.3276,0.16682,-0.074243,0.14361,0.042507,-0.050761,-0.077612,-0.047382,0.16475,-0.10006,0.097995,0.061436,0.011735,-0.067535,0.091097,-0.074808,0.042219,0.074866,0.13073,0.0030549,0.11369,0.21546,0.059995,-0.022132,-0.11701,-0.11254,-0.16741,-0.045999,-0.27471,0.021715,0.11681,-0.03007,0.058175,-0.13207,0.14341,-0.14989,0.20692,0.1009,0.047976,-0.049201,-0.12063,-0.036847,-0.19101,0.096807,0.15461,0.063127,0.20166,0.11348,0.076718
0.058174,-0.043521,-0.21106,-0.056037,0.038813,0.16739,-0.1542,0.088815,0.2194,0.051282,-0.009608,0.08302,-0.10392,0.096534,-0.052345,-0.094985,-0.18815,0.017806,-0.17831,-0.071025,-0.15608,-0.16203,-0.115,0.003132,-0.10286,-0.012917,-0.024697,-0.062972,-0.059033,0.083269,0.10596,0.022069,-0.19677,0.27357,0.1287,0.19152,0.024391,0.10784,-0.2782,-0.17637,-0.16885,0.11622,-0.27528,-0.11864,-0.056977,0.20695,0.010296,-0.065952,-0.060071,0.14261,-0.092539,-0.080227,-0.0023982,-0.052471,-0.24455,-0.0065387,-0.10527,0.14905,-0.011396,0.19882,-0.026313,0.1116,0.060841,0.044935,-0.22134,0.17315,-0.098668,-0.030383,-0.096497,-0.038046,-0.057671,0.14281,0.14134,0.15525,0.059846,-0.22815,-0.14838,-0.2302,-0.12447,-0.14218,0.044456,0.0019872,0.093379,-0.10751,-0.038306,0.19529,-0.27116,0.075324,-0.089421,-0.061358,0.070124,-0.13461,-0.052822,-0.0075453,-0.13337,0.065237,0.16241,0.12524,0.18525,-0.13136
0.076398,-0.030707,-0.13915,0.17456,0.25509,0.28171,-0.11883,0.044695,0.12893,0.098769,-0.056206,-0.0061587,-0.10831,0.010763,-0.17991,0.035537,-0.19255,0.14149,-0.20803,-0.039744,-0.037944,-0.20188,-0.13915,-0.11831,-0.11612,0.13045,0.046566,0.011535,-0.23121,0.00014079,-0.11469,0.12892,-0.15327,0.18176,0.16367,0.18351,-0.058084,0.16488,-0.1041,-0.12961,-0.056514,0.036907,-0.27581,-0.035336,-0.053413,0.26232,-0.078177,0.10297,-0.020605,-0.13486,0.050769,-0.27204,0.042224,-0.063278,-0.00051164,-0.028823,-0.06587,0.023378,-0.056028,0.089747,-0.10936,-0.070996,-0.13747,-0.029709,0.1489,0.042275,-0.10061,-0.12403,-0.12282,0.184,0.17062,0.16141,0.11065,-0.034639,-0.0362,-0.17573,-0.28754,-0.059144,-0.11215,-0.025603,0.1043,0.052473,0.23708,-0.11881,-0.14415,0.26008,-0.2621,0.031106,-0.0087203,0.016906,-0.02912,-0.16576,-0.017086,0.19757,-0.11528,0.24254,0.0078691,0.24703,0.064523,-0.17024
0.11999,0.020411,-0.075773,0.039852,0.17977,-0.15085,0.074595,0.0844,0.067275,-0.0077686,0.040253,-0.10937,-0.1335,0.24332,-0.032232,-0.0074091,-0.063541,0.032207,-0.17553,-0.085398,0.029567,-0.15824,0.058089,0.061473,-0.15941,-0.070808,0.10787,0.20628,-0.041794,-0.15287,0.15951,-0.16135,0.029983,-0.056746,-0.23777,0.11298,-0.12527,0.0091994,-0.017046,-0.123,-0.16291,0.24092,0.21857,0.13059,-0.023953,0.24849,-0.10416,-0.032975,0.019098,-0.10393,0.024005,-0.1294,-0.026767,0.064283,0.1206,0.1252,-0.064839,0.0052153,0.15332,0.1863,-0.094256,0.20483,0.1085,-0.08103,0.079772,0.095789,-0.0071401,0.038362,-0.094594,-0.019574,0.012916,0.0032607,-0.021188,0.067176,-0.021877,0.097727,-0.25437,-0.21687,-0.13511,-0.15827,0.18867,0.13431,0.037041,0.038431,-0.32796,0.13204,-0.19375,0.067971,0.18104,0.13724,-0.031509,-0.12522,-0.084255,-0.0014863,0.15641,-0.079795,0.13494,0.11153,0.064673,0.0063487
0.17408,0.024268,0.11428,0.13592,-0.038519,0.17295,-0.12128,-0.0051,0.12347,-0.11995,-0.11168,-0.054274,-0.19425,0.048179,0.0014402,-0.11444,-0.17485,0.022337,0.037415,-0.014777,-0.13551,-0.13743,0.035732,-0.11849,-0.029541,0.16381,-7.9211e-05,-0.27756,-0.10839,-0.10147,-0.0154,0.14407,-0.055742,0.095477,0.049666,0.032795,0.14175,0.068912,-0.053518,-0.12296,-0.026152,0.087323,-0.1369,0.0025772,0.074292,0.06412,0.16815,-0.05159,-0.15257,0.022984,0.077303,-0.2087,0.22539,0.16644,-0.11645,0.019625,0.055691,0.17068,-0.0081999,0.24111,-0.13599,0.025539,-0.059037,0.11793,-0.018382,-0.083788,0.082275,-0.27142,0.027892,-0.029516,0.072461,-0.05434,0.022233,-0.2301,-0.048439,-0.014796,0.11524,-0.045698,0.065071,-0.023552,-0.049639,-0.17515,0.26482,-0.1757,-0.073143,0.096537,-0.031323,0.036389,0.18286,0.29712,0.033457,0.17491,0.021565,-0.18936,0.095714,0.05386,0.061843,-0.032347,-0.18133,-0.143
0.036409,0.085744,-0.18527,0.12867,0.10651,0.087402,0.12094,0.15976,0.12887,-0.11075,-0.038819,0.12429,-0.16927,-0.19592,-0.14084,-0.0098459,-0.096354,-0.059185,0.0029553,-0.13651,0.098986,-0.11231,0.058223,0.14285,0.06789,-0.040282,0.14547,-0.10506,0.079063,-0.035381,-0.091381,0.1917,-0.0040759,0.068731,-0.15065,0.069237,0.11643,0.11618,-0.046671,-0.044008,-0.133,0.078306,0.20179,0.010478,0.1604,0.072236,0.079272,0.090032,-0.23291,-0.20799,0.17439,-0.097559,0.0087364,0.19021,-0.080782,-0.10261,-0.056061,0.018616,0.037906,0.22011,-0.20667,0.03068,-0.082474,0.12473,0.09142,0.036018,-0.044977,-0.12116,0.015082,0.17425,0.00091713,-0.016582,-0.073442,-0.32877,0.048234,-0.15975,0.22622,0.16808,-0.035107,0.013381,0.28851,-0.24831,-0.074513,-0.31855,-0.13492,-0.062265,-0.11338,-0.033574,0.2167,0.13253,-0.042393,-0.072211,0.032623,-0.0040453,0.016037,0.049837,0.0069888,-0.061332,-0.0076848,-0.093134
0.063221,0.042864,-0.18768,0.11384,0.11469,0.031696,0.098487,-0.053538,0.03786,-0.19815,-0.22105,0.022408,-0.17973,-0.112,-0.050804,-0.026057,-0.078545,-0.033509,-0.086817,-0.058213,0.11438,-0.21543,-0.077128,-0.050132,0.22094,-0.06111,0.06489,-0.047995,0.12069,-0.25052,0.081857,0.22012,-0.13571,0.14637,-0.11952,0.055836,0.027886,0.043831,-0.10332,0.08458,-0.043661,-0.050034,0.066219,0.016406,0.0088704,-0.075836,0.15761,0.09297,-0.16377,0.13585,0.025984,-0.19327,-0.036488,-0.025614,0.048111,-0.062402,0.030539,0.11987,-0.037518,0.25118,-0.17399,0.087655,0.010087,-0.033021,0.065217,-0.028112,0.19737,-0.024285,0.12806,-0.10579,-0.13404,-0.088819,-0.037575,-0.20737,-0.014941,-0.16971,0.2626,0.081679,0.032957,0.035269,0.18606,-0.15175,-0.17352,0.054315,-0.16925,0.054498,-0.053565,0.13682,0.069899,0.21855,-0.046772,0.027159,0.03376,-0.068002,0.12868,0.0074545,0.10323,-0.033828,-0.271,-0.074536
0.13903,-0.03714,0.13318,0.1991,-0.038755,0.1597,-0.047086,-0.12655,0.11327,-0.20745,-0.12304,-0.020106,-0.15838,0.032623,0.079755,-0.10108,-0.17923,0.11594,0.044574,0.041609,-0.06023,-0.11893,-0.037393,-0.074528,0.10603,0.1756,-0.042409,-0.23485,0.056185,-0.0099492,-0.065864,0.056526,-0.020295,0.040521,-0.0138,0.18183,0.015479,0.10188,0.018682,-0.22303,0.0096458,0.057538,-0.20111,-0.009998,0.09575,0.076007,0.085038,-0.064258,-0.31507,-0.056604,-0.059178,-0.067358,0.12545,0.14487,-0.05977,0.011834,0.040177,0.13163,0.0071272,0.082003,-0.12363,0.17879,0.0093574,0.098643,-0.080652,-0.12127,-0.028164,-0.16472,0.0091074,0.0014798,0.047536,-0.051162,0.015512,-0.2165,-0.010013,-0.071804,0.1116,-0.077265,0.13607,-0.048093,0.037475,-0.18283,0.27342,-0.041387,-0.02582,0.16298,-0.031359,0.065881,0.22031,0.2447,0.015292,0.018176,0.05192,-0.16559,0.065354,0.1529,0.029388,0.045761,-0.16213,-0.13925
-0.022045,0.010449,-0.13628,0.19293,-0.047442,0.033551,-0.061331,0.031334,0.13543,-0.25672,-0.090494,0.042465,-0.20109,-0.019959,0.090988,-0.14946,-0.18286,-0.097062,-0.0692,0.012572,-0.073883,-0.14717,0.021521,-0.049653,-0.1663,-0.0099819,0.12394,-0.1654,-0.050332,-0.11554,0.071354,-0.016316,-0.20906,0.032174,0.039251,0.005854,0.12987,0.17158,0.018154,-0.01929,-0.13426,0.077626,-0.18164,0.060365,0.17158,0.0082643,0.07407,0.20382,-0.13567,-0.1684,0.066198,-0.07906,0.33944,0.2047,-0.092281,0.0231,0.015844,-0.014178,-0.20426,0.21561,-0.069034,0.015492,-0.051331,0.12846,-0.025797,-0.16065,-0.08342,-0.12869,0.057357,0.090035,-0.024275,-0.068266,0.09238,-0.20671,-0.037616,0.020943,0.055395,0.12237,-0.012878,-0.07035,0.050276,-0.23099,0.10701,0.01385,-0.17922,-0.020924,-0.12655,0.057879,0.19317,0.20534,-0.054105,0.064112,0.016248,-0.13193,0.16821,-0.19482,0.20259,-0.13642,-0.16453,0.00051996
-0.066603,0.11046,0.12056,0.13389,-0.094846,0.0609,0.037455,0.25939,0.082484,0.075037,0.094561,-0.056768,-0.13936,0.13731,0.027096,-0.026609,0.076919,-0.025462,-0.14531,0.066656,-0.079821,0.016531,-0.024002,-0.31376,0.016932,0.065222,-0.18878,-0.11002,-0.042989,-0.2965,0.10093,-0.15366,0.052516,-0.011705,0.074132,-0.15905,0.061246,0.061649,-0.038824,-0.18494,-0.27095,-0.012122,-0.078354,-0.20878,0.1309,0.25942,-0.083222,-0.04387,0.046933,-0.11116,0.29306,-0.19024,0.049115,0.017488,0.017061,-0.15986,0.10898,0.055415,-0.056011,0.019116,-0.092253,-0.032034,0.12319,0.12755,-0.054763,-0.051002,0.041973,-0.24264,-0.19893,0.055321,0.013497,0.096276,0.057369,-0.25058,-0.1385,0.11688,-0.13554,-0.099866,-0.019099,0.028993,0.014347,-0.11756,-0.090864,-0.061172,0.069215,0.14892,-0.028568,0.093082,0.15721,0.1467,0.008513,0.057459,-0.095666,-0.10038,-0.017797,-0.050391,-0.12038,0.063115,0.14208,0.28925
0.058761,0.017997,0.013876,0.10794,0.0511,-0.038984,-0.23919,-0.040598,0.15882,-0.0079213,0.1615,-0.12341,-0.31126,0.15882,-0.026336,-0.13826,0.16987,0.015414,0.11101,-0.013151,-0.068104,0.13544,0.17212,-0.078775,-0.21701,0.13399,0.023046,0.027953,0.058656,-0.071833,0.025449,0.025011,0.020086,-0.035769,-0.051161,0.044711,-0.10141,0.0055939,0.0289,0.010836,-0.16007,-0.022281,-0.11419,-0.041388,0.098695,0.10848,0.078552,0.030163,0.13643,0.015486,-0.018512,-0.1589,0.10815,0.056089,0.081517,-0.10197,0.0090914,-0.1505,0.12429,-0.052249,0.34193,0.070344,0.044841,0.045005,-0.099899,0.12924,-0.023352,0.1011,-0.10975,-0.039115,0.16825,0.046992,-0.02474,0.016393,-0.062349,0.051048,0.086082,-0.047953,0.2275,-0.048779,0.10249,-0.10594,-0.10928,-0.11391,-0.10109,0.038403,-0.074433,0.099653,0.10671,-0.11987,0.10034,0.032615,-0.013735,-0.060165,0.1309,0.1677,-0.099124,0.044301,-0.030175,0.053327
0.00046833,0.064448,-0.15917,0.099588,0.021018,0.089369,0.049615,0.1687,0.094864,-0.10614,-0.18764,0.088282,-0.19098,-0.091522,-0.098374,0.10724,-0.14907,-0.0080498,-0.014237,-0.18993,-0.086464,-0.014898,0.096214,-0.13559,0.14632,0.035001,0.042861,-0.035728,0.072499,-0.050688,-0.039018,0.2431,-0.062891,0.037098,-0.0074541,-0.13442,0.2664,0.086036,0.057137,-0.044956,-0.13407,0.024092,-0.13752,-0.089384,0.10057,0.054254,0.18878,0.20286,-0.2262,0.056877,0.13605,-0.16461,0.23652,0.08982,-0.012896,-0.1186,-0.12214,0.014744,-0.23128,0.23159,-0.17083,0.25604,0.11196,0.059498,-0.045663,-0.11268,0.06675,0.051427,0.10078,-0.054165,0.13131,0.088069,0.048024,-0.27312,0.042133,-0.081889,0.19062,-0.052577,0.091169,-0.060829,0.10732,-0.10541,-0.11932,-0.14241,-0.11371,-0.038801,-0.10074,0.17693,-0.085757,0.06953,0.040069,0.097493,0.047766,-0.20623,0.049076,0.23461,-0.035943,-0.033523,-0.17663,0.012862
0.15377,0.14098,-0.033599,0.10746,-0.099448,0.13971,-0.097416,0.0036794,0.26712,-0.16308,-0.088048,-0.016908,-0.20789,-0.058447,-0.1847,-0.20732,0.082075,0.083092,0.0031517,0.0096898,0.1142,0.064942,0.14226,-0.07388,0.11259,0.022688,0.14329,-0.15255,-0.074766,-0.055407,-0.022477,0.12109,-0.20682,0.27825,0.10106,-0.2694,0.24558,0.15695,-0.057771,-0.26568,-0.21755,0.14821,-0.046827,-0.029585,0.091555,0.013238,0.20751,0.16107,-0.31314,-0.023553,0.20893,-0.36357,0.13814,0.13159,-0.22102,0.022042,0.0011187,-0.0076539,-0.063712,0.19554,-0.19144,0.12995,0.00057056,0.13036,-0.10382,-0.098174,0.024127,-0.1148,-0.00067074,0.1106,-0.0085048,-0.034833,-0.026091,-0.18254,-0.032568,-0.19744,-0.0032391,0.056614,0.1401,-0.10709,0.15113,-0.39319,-0.044217,-0.15579,-0.00042458,0.22054,-0.078807,0.094815,0.21025,0.10728,-0.078083,-0.00068332,-0.17686,-0.22667,0.1159,-0.0016141,0.065067,-0.067632,-0.13741,-0.046805
-0.074939,0.12655,0.070305,0.17821,0.020618,0.030802,0.10092,-0.025042,-0.015267,-0.11615,-0.10096,0.18117,-0.036062,0.021356,-0.13006,-0.063933,-0.051715,0.12366,-0.068241,-0.088368,-0.02256,0.12491,-0.12375,-0.043662,0.067838,-0.071918,-0.055333,-0.1455,0.063601,-0.10916,0.025137,0.12016,-0.086292,-0.0014694,-0.13026,0.066063,0.17391,0.27659,-0.034422,-0.17678,-0.33464,0.074106,-0.0093361,-0.066731,0.054315,0.13018,0.22548,0.060573,-0.18243,-0.12974,0.0058798,-0.33881,0.038821,0.11184,-0.0051816,0.028471,-0.11298,-0.016437,-0.10116,0.17235,-0.033367,0.02142,-0.0066447,0.1193,0.070678,-0.33479,0.039226,0.0036813,0.24563,0.036638,0.12074,-0.065257,0.045116,-0.23818,-0.049663,0.069817,0.1468,0.056848,-0.014029,-0.090348,0.1037,-0.32938,0.057314,-0.11742,-0.037299,0.055287,0.044004,0.055275,0.19921,0.070548,-0.079782,-0.015386,-0.069674,-0.12237,0.13654,0.22337,-0.018316,-0.11901,-0.13434,0.0006044
0.0082344,0.15977,0.058401,0.13726,0.029063,0.088622,0.047831,0.036507,0.024714,-0.096368,-0.081284,0.11315,-0.076717,-0.0084475,-0.15326,-0.10529,-0.022629,0.10647,-0.067203,-0.10624,-0.063967,0.09194,-0.093891,-0.075785,0.097619,-0.058403,-0.04739,-0.13843,0.03551,-0.085681,0.061897,0.12536,-0.087205,0.0371,-0.11435,0.087139,0.21768,0.22828,-0.080007,-0.17153,-0.293,0.10348,0.066169,-0.072698,0.019273,0.1744,0.23583,0.020941,-0.19314,-0.13272,0.033234,-0.37588,0.018572,0.12734,-0.0063551,0.043149,-0.079669,0.02885,-0.05399,0.19536,0.0010256,-0.0079717,0.0023208,0.090628,0.076955,-0.32133,0.052298,-0.029953,0.17928,-0.0093335,0.13115,-0.089608,0.046449,-0.27805,-0.041308,0.092443,0.14077,0.01515,-0.00027974,-0.13089,0.12828,-0.35718,0.091073,-0.11785,0.028209,0.042912,0.019875,0.087549,0.16136,0.081828,-0.071527,-0.0006598,-0.086239,-0.086218,0.16509,0.20416,-0.032121,-0.090994,-0.099952,0.022769
-0.004408,0.049609,-0.14484,0.085225,0.026528,0.025,0.098065,0.097559,0.077445,0.014198,-0.29133,0.047958,-0.16859,-0.049938,-0.032632,0.017438,-0.067268,0.09386,-0.068344,-0.35189,-0.12517,0.023206,0.16993,-0.21422,0.11704,0.090699,-0.069122,-0.084526,0.064742,-0.1469,-0.043415,0.18746,-0.062616,-0.018751,-0.055854,-0.16052,0.086027,0.074222,0.04862,-0.14691,-0.18285,0.0092202,-0.051522,-0.19056,0.086328,0.18115,0.1589,0.088958,-0.29177,0.064184,0.076023,-0.1759,0.083625,0.028052,-0.14178,-0.09628,-0.058689,0.09488,0.020166,0.15339,-0.090107,0.11092,0.069961,0.13158,-0.024149,-0.1471,0.10706,-0.12073,0.20134,-0.029285,0.11467,-0.052533,-0.0042558,-0.2538,-0.069626,-0.058235,0.17262,-0.011829,0.2096,-0.044508,-0.041144,-0.21791,-0.040358,-0.13304,-0.030037,0.11641,-0.079768,0.09397,0.1085,-0.018824,-0.054987,-0.072453,-0.03757,-0.10778,0.11995,0.18363,-0.06219,-0.15332,-0.11416,0.10938
-0.21776,0.10894,0.018228,-0.02771,0.038098,0.067432,-0.32251,-0.026496,0.24813,0.064658,-0.0068927,-0.089678,-0.10578,0.28165,0.137,-0.073365,-0.1503,0.12599,-0.22332,-0.072672,0.11407,-0.14116,0.13362,0.0070847,-0.11747,0.036802,0.019074,0.12174,-0.0852,0.033253,0.12429,0.035517,0.21585,-0.081512,0.25985,-0.019266,0.0060774,0.10618,0.015496,-0.016671,-0.17466,0.26728,0.049929,-0.024355,-0.12246,0.023116,-0.0023658,-0.21664,0.054273,-0.043663,-0.077272,-0.095152,0.13423,0.055605,-0.065944,-0.15706,0.061731,-0.22509,0.060962,0.070551,0.085504,-0.012689,0.10908,0.098306,-0.14983,0.22926,-0.15109,-0.17761,-0.090338,0.1051,0.046997,-0.011541,0.11332,0.14157,-0.13632,-0.038388,-0.23073,-0.17532,0.017964,-0.088672,-0.15846,0.13239,0.031521,-0.080286,-0.088586,0.33372,-0.026954,0.23086,0.16523,0.094235,0.13602,-0.23841,0.072365,-0.054722,0.047792,-0.03643,0.13712,0.32757,0.080785,0.016676
-0.01321,-0.0569,-0.06895,0.048684,-0.013641,0.18515,-0.023254,-0.024437,-0.0024438,-0.19389,-0.14869,0.098832,-0.084301,-0.12807,-0.040883,-0.0047338,-0.13906,-0.09904,0.13214,-0.030919,0.05654,-0.069342,0.069072,-0.2023,0.067396,-0.12732,-0.059777,-0.1113,0.096548,-0.054314,0.12205,0.18628,0.013361,-0.0057394,-0.0061925,-0.040017,0.14838,0.022245,-0.081189,0.12377,-0.13679,0.023547,0.10125,-0.11037,-0.058448,0.031619,0.10337,0.0059706,-0.15341,-0.064257,0.040579,-0.19857,0.049447,-0.12333,-0.075482,-0.19226,0.072282,0.10148,0.074505,0.12752,-0.10263,0.048726,0.098349,0.017075,0.023445,-0.044175,0.026065,-0.1414,0.1207,-0.060127,-0.0085027,-0.00425,-0.03456,-0.24567,0.068824,-0.055353,0.23255,-0.053987,-0.028337,0.00065637,0.075938,-0.13327,-0.066114,-0.30502,-0.25209,0.074579,-0.031941,0.10574,0.14097,0.1381,-0.04021,-0.13612,0.020955,-0.18761,-0.071309,0.10993,-0.0019428,-0.19404,-0.12394,-0.039395
-0.029052,0.1202,-0.089639,0.034313,-0.0038023,0.12653,-0.078825,0.19938,0.23661,-0.071426,-0.082849,-0.12438,-0.053886,0.29043,0.0022543,-0.077009,-0.040843,0.15327,-0.21464,0.018074,-0.16793,-0.06905,0.041336,-0.095132,-0.24249,-0.056964,0.068449,0.084439,-0.020665,-0.037869,0.062877,-0.05737,-0.073802,0.094092,-0.16833,0.014047,-0.17637,-0.059607,-0.060129,-0.10266,-0.20295,0.16266,-0.076713,-0.075843,0.047889,0.060107,-0.057489,-0.075695,0.05746,0.028007,0.10561,-0.22972,-0.018257,0.10974,-0.019607,0.14112,-0.011011,0.062541,0.016544,0.0062979,-0.061764,0.31341,0.092625,0.03244,-0.14839,0.038321,-0.027881,0.029104,-0.010199,0.016608,0.16642,-0.00064069,0.038565,0.095668,0.064043,-0.063572,-0.08664,-0.26579,-0.061206,-0.21819,-0.049393,-0.068757,-0.01011,0.08804,-0.20655,0.10308,-0.1353,0.1502,0.20841,-0.081595,-0.027557,-0.10036,0.08997,-0.19755,-0.048838,0.036267,0.20921,0.26002,0.22751,-0.0050228
-0.12491,0.048821,-0.22468,0.11476,0.042033,0.051279,-0.014515,-0.13746,0.00085885,0.18061,-0.14378,0.059317,-0.080557,-0.1242,0.054704,-0.013554,-0.0014125,-0.2196,0.0561,-0.030468,0.30341,0.044386,-0.24586,-0.17194,-0.025167,0.16105,-0.10722,0.034958,0.35046,-0.12152,-0.025028,0.31023,-0.035517,-0.035781,-0.13057,0.044954,0.0060544,-0.044312,-0.14422,0.14446,-0.10954,0.036416,0.032835,-0.16226,0.05526,-0.012619,0.038937,0.027846,-0.27129,-0.13425,-0.0038823,0.054212,-0.012613,-0.16064,0.12145,-0.20222,0.11789,-0.073257,0.061786,0.17247,-0.030914,-0.053144,-0.10697,0.071581,0.015285,-0.00026697,0.064,-0.087442,0.27755,-0.039991,-0.09147,-0.0079418,0.0054929,-0.12287,-0.018878,-0.17248,0.15428,-0.075426,0.099079,-0.076837,0.1419,-0.2524,0.019375,0.17378,0.22915,0.16376,-0.20171,0.21949,0.031729,0.207,-0.15894,-0.10303,0.0069954,0.062495,0.099998,0.31259,0.12099,-0.054261,-0.28831,0.033647
0.18468,0.062873,-0.084867,0.12032,0.25617,0.16716,0.092349,0.10738,0.087767,-0.021124,-0.12159,-0.005925,-0.25623,0.062663,-0.049051,0.033873,-0.037064,0.19353,-0.11935,-0.093018,0.18247,0.10905,-0.13236,0.1204,0.079047,0.061946,0.19761,-0.040942,0.13965,-0.29717,0.093136,0.09625,-0.23872,0.3353,-0.31674,-0.069935,0.0059835,0.042428,-0.071052,0.10903,-0.10284,0.068425,-0.037534,-0.1308,0.19771,0.17035,0.12397,0.15722,-0.21026,-0.095859,0.19368,0.082261,-0.14667,0.031894,0.10755,-0.039917,0.15584,-0.035724,-0.19873,-0.0022904,-0.15825,0.1522,-0.10844,0.044916,0.10239,-0.16387,0.20379,0.042364,0.020931,0.070254,-0.17965,0.049898,0.1169,-0.16433,0.099044,-0.33132,0.15748,0.16055,-0.050717,-0.35804,0.46257,-0.0267,-0.035077,-0.022693,-0.10368,0.27263,0.003416,0.27042,0.2255,0.24019,-0.0074597,-0.12984,-0.064515,-0.18875,0.039862,-0.10851,0.19721,0.045797,-0.29652,-0.01564
0.029486,0.15996,0.078971,0.080166,-0.019931,0.039268,-0.074122,0.22863,0.16402,0.12301,-0.093353,-0.10682,-0.090619,0.17696,0.15083,-0.13179,-0.11871,-0.043644,-0.11944,0.030146,-0.067301,0.11259,0.00054299,-0.019653,-0.15646,-0.20994,-0.069278,-0.068764,0.035934,-0.094532,0.097527,-0.09813,-0.12142,-0.07847,0.084716,-0.13566,0.077984,0.17828,0.2016,0.036459,-0.046932,0.044372,-0.13911,-0.090267,0.11159,0.3162,-0.21001,0.064484,0.16853,0.14356,-0.084821,-0.23304,0.0073563,0.15465,0.11444,-0.075701,-0.038336,-0.062469,-0.010869,0.11548,-0.011771,-0.065195,0.021877,0.11314,0.013142,-0.081179,0.0043552,-0.13488,-0.041012,-0.064459,-0.021089,-0.096596,-0.085518,0.018928,-0.12369,0.16126,-0.13935,0.0062377,0.011699,0.13355,0.12003,-0.079125,-0.036129,0.14098,-0.016704,-0.16329,-0.029425,0.017444,0.12541,0.0016203,0.13085,-0.24015,-0.12442,0.033105,0.035492,0.24258,-0.013488,0.019028,0.074276,0.16855
-0.15966,0.14315,-0.029979,0.20463,-0.05322,0.053951,0.11215,0.046061,0.088899,0.040853,0.011989,0.1041,0.019784,0.0071074,-0.070648,-0.12162,-0.15438,0.11851,0.0169,0.01483,0.0026149,-0.076559,-0.15107,-0.031259,0.064002,-0.14202,-0.029882,0.11746,0.22438,-0.13988,-0.022453,0.022134,-0.0525,-0.1202,-0.068275,0.14544,0.16237,-0.00020513,-0.059731,-0.12186,-0.038603,0.19977,-0.063754,-0.14833,0.093691,-0.07003,0.047931,-0.11848,-0.22443,-0.28527,0.075032,-0.1746,0.16644,0.29907,-0.14408,-0.10919,0.092456,-0.016787,-0.1301,0.13234,0.031922,-0.050469,-0.09502,0.024529,0.01518,-0.15315,0.16635,0.071605,0.18005,-0.023793,0.11203,0.030547,0.10361,-0.033885,0.21073,-0.13716,0.28213,-0.065355,0.047081,0.039607,0.13604,-0.25264,0.040666,0.052788,-0.056053,0.03362,-0.0056412,0.11367,-0.00036572,0.1736,-0.10437,-0.030634,-0.040786,-0.068047,0.11889,0.072807,0.040072,-0.058622,-0.10793,-0.21922
0.047442,0.070206,-0.061279,0.20592,0.043303,0.17028,0.029641,-0.066895,0.055111,-0.021953,-0.07692,0.075967,-0.034419,-0.016118,-0.059057,-0.078948,-0.19312,0.016156,0.049916,-0.05124,-0.016478,-0.090265,-0.057183,-0.12218,0.07575,-0.1519,-0.032037,-0.03821,0.12532,-0.26056,-0.018485,0.18098,-0.069861,-0.114,-0.040886,0.059769,0.12707,0.092233,-0.029069,-0.13035,0.015396,0.02731,-0.0013739,-0.13452,-0.040923,0.0067432,0.16754,-0.14433,-0.18644,-0.13549,0.084109,-0.2518,0.10958,0.082208,-0.11078,-0.1127,-0.01599,0.14921,-0.094179,0.15447,0.025853,0.044479,-0.13106,-0.0097139,-0.020407,-0.17469,0.17454,-0.020485,0.17684,0.027438,0.093669,-0.011122,0.084777,-0.11416,0.090824,-0.11977,0.26435,0.11087,-0.022739,-0.021758,0.13981,-0.32015,-0.046903,-0.095631,-0.08339,0.071585,-0.07027,0.20035,0.12529,0.17603,0.010632,-0.092046,-0.044899,0.024188,0.20807,0.11882,-0.068727,-0.12631,-0.14444,-0.20381
-0.093837,0.1345,0.046916,0.090195,-0.049649,0.056362,-0.17049,0.077865,0.083692,0.1426,0.013318,-0.14588,-0.058753,0.27974,0.14865,-0.094739,0.09972,0.11083,-0.1533,-0.045694,-0.15608,-0.0057999,0.093054,-0.056617,-0.14055,0.026854,-0.12034,0.15214,0.037868,-0.045382,-0.0080385,-0.16719,-0.022241,0.035878,-0.072199,-0.042573,-0.091654,0.016726,-0.035132,-0.20951,-0.19492,0.18019,-0.064299,-0.14027,-0.02779,0.053241,0.078475,-0.17735,0.092762,-0.030667,0.15082,-0.14597,-0.0086177,-0.077386,0.13531,-0.010424,-0.068657,-0.081056,0.017514,0.15715,0.041817,0.18279,0.10833,0.00035666,-0.1382,0.12246,0.091469,-0.11849,-0.1196,-0.026764,0.030474,0.037129,0.072072,0.13895,0.0098318,-0.20795,-0.2048,-0.33153,-0.17235,-0.17358,0.17023,0.046482,-0.011301,-0.003655,-0.27951,0.19937,-0.071825,0.15379,0.15355,0.099604,0.1688,-0.19089,-0.088527,-0.072315,0.12412,-0.0050972,0.14817,0.14955,0.21096,0.14261
0.12396,-0.10907,-0.052664,0.044345,0.15481,-0.007698,-0.13805,-0.1193,-0.020126,0.065189,-0.057519,0.0010831,-0.082769,0.10977,-0.049693,-0.040252,0.057793,0.042881,-0.10479,-0.067338,0.071421,-7.7237e-05,0.09085,0.047533,-0.099036,-0.002357,0.077492,0.14917,0.037439,-0.11272,0.086905,-0.022722,-0.13017,0.043177,-0.020274,-0.061665,-0.23216,0.1187,0.0060397,0.19508,-0.016118,0.11442,0.052275,0.034253,-0.052158,0.13082,-0.021886,0.015866,0.12892,0.11459,-0.049307,-0.039515,0.037933,0.12025,0.18838,0.17034,-6.9042e-05,-0.08409,0.043189,0.1774,-0.072095,-0.087726,0.054417,-0.03615,0.15096,-0.032842,0.08893,-0.054317,-0.11451,-0.069538,-0.10568,0.0039061,0.014521,0.0046415,-0.078663,0.086249,-0.21418,-0.036774,-0.23107,-0.023985,-0.0331,0.068368,-0.12483,0.19752,0.0054737,0.048304,-0.10617,0.2518,0.024815,0.29274,-0.004142,0.055442,0.0062061,0.1276,0.0063282,-0.096947,-0.059186,-0.083519,-0.1184,-0.10405
0.10241,0.21927,-0.12453,0.22612,0.010832,0.18027,0.073598,0.17577,0.006389,0.010121,-0.1643,0.049863,-0.23074,0.15727,0.057991,-0.0043252,0.16642,0.3173,-0.095986,-0.17891,-0.045899,-0.023607,-0.032241,0.022622,0.05793,0.16677,0.13724,-0.049224,0.034955,-0.17146,0.12617,0.12695,-0.29121,0.30291,-0.21708,-0.019072,0.15005,0.18195,-0.0026344,-0.028874,-0.13701,0.039614,-0.12649,-0.11786,0.21621,0.32644,0.28537,0.2597,-0.24586,-0.076365,0.079501,-0.20353,-0.13549,0.16835,-0.1491,-0.21189,-0.10366,-0.038604,-0.20015,-0.12934,-0.22668,0.25605,-0.017586,0.19545,0.051995,0.019745,-0.00146,-0.016158,-0.16858,0.14222,0.0054507,-0.079131,0.11957,-0.12973,0.046637,-0.36391,0.24853,-0.019305,0.15676,-0.25662,0.45127,-0.13624,0.018378,-0.14636,-0.084122,0.21222,0.019928,0.25894,0.19481,0.10629,-0.051149,-0.037814,-0.081318,-0.21452,-0.036247,0.017899,0.10181,0.10975,-0.17857,0.02314
-0.0097535,0.18265,0.00058067,-0.036044,0.1563,-0.011538,-0.099356,0.16136,0.22555,-0.10834,-0.021755,-0.12859,-0.2357,0.13864,0.091978,-0.012698,-0.048017,0.12269,-0.29902,0.049913,-0.050118,-0.17433,-0.0005068,0.029956,-0.23215,0.085404,0.24896,-0.063479,0.046114,-0.021703,0.10103,-0.058068,-0.077573,0.15328,0.0029074,0.058967,-0.069512,0.12488,0.07553,0.034742,-0.26835,0.2243,-0.12397,-0.040209,0.014189,0.10678,-0.062879,0.09545,-0.042631,0.0449,0.1024,-0.097364,-0.15701,0.11058,-0.016591,0.09997,-0.1082,-0.018565,-0.086885,0.025415,0.003957,0.17919,0.081733,0.011396,-0.20881,-0.012738,-0.099203,0.032745,-0.011762,0.17866,0.013969,-0.099834,-0.005677,0.1193,-0.14823,-0.18821,-0.075159,-0.33747,-0.081709,-0.26666,0.22124,-0.18624,0.019791,0.035958,-0.1935,0.048,-0.086688,0.27019,-0.039332,-0.019832,0.15534,-0.11096,0.013485,-0.19448,0.057775,0.0080095,0.16404,0.2511,0.12419,-0.022198
0.082644,0.035521,0.061301,0.034846,0.082457,-0.10653,-0.06959,-0.014421,0.30361,-0.13494,0.20445,-0.13359,-0.28205,-0.011698,-0.046403,-0.03055,0.15055,0.17789,-0.021995,0.062526,0.012015,0.12565,0.24269,0.019709,-0.16716,0.13666,0.20255,-0.17604,0.027219,-0.054114,-0.010621,0.030746,-0.085807,0.089347,-0.025588,0.049117,-0.13834,0.1744,-0.086273,-0.00025517,-0.099606,-0.038644,0.01457,0.1188,0.0048189,0.11851,0.085185,0.013305,0.089193,-0.17139,0.07872,-0.1797,0.1737,0.11,0.092295,-0.041724,-0.032094,-0.22046,0.041581,0.060696,0.308,0.082136,0.011959,0.0858,-0.106,-0.0047474,0.035026,0.17227,-0.027317,0.04696,0.056987,-0.030038,0.091857,-0.11959,-0.08936,0.068315,-0.037253,0.004279,0.10749,-0.10984,-0.029618,-0.25507,-0.059598,-0.13869,-0.229,0.048606,0.0054514,0.11247,0.14561,-0.22157,0.14936,-0.024525,-0.044053,-0.17277,0.16637,0.10291,-0.035413,-0.070122,0.0059492,0.089112
-0.075014,0.10013,-0.13593,0.05926,0.0078777,0.24747,-0.12398,0.094159,0.068267,-0.16514,-0.075874,0.093564,-0.17173,0.019518,0.0057921,-0.020014,-0.078827,-0.11687,0.021597,-0.1628,-0.076716,0.1195,0.035673,-0.13371,0.19934,-0.021543,-0.11027,-0.1322,0.16959,-0.072078,0.0045818,0.10844,0.06521,0.083098,0.0597,-0.17531,0.22147,0.2696,0.040946,-0.10982,-0.40235,0.094295,-0.16963,-0.14064,0.044453,-0.063577,0.20857,0.13339,-0.16803,-0.079655,0.11051,-0.14528,0.25945,0.11525,-0.15481,-0.046521,-0.067591,-0.025629,-0.056152,0.26557,-0.12628,0.056622,-0.05226,0.082117,-0.11569,-0.30362,0.10376,-0.0043839,0.18312,0.044539,0.10315,0.052444,0.13184,-0.1856,-0.058789,-0.090006,0.16063,0.069296,0.033564,-0.13676,0.084194,-0.16468,-0.029053,-0.21553,-0.037837,0.034252,-0.117,0.072973,0.065224,0.058644,0.065029,-0.026407,0.021692,-0.17849,0.057396,0.069129,0.10259,-0.072295,-0.24145,-0.074605
0.11588,0.027266,-0.077548,0.14244,0.24183,0.045434,-0.038982,0.15192,0.11333,0.080865,-0.063729,0.062607,-0.24643,0.14251,-0.059069,0.039451,-0.12798,0.048442,-0.050917,0.0022192,0.20105,-0.1626,0.15142,-0.079197,-0.036571,0.18472,0.14736,0.061833,0.026111,-0.010443,-0.12951,-0.023326,-0.19202,0.20605,0.093018,0.091662,0.027178,0.010031,0.082528,-0.1111,-0.17747,-0.019433,-0.28734,0.019528,0.049671,0.39827,-0.060709,-0.073104,-0.080981,0.07596,-0.030761,-0.13436,0.17424,0.16976,-0.13215,0.11917,-0.017907,0.13298,0.070536,0.096299,0.0079103,0.17607,0.0036326,0.023966,-0.079308,-0.055286,-0.052995,0.0041631,-0.15873,0.11931,0.0069252,-0.10695,0.080057,0.042787,-0.072441,-0.11539,-0.11866,-0.40733,0.049277,-0.00045197,0.21284,-0.066465,0.11627,-0.11328,-0.056665,0.18108,-0.18115,0.046827,0.10738,-0.00073901,0.1301,0.079527,-0.076785,-0.098984,0.013295,0.033343,0.049027,0.24622,-0.065302,-0.010546
-0.011157,0.045063,-0.16986,0.20834,-0.012906,-0.066597,-0.21831,0.070989,0.13976,0.22436,-0.162,-0.041683,0.056372,0.065791,0.070183,0.026926,0.13049,0.037824,-0.1001,0.10909,-0.13039,0.073933,0.067001,-0.087527,0.049708,0.16089,0.085032,0.065422,-0.19802,-0.15385,0.19645,-0.089179,-0.10366,0.0091409,0.017838,-0.14983,0.071139,0.167,-0.040541,0.0024512,0.085089,0.11282,-0.15186,-0.072548,-0.046111,0.13286,-0.069171,-0.073101,0.27715,-0.19802,-0.073647,-0.22813,-0.032326,-0.072258,-0.019313,0.076441,0.1406,0.044478,0.11524,0.27844,-0.11095,-0.0066175,0.23122,0.071065,-0.049935,0.13193,-0.052752,-0.27827,-0.040197,0.27866,-0.22301,-0.12241,0.13586,-0.059136,-0.13959,0.32138,-0.22633,-0.098685,0.066777,-0.13216,-0.02786,0.084372,0.003158,0.14082,0.030896,0.069509,-0.10646,0.29927,0.012681,-0.076103,0.0078431,-0.12692,-0.096629,-0.010122,0.096386,0.11805,-0.21594,0.15759,-0.13562,0.16814
-0.01868,0.16141,0.071551,0.21427,-0.19602,0.035157,0.031729,0.057412,0.069377,0.046203,-0.12707,0.065715,-0.17294,0.042724,-0.061078,-0.012176,0.049131,-0.0076825,-0.022006,0.040164,0.015951,-0.10919,-0.066072,-0.17449,-0.026606,-0.0012428,0.09398,0.066446,0.091733,-0.20194,0.0058356,0.17235,-0.043501,0.034354,-0.012441,-0.12385,0.14664,-0.0054601,-0.03662,-0.069278,-0.28363,0.12986,0.011101,-0.13483,-0.084465,0.1322,0.25735,-0.056,-0.28323,0.0044714,0.044172,-0.26894,0.13701,0.14878,-0.11563,-0.092064,-0.0091361,0.043533,-0.17576,-0.035433,0.13881,-0.0015113,-0.026328,-0.022401,-0.13422,-0.030999,0.0065887,0.039332,0.21165,-0.041872,0.079873,0.033528,-0.034029,-0.15609,-0.072456,-0.039895,0.13486,-0.028403,0.14471,-0.10018,0.093688,-0.27264,-0.20813,-0.11111,-0.068124,0.045617,-0.12641,0.10631,0.23506,0.054614,-0.1397,0.084708,-0.1338,-0.057759,-0.040239,0.28958,0.0056833,-0.10682,-0.060742,-0.13349
-0.11748,0.12449,-0.073482,0.24316,0.044612,0.11877,0.041235,-0.067134,0.019276,0.059104,-0.015758,0.093607,-0.025125,-0.083981,-0.10958,-0.088597,-0.19959,0.10922,0.0098364,-0.1495,-0.019481,0.040305,-0.12414,-0.044711,0.11341,-0.053149,-0.022604,0.020507,0.22632,-0.16872,0.025263,0.13545,-0.10423,-0.1377,0.0031386,0.097947,0.050433,0.028336,-0.029051,-0.16997,-0.094481,0.19281,-0.015933,-0.17011,0.0040442,-0.11335,0.12822,-0.050559,-0.24264,-0.20455,0.13602,-0.23179,0.18713,0.20711,-0.13351,-0.059898,-0.0047559,0.08755,-0.14241,0.16952,-0.039649,0.016255,-0.017871,0.050219,0.025421,-0.21783,0.16867,-0.0021496,0.19115,0.017263,0.16265,0.0049137,0.14971,-0.1055,0.13431,-0.10971,0.29049,0.054386,-0.012697,0.02932,0.096536,-0.23436,0.028771,-0.067919,-0.036405,0.093139,-0.0097154,0.14285,0.066388,0.11936,-0.080209,-0.031252,-0.0034057,0.003898,0.19522,0.15272,-0.041452,0.015139,-0.17705,-0.18911
-0.025233,0.076198,-0.054096,0.021289,-0.0027056,0.13511,-0.026959,0.16159,0.0078996,-0.10971,-0.20947,0.18257,-0.17798,-0.10065,-0.064334,0.022055,-0.051018,0.11586,0.050652,-0.25129,-0.018918,0.026392,0.14564,-0.19597,0.065387,-0.043012,-0.051385,-0.055429,0.070494,-0.00054362,0.016892,0.12825,-0.043396,-0.06425,-0.00022964,-0.071352,0.25811,0.177,0.12698,-0.21807,-0.18532,-0.14539,-0.045249,-0.24606,0.2158,0.046745,0.19155,0.10092,-0.16972,0.012468,0.081315,-0.22731,0.16611,0.031743,-0.080636,-0.14429,-0.22223,-0.059216,-0.0085523,0.26862,-0.098128,0.057274,0.0049615,0.16388,0.0068097,-0.12391,0.027801,-0.048234,0.033568,-0.0049878,0.16633,-0.0085335,0.021345,-0.22711,0.036304,-0.16191,0.21045,0.014809,0.056949,-0.038198,0.15485,-0.18138,-0.046607,-0.3408,-0.077664,-0.025889,-0.11535,0.087507,-0.039374,0.13312,0.037537,0.079411,0.0024432,-0.13698,0.1337,0.16058,-0.11087,-0.11526,-0.095617,0.12269
0.066103,0.10287,-0.20206,0.048616,0.082853,0.23551,-0.1155,0.12547,0.15976,-0.054401,0.049709,0.13981,-0.011777,0.14613,-0.0077221,0.022674,0.058695,-0.032079,-0.23352,0.035971,-0.11958,-0.10657,0.075665,-0.21044,0.11806,0.073081,0.014988,-0.18615,-0.065565,-0.16065,0.1698,0.059084,-0.25645,0.049845,-0.023844,0.037258,0.060445,-0.042286,0.017135,-0.18654,-0.09044,0.08813,-0.10011,-0.022,0.14724,0.13505,-0.033391,0.076706,-0.041678,-0.17857,0.11917,-0.052501,0.11406,0.10255,-0.076693,-0.096291,0.026845,-0.17781,-0.19917,-0.12723,-0.16503,-0.28582,-0.017794,0.022717,0.11029,-0.11245,0.010617,0.015796,-0.070698,0.16007,-0.041369,0.17915,0.095916,-0.22256,0.077112,0.30115,-0.099737,-0.21343,0.13688,-0.074407,-0.19508,-0.041738,-0.22384,-0.10283,-0.020497,0.066159,-0.14114,0.05358,0.023773,-0.032411,-0.16941,0.12479,-0.040078,0.075266,-0.129,-0.17477,0.0013395,-0.074622,0.055023,0.054528
0.079205,0.10161,0.0031306,0.027455,0.075084,0.35798,-0.064895,0.23363,0.21246,0.14025,-0.042904,0.070211,-0.0062726,-0.12514,0.027936,0.074986,-0.042173,-0.085321,-0.15466,0.17243,-0.15069,-0.030787,-0.040909,-0.068606,0.0071596,0.039539,0.12275,0.011292,-0.056911,-0.20289,-0.056277,-0.02408,-0.23353,0.12976,0.042362,-0.053961,0.06363,-0.096104,-0.055956,-0.075287,-0.13633,0.13586,-0.14452,-0.029887,-0.20932,0.010726,0.057202,0.081046,0.059117,-0.19022,0.076096,-0.13872,0.015513,0.098606,-0.068256,-0.28504,0.022268,-0.076925,-0.24384,-0.12337,0.11345,-0.27257,0.064141,-0.0099814,-0.051534,0.03542,0.11129,0.078678,-0.1101,0.091594,0.045772,0.32585,0.056853,-0.11173,-0.11791,0.12127,-0.29512,-0.029839,-0.017283,-0.044814,-0.066243,-0.13556,0.074687,-0.025309,-0.25762,0.16656,-0.12674,0.15576,0.10062,0.12812,-0.034054,-0.076398,0.01009,-0.22227,0.040868,-0.15792,0.028334,-0.084502,-0.028588,0.052237
0.056574,0.19425,-0.14226,0.3368,-0.16921,0.29294,0.027314,-0.071142,0.3608,-0.12147,-0.036699,-0.095089,-0.22443,-0.21388,-0.2698,0.071916,-0.021695,-0.073836,-0.0036973,-0.095014,0.24085,0.1284,0.05297,-0.2523,-0.021221,0.14394,0.065293,-0.077322,0.01662,-0.014518,0.045488,0.13213,-0.046614,0.078949,0.010978,-0.038162,0.082364,-0.031625,-0.0015915,0.015021,-0.19321,0.19991,-0.11721,-0.19154,0.032641,0.1235,-0.17798,-0.17497,-0.31259,-0.18151,0.032301,-0.049945,-0.0045089,-0.13199,-0.10639,-0.16734,0.0010913,-0.3381,0.013157,0.089894,0.029451,0.15591,0.13943,0.26699,-0.089733,-0.03821,0.14644,-0.17385,0.077108,-0.027479,0.01732,0.10702,0.00012421,-0.2528,0.15163,-0.2317,-0.2036,0.20064,0.053832,-0.18522,0.071424,-0.1315,-0.089991,0.10409,0.058166,0.2443,-0.14851,0.10932,-0.026614,-0.043505,-0.047743,-0.30412,-0.15719,0.12024,0.029164,0.16796,0.037115,-0.16442,-0.19168,-0.062745
0.077758,0.039403,0.054963,-0.10883,0.036967,-0.073609,0.055278,0.023892,0.12838,0.19738,-0.11864,-0.13719,-0.090812,0.11093,-0.078962,-0.12857,0.25433,-0.076622,-0.10914,-0.032931,-0.1297,-0.13417,0.054099,0.023553,-0.036559,0.020446,0.060876,0.09483,0.0065098,-0.27956,0.11438,-0.17157,-0.019856,-0.0036087,-0.15299,-0.12799,-0.13032,0.10035,-0.09595,-0.058389,-0.17008,-0.02739,0.071581,0.031499,0.052525,0.21006,0.074614,-0.1146,0.045174,0.025572,-0.0067348,-0.10389,0.04737,0.14314,0.12544,0.12911,-0.031113,-0.081082,0.14584,0.099395,-0.10202,-0.13243,-0.01965,-0.17779,0.21724,-0.024042,0.10602,-0.07588,-0.027507,-0.10039,-0.15042,-0.11568,0.027258,0.024182,-0.14259,0.1635,-0.19046,0.010417,-0.050825,-0.24805,0.077532,0.15883,-0.040928,0.16954,-0.20158,0.045787,-0.22126,0.065259,0.11215,0.047781,-0.15098,-0.21902,-0.24634,-0.022149,-0.064073,-0.11667,0.044436,-0.10525,-0.11175,-0.055547
-0.028967,0.01443,0.030359,-0.0015733,0.085893,0.059323,0.020417,0.093923,0.017196,-0.19453,-0.22301,0.16353,0.01662,-0.070491,0.007103,0.057058,0.088685,0.068819,0.078486,-0.18378,0.06052,-0.052645,-0.00034972,-0.06984,0.072695,-0.028107,0.10944,0.0079147,0.039409,0.035376,-0.040264,0.14876,0.067711,0.037412,-0.017499,0.010981,0.10389,0.061631,-0.066932,0.010394,-0.1402,0.092951,0.088534,-0.14275,0.18271,0.23869,0.040356,0.03342,-0.10489,-0.18537,-0.011706,-0.07106,0.025199,0.053061,-0.062171,-0.1954,0.15815,0.077289,0.19116,0.098169,-0.11032,0.029661,-0.033932,0.11224,0.10485,-0.17603,0.11554,-0.23137,0.13143,-0.033153,0.023372,0.00054464,-0.056969,-0.030986,0.019181,-0.17606,0.30564,-0.093384,0.1141,0.05768,0.015716,-0.23538,0.10693,-0.28828,-0.096526,0.0066002,-0.085678,0.15311,0.21612,0.20341,-0.10779,-0.1725,0.056722,-0.098404,-0.056021,0.018282,0.085569,-0.10319,-0.015571,0.055865
-0.060084,0.021732,-0.20117,0.075706,0.015748,0.047178,0.18245,0.093608,0.1272,-0.19982,-0.077906,0.2528,-0.027497,-0.10647,-0.20267,-0.076334,-0.070061,0.014316,0.037423,-0.13174,0.042321,0.011681,0.10548,0.14462,0.081559,-0.00069145,0.14188,-0.066483,-0.051531,-0.077712,-0.05132,0.2338,-0.064693,0.017084,-0.13411,-0.051165,0.11401,-0.062713,-0.033006,-0.12361,-0.14869,0.03996,0.015983,-0.075061,0.072869,0.14281,0.11839,0.031243,-0.31946,-0.066166,0.19033,-0.13445,0.18114,0.020594,-0.032123,0.0089288,-0.066184,-0.20247,0.021761,0.24597,-0.068704,0.12326,0.017504,0.18548,0.073071,0.071149,0.16355,-0.020336,-0.042273,0.035929,0.056926,0.053326,0.082397,-0.11486,0.03842,-0.10191,-0.0097554,0.14176,0.0053039,-0.073298,0.01173,-0.1791,-0.11758,-0.13767,0.0093364,0.20133,-0.09512,0.10267,0.32137,0.23618,-0.16711,-0.1477,0.04884,-0.0059936,0.095419,0.049877,-0.10774,-0.13633,0.11755,-0.093692
0.055964,0.0030361,-0.20665,0.071694,0.083978,0.1265,0.20214,0.11565,0.14131,-0.10568,-0.13465,0.10023,-0.15005,-0.10898,-0.2309,0.10668,-0.085418,0.081133,0.023679,-0.094632,0.090176,0.040912,0.034645,-0.034586,0.035483,-0.029725,0.16727,0.016839,0.19657,-0.13877,0.01816,0.1433,-0.17196,-0.023233,-0.12718,-0.03107,0.048525,0.036595,-0.079701,0.011955,-0.058919,0.032821,0.041375,-0.056158,0.090067,-0.075115,0.070576,0.11794,-0.27365,-0.14845,0.11652,-0.092821,0.021938,0.057897,0.10984,-0.075517,0.018445,0.024919,-0.05615,0.065522,-0.025991,0.14721,-0.010886,-0.0042739,0.076985,-0.066997,-0.068225,0.025915,0.18384,-0.038306,-0.12385,0.038966,0.11807,-0.28835,0.075749,-0.17591,0.17853,0.15214,-0.063851,-0.11223,0.18739,-0.16857,0.13125,-0.038789,0.0050326,0.010348,-0.19124,0.13179,0.051409,0.14264,-0.15101,-0.058807,0.014079,-0.19767,0.11349,0.12858,-0.077142,-0.13425,-0.15605,0.058099
-0.18484,0.32939,0.062963,0.20598,0.10064,0.062569,0.084932,0.069673,0.19272,0.0719,-0.089741,0.14684,0.042181,0.2412,-0.12883,-0.04858,-0.079628,0.07934,0.027761,-0.1828,0.089022,0.036772,0.39019,-0.05947,-0.29609,-0.0074982,0.10411,0.0013448,-0.15844,0.2299,0.031011,0.17384,-0.14261,0.10243,-0.11019,0.064324,-0.027272,0.0558,0.024841,-0.13882,-0.027675,0.15618,0.063005,0.21814,-0.050971,0.064749,-0.12277,-0.061255,0.037997,-0.028774,-0.105,-0.18674,0.059996,0.23542,-0.092448,0.12448,-0.29984,-0.16585,-0.15554,0.0076251,-0.15144,0.11437,0.096591,0.16469,-0.068972,0.098616,0.017938,0.0034727,-0.19099,0.10248,0.14922,-0.083378,-0.011927,-0.08562,0.050291,-0.21553,-0.15276,-0.19451,0.054272,-0.14844,-0.01844,0.086332,-0.09129,0.00085091,0.038102,0.13379,-0.20329,0.079131,0.25777,0.10557,0.12706,-0.043531,0.0099498,0.036668,0.19655,0.16694,0.098837,0.2211,0.026533,-0.23047
0.097692,0.1111,-0.12664,0.29866,0.11436,0.18006,0.11251,0.016897,-0.058604,-0.20461,-0.12899,0.17714,-0.073771,-0.22453,-0.2631,-0.061712,-0.17245,-0.0022403,-0.077008,-0.11296,0.033519,0.027102,-0.16872,-0.0028517,-0.0069224,-0.018931,0.15852,-0.077111,-0.029724,0.013125,0.049604,0.16649,0.080565,0.048298,-0.022834,0.2031,0.2001,0.032998,0.011127,0.095938,-0.17005,0.10995,-0.23562,-0.086294,0.053098,0.091006,0.17214,0.032231,-0.20058,-0.19841,0.042456,-0.094957,0.10796,0.0061181,-0.040508,-0.11719,-0.19834,-0.078212,-0.16978,0.079199,-0.12853,0.18817,-0.02842,0.11167,0.044121,-0.16341,0.03286,0.024385,0.052519,0.0084276,0.062186,0.067933,0.074626,-0.13895,0.013878,-0.19207,0.079622,0.21747,-0.042505,-0.18323,0.16512,-0.13018,-0.056072,-0.011916,-0.11549,0.042532,-0.15108,0.09444,-0.044116,0.019203,-0.1031,-0.073491,0.0493,-0.065409,-0.11188,0.16694,0.098148,-0.11414,-0.23076,-0.063692
0.059937,0.1577,0.075279,0.11955,0.0087783,0.020103,-0.15063,0.18196,0.16157,0.062285,-0.11477,-0.075095,-0.095302,0.20931,0.18203,-0.081221,-0.051187,-0.016165,-0.13599,-0.028456,-0.092011,0.072109,0.021447,-0.075148,-0.14379,-0.23408,-0.039082,-0.047176,0.00083664,-0.13304,0.090287,-0.049321,-0.050092,-0.11723,0.11858,-0.085654,0.048059,0.17549,0.21634,-0.046336,-0.098314,0.13617,-0.085354,-0.065744,0.10577,0.35924,-0.14811,0.06422,0.12821,0.079911,-0.019341,-0.20162,0.077271,0.15795,0.12999,-0.059975,-0.080892,-0.01668,-0.024886,0.14455,0.0023939,-0.080572,0.052579,0.14399,0.10425,-0.088855,-0.016604,-0.18145,0.051135,0.013774,-0.081603,-0.025133,0.034822,0.019831,-0.1142,0.12396,-0.19653,-0.039257,-0.032799,0.071979,0.097131,-0.13603,0.024741,0.11622,-0.031676,-0.094699,-0.05841,0.030414,0.064861,0.083958,0.13182,-0.15316,-0.11005,0.052793,0.0079897,0.19497,-0.058582,-0.049195,0.046408,0.13757
0.04162,0.045875,-0.011518,0.039589,0.061916,0.058642,-0.21558,-0.022207,0.054984,0.094048,0.010802,-0.1074,0.0041392,0.19647,0.010433,-0.10242,0.083342,0.12788,-0.25801,0.067014,-0.044844,-0.07647,0.12753,-0.039607,-0.12287,0.06566,0.023486,0.084006,0.035709,0.019632,0.064383,-0.10045,0.045846,-0.05019,-0.088047,0.10388,-0.07992,0.074713,0.068115,-0.19434,-0.19549,0.36353,0.044913,-0.070581,-0.022634,0.17808,0.0069498,-0.064208,0.031017,-0.082077,0.033088,-0.107,0.075488,-0.018943,0.093091,0.13169,-0.12929,-0.066367,0.043065,0.21338,-0.062837,0.16461,0.10346,-0.030903,-0.11358,-0.0091841,-0.061555,0.039946,-0.1308,0.11005,0.092755,-0.022376,-0.024394,0.13708,0.051654,-0.10406,-0.25787,-0.35169,-0.14616,-0.13196,0.076602,0.039009,0.10627,-0.016651,-0.22262,0.19864,-0.074953,0.063512,0.13438,0.10199,0.14981,-0.081227,-0.048468,0.026365,0.10508,-0.13133,0.1463,0.16041,0.11648,-0.0032539
-0.048511,0.1358,-0.043305,0.10858,-0.10375,0.17618,-0.06741,-0.031728,0.085531,-0.019798,0.017799,-0.07467,-0.11235,0.069817,-0.024611,0.017824,0.20643,-0.030005,0.0061252,0.057198,-0.13172,-0.048642,0.030021,-0.27795,0.013377,0.17406,0.076053,0.078499,0.042387,-0.11575,0.12757,0.019521,-0.098313,0.15187,-0.14243,-0.031824,0.031744,-0.11811,-0.09378,-0.17352,-0.30803,0.11619,-0.011535,-0.092172,0.028355,0.1047,-0.11507,-0.010159,0.013415,-0.13531,-0.025987,-0.28366,0.023576,0.085069,0.099282,-0.16623,0.20662,-0.26764,-0.029381,-0.0016475,-0.0016618,-0.039346,0.2455,0.035107,0.036969,0.10104,0.18,0.063303,0.11128,-0.061605,0.087211,0.12439,-0.081694,-0.14825,-0.22459,0.17181,-0.24015,-0.015774,0.034086,0.027207,0.14405,-0.048102,-0.050856,0.09566,-0.1652,-0.090557,-0.15686,0.038012,0.0074102,-0.10414,-0.011011,-0.043395,-0.23033,-0.24668,0.049842,-0.15026,0.0025714,-0.048156,-0.028991,0.22843
0.051164,-0.12657,0.14361,0.054439,0.063432,-0.027243,-0.16744,0.32938,0.12879,0.11596,-0.085616,0.19076,-0.29664,-0.098009,-0.12083,0.069845,-0.011505,0.029855,0.048096,-0.38423,0.030588,-0.049361,-0.077669,-0.037665,0.083089,-0.087645,0.26179,0.2428,0.015336,-0.23137,0.0016026,0.21813,-0.037536,0.2598,0.098533,-0.15273,0.03249,0.14155,-0.10532,-0.24774,-0.030986,0.083393,0.051124,0.15461,0.1956,-0.058729,0.020738,0.1107,-0.14266,-0.11625,0.12805,0.012797,-0.0057919,0.074699,-0.035585,-0.16073,0.10433,-0.021386,0.091397,0.22453,-0.10054,-0.10656,-0.14126,0.058311,0.20201,-0.16421,0.133,-0.026597,0.092953,0.04302,-0.096528,0.019484,0.22587,-0.18205,-0.011388,-0.1441,0.28566,0.16396,-0.10916,-0.26871,0.068038,-0.12036,0.056588,-0.35203,-0.1465,0.0646,-0.17065,0.2522,0.22537,0.2981,-0.2067,-0.014686,-0.015693,-0.30138,0.14502,0.015566,0.28778,-0.099212,-0.013515,-0.015194
-0.082412,0.14402,-0.016234,0.13189,0.036816,-0.15421,-0.067289,0.10534,0.1539,0.13766,0.046617,-0.11514,-0.26205,0.29502,0.080793,-0.091769,-0.17044,-0.0035146,-0.14783,-0.046479,-0.023663,-0.054595,0.010865,-0.13557,-0.24586,-0.0054373,-0.16174,0.1187,-0.02091,-0.14966,0.051676,-0.14967,-0.06582,-0.063155,0.017173,-0.099159,-0.060058,-0.050693,0.033425,-0.073882,-0.13773,0.14733,-0.06019,-0.11578,-0.018918,0.19969,-0.0046571,-0.10948,0.025908,0.055992,-0.043042,-0.22403,0.06538,-0.044512,0.1043,-0.11703,-0.13995,-0.094559,-0.046028,0.092051,0.022042,0.12845,0.13643,0.097283,0.0070698,-0.036775,0.063351,-0.17282,0.070681,-0.022851,-0.0016055,0.097986,0.095561,0.10814,-0.20696,0.057721,-0.13433,-0.15162,-0.0095658,-0.013268,0.041584,-0.090994,0.05208,-0.0015421,0.072678,0.13422,-0.23863,0.012403,0.072017,-0.075717,0.18447,-0.11302,-0.024114,-0.12646,0.084389,0.12417,0.029091,0.18165,0.052805,0.12952
0.057079,0.10069,0.074406,-0.088779,-0.096838,0.3264,0.067244,0.19437,0.0099149,0.060235,0.10603,0.055273,0.02372,0.05586,0.16875,0.12862,-0.00041985,-0.059063,-0.032248,0.095109,-0.15723,-0.19242,-0.19778,-0.026491,-0.1688,-0.073363,-0.12013,-0.090128,0.076414,-0.16138,0.01929,0.089449,0.099177,-0.17541,-0.13044,0.076846,0.01023,-0.10055,0.043091,-0.074632,-0.24815,0.059587,-0.092219,-0.014958,-0.10763,0.22147,-0.086401,-0.011854,0.17622,-0.14607,0.040702,-0.20503,0.031433,0.037229,0.023693,-0.15554,0.035525,0.039884,-0.075786,0.087507,0.0029734,-0.14482,0.09829,-0.040517,-0.015562,-0.063459,0.12919,-0.020532,0.18151,0.042145,0.09129,0.2272,-0.031793,-0.021481,-0.18897,0.10135,-0.15728,0.10151,0.079368,0.063833,0.036151,-0.1805,-0.031071,0.18717,-0.073025,-0.053795,-0.12817,0.045729,0.0096054,0.092811,-0.20062,0.044963,-0.041823,-0.11563,-0.03224,-0.0071273,-0.091345,-0.022058,-0.09449,-0.036593
0.024967,0.040082,0.11234,0.01241,-0.166,0.23975,-0.026645,0.2645,0.097968,0.027815,0.021895,0.22348,-0.13381,0.10323,0.11177,0.012903,-0.050776,-0.042791,0.034389,0.064243,-0.32107,-0.21783,-0.037559,0.02157,-0.082173,-0.025714,-0.099286,-0.06024,0.036925,-0.052206,0.10452,-0.13087,-0.08491,-0.053088,-0.0057653,-0.028316,-0.067592,-0.14292,-0.018326,-0.18097,-0.31724,0.032383,-0.049509,-0.044258,-0.11276,0.045585,-0.016473,-0.028252,0.067459,-0.04348,0.078618,-0.20855,0.10489,0.13355,-0.2006,-0.094947,0.17425,0.013713,-0.0091439,-0.027064,-0.090826,-0.085514,0.11197,0.089997,-0.073384,0.097752,0.23438,0.032689,-0.047761,-0.017865,0.10017,0.12189,0.11687,-0.081698,-0.086667,0.10254,-0.14766,-0.068773,-0.064951,0.11062,-0.039809,-0.090101,-0.030441,0.019985,-0.058317,-0.0087825,-0.16366,0.047255,-0.087338,-0.23061,-0.15617,-0.11041,0.18885,-0.25695,0.13931,-0.075545,-0.16756,-0.1067,0.10089,-0.023159
-0.041896,0.12296,-0.019627,-0.062264,-0.079778,0.18731,-0.060245,0.01094,0.099528,0.0012809,-0.09649,0.12944,-0.25107,-0.033552,-0.080493,-0.02155,0.0080089,-0.10647,0.16101,-0.012551,-0.085158,-0.082271,0.0025845,-0.12013,-0.084239,-0.0083734,0.050989,-0.17046,0.094378,-0.19252,0.15226,0.13892,-0.10022,0.18608,0.077743,-0.072485,0.26829,0.15408,-0.14833,0.072456,-0.34365,0.042456,-0.17272,-0.063741,0.042681,0.042677,0.25147,0.053606,-0.2563,-0.082982,-0.09844,-0.11904,-0.033681,-0.088019,-0.2852,-0.12296,0.013342,0.1187,-0.12136,0.14866,-0.10451,0.12527,0.015763,0.11939,-0.12773,-0.020691,0.16816,0.024947,0.10414,0.0017961,-0.11674,-0.075188,0.06107,-0.17642,-0.09472,-0.30177,0.18302,-0.03416,0.19685,-0.25564,0.25155,-0.25319,-0.062336,-0.095813,-0.10265,0.076503,-0.15969,0.21366,0.11213,0.07121,-0.021777,0.018543,-0.10813,-0.24311,0.14178,0.11336,0.016329,-0.25214,-0.12081,-0.17601
-0.018128,-0.063763,-0.11837,0.018557,0.1581,1.0533e-05,0.059707,0.020317,0.064173,-0.20705,-0.14808,0.058312,-0.16316,-0.15949,-0.047559,-0.11436,-0.025594,0.131,-0.10286,-0.094221,-0.07271,-0.018824,-0.057457,-0.030754,0.097754,-0.14898,0.056861,0.061051,0.043812,-0.13414,0.059322,0.14798,-0.078988,0.12455,-0.24431,0.035913,0.080264,-0.070273,-0.14059,0.035104,-0.071792,0.081116,0.17227,-0.21051,-0.036631,0.205,0.17079,0.18645,-0.20375,-0.026239,0.014212,-0.17942,0.13585,0.12432,0.15448,-0.039875,0.12342,-0.045332,-0.08505,0.1005,-0.14436,0.11108,0.0385,-0.010948,0.085139,-0.069185,0.11293,0.024708,0.063416,-0.06401,0.035941,0.06909,0.055241,-0.1794,-0.069719,-0.097993,0.18692,0.15186,-0.11341,-0.02543,0.14571,-0.15926,-0.13358,-0.14735,-0.036599,0.096822,-0.12253,0.17782,0.10175,0.14748,-0.085183,-0.082905,-0.14029,0.0028904,0.0048806,-0.16156,0.20352,-0.0064824,-0.03883,-0.12962
-0.077709,0.063314,-0.057706,0.072582,-0.016964,0.3053,0.084528,0.27428,0.025054,0.044497,0.21388,0.22918,-0.0093778,-0.13324,0.00055363,0.046288,0.06141,0.03303,-0.06206,0.0051971,-0.044291,-0.084055,-0.018595,0.033319,-0.033693,0.16341,0.16989,-0.38445,-0.046764,-0.0096071,-0.05089,0.036015,0.16904,-0.1559,-0.094235,-0.020177,0.08073,0.050041,-0.15279,-0.065616,-0.16908,0.27658,0.043803,-0.031876,0.015901,0.24766,-0.18564,-0.059735,0.21175,-0.24231,0.013862,-0.16123,0.19154,0.012833,0.13797,-0.041417,0.12396,-0.20617,-0.020892,-0.0081017,-0.2478,-0.038335,0.17387,0.1353,-0.010543,0.11243,0.049217,-0.16105,-0.0079528,0.2623,-0.022213,0.14944,0.09756,-0.073299,-0.022601,-0.022888,-0.17457,0.026064,-0.034162,0.19632,0.0097038,-0.1567,-0.10103,0.01235,0.013734,0.022952,-0.19277,0.064159,0.089417,0.042295,-0.12021,-0.16861,-0.049358,-0.16526,-0.12827,0.015027,-0.15949,0.0071742,0.096191,0.082244
-0.069493,0.00016867,-0.17139,0.040369,-0.053323,0.32592,0.13929,0.080713,0.15915,-0.040948,-0.16669,0.20197,-0.16113,0.079989,0.077538,-0.062588,-0.11954,0.029032,0.17857,0.058074,0.12432,0.081322,-0.073608,0.020067,0.17844,-0.0064795,0.0023883,-0.067168,-0.061961,-0.11525,0.069215,0.12413,-0.17837,0.10684,0.025041,0.042367,0.10889,-0.050048,0.014893,-0.13049,-0.035553,-0.066519,-0.18253,0.064474,-0.04521,0.20115,0.13201,-0.0021039,0.0066761,-0.18528,0.06652,-0.060441,0.16389,0.18463,-0.22217,-0.084357,0.12208,-0.14762,-0.063663,-0.082074,-0.10305,-0.0049683,0.01821,0.21099,-0.013193,0.060386,-0.081267,0.25726,-0.06809,0.064319,0.043936,0.11622,0.036718,-0.23141,-0.094573,0.13521,-0.22701,-0.061883,0.058391,-0.066973,0.10015,-0.10207,0.031719,0.055843,0.043242,0.05684,-0.058861,0.16031,0.14554,0.018191,-0.13109,0.014206,-0.12322,-0.14949,0.016904,-0.062254,0.077067,0.035569,0.038586,0.014556
-0.025469,0.19532,0.037702,0.055119,-0.077768,0.16673,0.057595,0.23638,0.081738,0.10524,-0.030966,0.040131,-0.044909,0.15051,0.11635,-0.15333,-0.057112,-0.029025,-0.093271,0.0529,-0.03335,-0.0065786,-0.061495,-0.13419,-0.0037698,-0.15445,-0.14305,-0.09962,-0.012677,-0.13596,0.10559,0.050376,-0.039804,-0.092024,0.0020923,-0.11475,0.076232,0.064225,0.16464,-0.0946,-0.1152,0.055357,-0.10288,-0.046861,0.087628,0.21152,-0.19743,0.084148,0.10328,-0.060192,-0.012895,-0.21807,0.12609,0.096051,-0.05547,-0.16657,0.029788,0.0011241,-0.095069,-0.010861,-0.028264,-0.18105,0.0619,0.14471,-0.029139,-0.072214,0.03838,-0.078907,0.069952,-0.014423,0.15454,0.1626,-0.18392,-0.15534,-0.14558,0.15114,-0.2138,-0.030518,-0.075697,0.1773,0.14536,-0.10809,-0.21217,0.012326,-0.018615,-0.072799,-0.14927,0.030735,0.08107,0.057664,-0.0017493,-0.027039,-0.047797,-0.051694,0.0055197,0.093869,-0.090212,0.042576,0.015982,0.20046
0.13404,-0.049586,0.066776,-0.086004,0.15485,0.087961,-0.13651,0.20377,0.1394,-0.025941,-0.18842,0.11324,-0.27381,-0.061049,-0.18715,0.095998,-0.061163,0.020682,-0.073004,-0.30276,0.099911,-0.0225,-0.074318,0.11255,0.12199,-0.035269,0.29295,0.046181,0.056366,-0.28986,0.067979,0.25384,-0.14723,0.24407,0.16386,-0.15571,0.035101,0.16387,-0.13758,-0.1955,-0.058067,0.10192,0.080474,0.20727,0.13302,0.032934,0.099383,0.13793,-0.17632,-0.16041,0.15194,-0.10725,-0.10713,0.019918,-0.0068195,-0.084868,0.10469,0.040769,0.085119,0.20048,-0.013458,-0.1323,-0.096888,0.070174,0.071244,-0.1349,0.029976,-0.067939,0.20663,0.019515,-0.032078,-0.044492,0.16232,-0.21348,0.025731,-0.089856,0.21637,0.17642,-0.12437,-0.20267,0.18757,-0.23333,0.054304,-0.28181,-0.091984,0.023384,-0.17011,0.299,0.25042,0.25576,-0.1109,-0.12614,-0.053013,-0.2265,0.26298,0.016145,0.12161,-0.078665,-0.11552,-0.030958
0.025545,0.077318,0.12692,0.0097628,0.27434,-0.018415,-0.17422,0.26134,0.27986,0.084979,-0.12448,0.00059904,-0.17727,0.16032,0.14407,-0.013413,0.055,0.26508,-0.099011,0.093902,-0.0056059,-0.035265,-0.050378,-0.068064,-0.18236,0.066507,0.081892,0.060436,0.00071149,-0.017119,0.11211,-0.063644,-0.043408,0.073321,-0.069531,0.079366,0.095335,0.19915,0.00029215,-0.13964,-0.14813,0.10968,-0.052893,-0.0081724,0.076231,0.26982,-0.021606,0.11073,-0.056943,0.086956,0.030994,-0.32202,-0.059039,0.0066461,-0.040255,-0.0078022,-0.11528,-0.074933,-0.0096283,0.068418,0.017159,0.020391,0.049341,0.21866,-0.18853,0.095586,0.1867,0.009107,-0.11821,0.063188,0.082682,0.074037,0.24406,0.049735,-0.01269,-0.23159,-0.19773,-0.22155,-0.07837,-0.18694,0.10127,0.043373,0.056925,-0.18194,-0.15946,0.23921,-0.004944,0.31107,0.20922,0.096945,0.15318,-0.13581,0.06997,-0.18519,0.20799,-0.044077,0.13851,0.1487,0.007159,0.13928
-0.016677,0.01248,0.046234,0.12029,-0.069646,0.15475,0.041431,0.20587,0.026223,0.065423,-0.010413,0.10188,0.027573,0.15544,0.085737,0.16484,0.151,0.014713,-0.00057218,0.082658,-0.29029,-0.15038,-0.082453,-0.30693,0.022836,-0.010421,-0.1672,-0.10692,-0.061207,-0.19206,0.17579,0.028978,-0.020299,0.11361,-0.23344,-0.059398,0.08697,-0.084099,-0.063938,-0.2936,-0.18018,0.024265,-0.04254,-0.02418,0.053726,0.27839,0.13726,0.027851,0.065751,-0.028757,0.2142,-0.16314,-0.02725,0.005889,0.006289,-0.106,0.042066,-0.053894,-0.034514,0.14504,0.026596,-0.011871,0.12288,0.043062,-0.015763,0.14308,0.19566,-0.22405,-0.088746,-0.053593,-0.047015,0.13151,0.0032636,-0.12264,-0.040573,0.19699,-0.26034,-0.1542,0.016857,-0.048109,0.019035,0.091026,-0.076331,0.04966,-0.11709,0.021813,-0.11071,0.10944,-0.025552,0.060282,-0.10319,0.1435,-0.011607,-0.063308,0.032767,-0.13586,-0.10339,-0.060986,-0.072004,0.27619
0.10337,-0.0398,-0.084095,0.0011256,0.18128,0.14089,0.096659,-0.00070716,0.024801,-0.21184,-0.08422,0.012756,-0.11244,-0.16144,-0.12677,-0.039297,-0.061738,0.045426,0.075345,-0.12269,0.061836,-0.047245,-0.018774,0.011819,0.14918,-0.09835,0.15856,-0.086064,0.12119,-0.11265,0.04434,0.23118,-0.091818,0.11138,-0.10254,0.11397,0.10933,0.093156,-0.090289,-0.0039277,-0.15854,0.042586,0.05097,0.018459,0.11647,0.076688,0.13384,0.19058,-0.055619,-0.0027563,0.04007,-0.25679,0.12088,0.11024,0.048802,0.048975,-0.07042,0.092325,-0.076462,0.31134,-0.1255,0.12651,-0.027777,-0.062243,0.093479,-0.10878,0.14616,0.12642,0.20844,-0.044027,0.0072236,-0.081939,0.056876,-0.21889,0.081112,-0.15293,0.29432,0.14638,-0.069007,-0.04205,0.28753,-0.14331,-0.014362,-0.037384,-0.17633,0.028291,-0.12307,0.081064,0.14674,0.30849,-0.092516,0.055043,-0.10778,0.0027023,0.07862,-0.068258,0.046918,-0.047289,-0.12373,-0.030075
-0.086232,-0.078945,-0.069508,0.042847,-0.025012,0.0027899,0.043642,-0.037858,0.048986,0.0080477,0.029663,-0.22706,0.012142,0.12595,0.027429,0.033463,0.16899,-0.15562,-0.15734,-0.14648,-0.2339,0.092994,0.022325,0.010069,-0.09692,-0.13037,0.11087,-0.019764,0.052543,-0.13928,0.13704,-0.09244,-0.015466,-0.29783,-0.1113,-0.10343,-0.11969,0.12742,-0.087764,0.12401,-0.20799,0.20237,-0.056044,0.017113,-0.075645,0.17256,0.11189,-0.22652,0.16975,-0.16153,-0.084146,-0.14613,0.01239,0.079272,0.10982,-0.059666,0.1337,-0.19673,0.028084,0.10521,-0.035967,0.067048,0.098103,0.041899,0.010787,0.095877,0.19716,-0.095186,-0.025279,0.056266,-0.14817,-0.084382,0.13235,0.085146,-0.067457,0.11444,-0.30267,-0.050346,0.045872,-0.10241,-0.0076685,0.1464,0.057469,0.047473,0.009713,0.10883,0.013338,0.088621,0.27126,-0.013021,-0.088583,-0.20185,-0.16197,0.051747,0.1383,0.095976,-0.0021381,0.0039083,0.0054455,-0.040143
0.10085,-0.11748,0.043495,0.02968,0.16704,0.15243,0.10004,-0.010885,0.10205,-0.19687,-0.18692,-0.14806,-0.097392,-0.038916,-0.1374,-0.04971,0.035904,0.041829,-0.0059313,-0.014359,-0.11588,-0.094683,-0.0107,0.17711,0.13087,0.016631,0.15208,0.0052572,0.11859,-0.10064,0.095929,0.056583,-0.039699,-0.020125,-0.054112,0.10861,-0.089023,0.15748,-0.14399,-0.039108,-0.13026,-0.05351,-0.048858,0.18009,0.051783,0.16498,-0.046023,0.14004,0.061914,0.050043,0.032381,-0.10011,0.12007,0.18995,0.14085,0.071719,-0.021886,0.17927,0.036179,0.32378,0.12879,0.096863,-0.025625,-0.020273,0.15489,-0.15822,0.088812,-0.032716,0.1005,-0.050819,-0.28148,-0.032364,0.090523,0.0071693,-0.076094,-0.014219,-0.017778,0.021902,-0.055841,0.00094478,0.35907,-0.14645,-0.082601,0.054182,0.00047534,-0.0029285,-0.18259,0.21025,0.14069,0.25577,0.061713,-0.1017,0.035868,0.02369,0.047168,-0.0485,-0.063395,0.28928,-0.035269,-0.043481
-0.021082,-0.077706,-0.080663,-0.17197,0.026755,-0.15761,-0.0041582,-0.033026,0.043924,0.077993,0.0068229,-0.034943,-0.07061,0.19286,-0.058751,0.024915,0.16998,-0.14005,-0.097226,-0.011254,-0.093452,0.066489,-0.034044,-0.033518,0.13371,-0.006505,0.26061,0.25003,0.064274,-0.13745,0.1688,-0.20998,0.091,0.017089,-0.20025,0.026504,-0.02838,-0.0036918,0.079407,-0.11423,-0.13984,0.12166,0.15321,-0.016963,-0.015298,-0.013581,-0.079084,-0.067717,0.00069185,-0.1064,0.16644,-0.18894,-0.18898,-0.1654,0.077631,0.0016099,0.088629,0.026285,0.089797,0.10569,-0.062529,0.052926,0.073608,-0.19184,0.0057808,0.021363,0.14975,0.0015676,-0.03773,0.01934,0.050681,-0.078187,-0.11532,-0.049848,-0.20696,-0.024029,-0.22377,-0.00077359,-0.10662,-0.22395,0.15956,0.066651,-0.078425,0.12953,-0.2254,0.15433,-0.14748,0.075868,0.10709,0.18919,0.025943,-0.04588,-0.12518,-0.071825,0.063988,-0.12654,0.059111,0.17749,0.024949,-0.017589
0.074076,0.11897,-0.079006,0.27048,0.1581,0.083178,-0.10559,0.044801,0.17035,0.096699,-0.066125,0.0097691,0.029187,0.20687,0.090037,-0.08415,-0.26298,0.057002,0.080011,-0.065563,0.10055,-0.093059,-0.043987,-0.021787,-0.18598,-0.020877,-0.056337,0.15306,0.096825,-0.091145,0.021385,-0.087255,-0.15461,-0.13178,-0.048875,0.31133,-0.095474,0.011852,0.052711,-0.26572,0.094869,0.084386,-0.10379,-0.078746,0.0093764,0.086865,0.018348,-0.15557,-0.017519,-0.079739,0.047933,-0.23612,0.18068,0.18177,-0.00064173,-0.035523,-0.11648,0.12579,-0.15463,0.19037,0.032664,0.038839,-0.015701,0.057436,-0.021901,0.025875,0.048836,0.072762,0.083894,0.18658,0.076869,0.058422,0.19109,0.1237,0.1481,-0.076785,0.076162,-0.17614,-0.071124,-0.059139,-0.025401,-0.15946,0.029457,0.0367,-0.11492,0.11258,-0.075112,0.1649,0.040169,0.055782,0.07997,-0.011087,-0.074451,0.20743,0.18531,0.073671,-0.0029429,0.22414,0.06903,-0.010041
0.059215,0.075315,0.03533,0.051406,-0.036779,0.060987,-0.04037,-0.15731,-0.16315,-0.22766,-0.14751,-0.057158,-0.16411,0.049197,0.19729,0.031945,-0.088154,-0.031932,-0.13277,-0.021822,-0.03574,-0.034046,-0.079204,-0.031515,-0.011224,0.054439,-0.0016787,-0.12661,0.24054,-0.13508,0.099418,0.079701,-0.1768,0.11706,-0.055172,0.16744,0.0044336,0.036337,0.020301,-0.02877,-0.20837,0.18437,-0.013012,0.062854,-0.068119,-0.017398,0.14719,0.1428,-0.18355,-0.18447,-0.0011402,-0.029273,0.19213,0.010061,0.13377,-0.065588,-0.052482,0.10686,-0.10927,0.1491,-0.026986,0.14857,0.041009,0.056206,0.10201,-0.027426,0.11609,-0.13233,0.043803,-0.095536,-0.12288,-0.15246,0.0029199,-0.25077,0.048707,0.068438,0.087463,0.019117,-0.024314,-0.14936,0.30553,-0.15917,0.16023,-0.015615,-0.29845,0.081814,0.044878,0.027499,0.31587,0.23389,-0.08156,0.077405,0.011517,-0.18315,0.16814,0.0073822,0.074397,-0.012487,-0.22494,0.024593
-0.045306,0.17218,-0.10437,0.18941,0.043242,0.065606,-0.21042,0.11288,0.10164,0.056393,0.0038843,-0.056493,-0.22445,0.16342,0.076188,-0.050941,-0.086433,0.042662,-0.29034,-0.12102,0.081216,-0.030452,0.051109,-0.17108,-0.16635,0.16689,-0.036755,0.037595,-0.0081467,-0.10543,0.029148,-0.085419,-0.094259,-0.0587,0.025484,-0.011126,-0.032434,0.089704,0.013396,0.04025,-0.20766,0.17954,-0.16765,-0.08904,0.061951,0.32643,-0.046175,-0.029282,0.10087,0.16718,-0.012846,-0.24019,0.11064,-0.0093776,0.098325,0.11911,-0.084953,0.054411,0.012447,0.10644,-0.061745,0.17158,0.22135,0.0082379,-0.13671,-0.011496,-0.0044999,-0.15774,0.021263,0.11304,0.066532,0.069796,0.044779,-0.037692,-0.081424,-0.043363,-0.054122,-0.24703,-0.1609,-0.079654,-0.039964,-0.1747,-0.0043874,0.037547,-0.063564,0.084979,-0.16853,0.074738,-0.032429,0.054501,-0.013614,0.090701,0.016322,-0.045279,0.091073,0.052178,0.0055546,0.22928,0.037356,0.13779
-0.016038,0.17269,0.18635,0.023565,-0.092837,0.17465,0.046248,0.20929,0.16524,-0.0182,-0.23672,-0.016942,-0.063762,0.040812,0.054304,-0.083558,0.1744,-0.073876,0.023466,0.13845,-0.16739,0.0983,0.047307,0.063697,-0.07649,-0.15983,0.024409,-0.23425,0.060506,-0.011675,-0.093921,-0.090219,-0.0017855,0.080402,-0.040479,-0.14639,0.041482,0.172,-0.081966,-0.016823,-0.13494,0.17489,-0.18908,-0.014197,-0.057863,0.28671,0.004356,0.077139,0.15597,0.10701,0.10267,-0.18689,0.10678,0.14746,0.072267,-0.032642,-0.071719,-0.010216,-0.1014,0.1315,-0.13043,-0.031359,0.11002,0.047973,-0.094181,-0.057766,0.15563,-0.11711,0.12481,0.059748,-0.142,-0.027914,0.051335,-0.065699,-0.095349,-0.035267,0.034908,0.0020129,-0.12059,-0.0021559,0.095474,0.07903,-0.030464,0.18682,0.0031892,-0.14863,-0.08024,0.10381,0.043749,-0.079928,0.064495,-0.19101,-0.076689,-0.0027891,0.11441,0.038024,0.017907,0.065788,-0.10257,-0.098013
-0.013464,0.11514,-0.13954,0.19478,0.040369,0.098745,0.015845,-0.091106,0.099385,0.0062681,-0.071703,0.094747,0.005573,-0.032054,-0.091499,-0.053058,-0.1244,0.04546,0.030475,-0.14327,-0.043719,-0.082029,-0.04788,-0.08095,0.084407,0.014011,0.045738,0.0251,0.14429,-0.2477,-0.030048,0.17764,-0.084509,-0.1474,0.0068852,0.12556,0.076975,-0.0084835,0.0016385,-0.13378,-0.01324,0.074596,-0.12456,-0.047466,-0.00014779,-0.058534,0.085065,-0.032468,-0.24172,-0.13522,0.18021,-0.20954,0.13929,0.14479,-0.10441,-0.12901,0.011467,0.03739,-0.090563,0.15787,-0.0020871,0.017865,0.023484,0.068331,-0.021163,-0.20277,0.16796,-0.022776,0.19191,0.054956,0.096098,-0.050704,0.065983,-0.074232,0.11575,-0.020664,0.28533,0.044919,-0.02392,0.032863,0.095161,-0.27348,0.025523,0.0267,-0.052684,0.12385,5.061e-05,0.22242,0.12664,0.16808,-0.061227,-0.070456,0.03655,0.05541,0.29499,0.12051,-0.12539,-0.018843,-0.21983,-0.19092
0.1408,-0.13879,0.22869,0.16213,0.11608,0.15834,-0.083934,0.16907,0.14134,-0.19095,-0.076933,-0.18141,0.096868,0.047952,-0.043703,0.10619,-0.040672,-0.13414,0.11851,0.068332,-0.13287,0.081478,0.081402,0.077042,0.22921,0.11571,0.11503,-0.23958,0.033462,0.070086,0.032956,-0.078708,-0.096364,0.040307,0.13777,-0.057263,0.072049,0.10426,-0.11967,-0.11615,-0.095423,-0.11452,-0.12497,0.016246,0.27153,0.12665,0.14075,-0.12728,0.05722,0.097413,0.065291,-0.094151,0.0065432,0.13081,0.045179,-0.11348,0.029736,0.081846,0.16813,0.091261,0.12441,0.020289,0.023356,0.13088,-0.090478,0.031014,-0.0205,-0.067696,-0.021291,0.060441,-0.20797,-0.042483,0.064669,-0.029116,-0.0695,0.23684,0.0094781,-0.014981,0.20238,-0.11435,-0.09011,-0.19873,0.097111,-0.048328,0.16185,-0.0056193,0.014451,-0.0090489,0.13121,0.0061873,0.22521,-0.0074967,0.093267,-0.1865,0.05058,0.081575,0.028897,0.1239,-0.034722,-0.03817
0.081761,0.11207,0.11491,0.1135,0.13775,0.16662,-0.015806,0.11335,-0.013932,-0.26515,-0.0014606,-0.12234,-0.022921,0.15056,0.088801,0.17968,0.091214,-0.01372,-0.011962,0.019197,-0.11399,-0.028521,-0.02285,-0.18681,-0.1349,0.038993,0.0078844,-0.062519,-0.051409,-0.13153,0.12246,-0.12976,-0.10719,-0.14503,-0.083255,0.12871,-0.12523,0.005441,-0.014732,-0.060162,-0.13972,0.20827,-0.079945,-0.077184,0.14296,0.39808,-0.025156,0.026918,0.037448,-0.056586,0.088752,-0.30143,0.15318,0.19364,0.15788,0.079873,-0.17158,0.054661,-0.21177,0.072877,-0.033031,-0.031059,0.13221,0.10026,-0.1152,-0.18924,0.024803,-0.023683,0.12728,0.091351,-0.16846,0.013968,0.083797,-0.056491,-0.010692,0.087109,0.033375,-0.041159,0.033667,-0.042114,0.10328,-0.012558,0.1516,0.055923,-0.17467,-0.07657,0.049344,0.080762,0.098546,0.0015107,0.13749,-0.018036,-0.044853,-0.021027,0.0016257,-0.066817,-0.018951,0.12244,0.041274,0.03569
0.10883,0.10091,0.021839,0.13357,0.1089,0.10804,-0.098368,0.13219,-0.015153,-0.047293,0.027993,0.0073597,0.052418,0.057263,-0.015664,-0.10118,0.1752,0.038382,0.075419,-0.020305,-0.36105,-0.013482,0.18069,0.27566,0.17581,0.18107,0.23342,-0.11792,0.14904,0.009592,-0.01986,-0.21335,-0.1128,0.05991,-0.005046,-0.12858,0.047235,0.095312,-0.14518,0.0066364,0.082073,0.075961,-0.24196,-0.023458,0.26542,0.1703,-0.12344,-0.012894,0.1568,-0.084867,0.18302,-0.14399,-0.11127,0.020136,-0.05631,-0.18344,0.090263,0.054134,-0.08841,0.19181,-0.034975,0.17535,0.064283,-0.037969,-0.10467,0.044355,0.067206,-0.017407,-0.0082356,0.010737,0.062805,-0.11178,0.028066,-0.13738,-0.23954,-0.027136,-0.020506,0.019079,-0.1146,-0.17777,0.11513,-0.16061,-0.067352,-0.070499,0.0063092,0.16249,-0.19662,-0.089433,0.19316,0.13168,0.039945,-0.13492,0.20939,-0.086834,-0.035931,0.097687,-0.051139,0.2647,-0.085981,-0.15648
0.020845,0.027072,0.04548,0.056191,-0.0040667,0.14099,-0.10392,0.036137,0.27059,-0.11827,0.05673,-0.09856,-0.32282,0.059753,-0.24646,0.0062472,0.095282,-0.04894,-0.19588,0.17446,0.005352,0.24919,0.24816,0.068725,-0.16395,0.11282,0.32111,-0.22218,-0.048465,-0.0056198,-0.098197,0.13257,0.058725,-0.010643,0.057366,0.095346,-0.17657,0.13162,-0.1344,-0.0083353,-0.10701,0.064302,-0.23306,0.22689,0.04821,-0.14862,0.13543,0.026093,-0.029585,0.066904,-0.06278,-0.024531,-0.040329,0.14284,-0.032519,-0.010352,0.064841,-0.070077,0.028139,0.033317,0.34517,0.051908,-0.020839,-0.13068,-0.3893,0.13807,-0.095751,-0.003739,-0.054322,0.089341,0.062795,-0.062066,0.11941,-0.093998,-0.091741,-0.017444,0.026923,-0.099599,0.23509,-0.087028,-0.26248,-0.18452,-0.021726,-0.010807,-0.08279,0.064722,-0.062008,0.21333,0.1908,-0.18267,0.22352,-0.056509,-0.075988,-0.1366,0.075366,0.075524,0.010418,0.034597,0.018161,0.012906
0.019858,0.079107,-0.062072,0.0010604,0.12135,-0.0015724,-0.022293,0.089749,-0.02704,-0.13663,-0.18524,0.096892,0.047561,0.13118,-0.084263,-0.061766,-0.017345,-0.054594,-0.021028,-0.037888,-0.079836,-0.002753,0.14311,-0.051378,-0.00079933,0.21585,0.18068,0.056574,0.19574,0.019628,0.039743,0.16684,-0.018674,0.11252,-0.00054355,-0.057296,0.056231,0.038417,0.025951,0.10291,-0.068496,-0.080099,-0.26261,-0.1335,0.19134,0.11014,-0.00054084,0.089076,0.10569,0.10639,0.059194,-0.26945,0.1237,0.035161,0.051749,0.12128,0.039928,-0.0072293,-0.0025846,-0.060918,0.048054,0.1141,0.1768,-0.056205,-0.14617,0.26515,-0.0057496,0.044224,-0.025556,0.13775,0.064173,-0.15783,-0.021275,-0.21197,0.042978,-0.059086,0.1833,0.088852,0.14867,-0.092993,0.073608,-0.11694,-0.078661,0.0015255,0.05065,-0.10293,0.15526,0.048176,-0.0097033,0.017276,0.23896,0.029169,0.039647,-0.2072,0.094023,-0.010682,0.090831,-0.04197,0.30858,0.049583
0.20514,0.17655,-0.092436,0.10643,0.021851,0.27081,-0.082667,0.23274,0.1531,-0.14159,-0.13895,0.053208,-0.21803,0.032926,-0.069956,-0.043302,0.079736,0.0028067,0.15982,-0.074409,-0.061545,-0.075296,0.074889,-0.10205,0.0078519,0.12163,0.069427,-0.079963,0.0043113,-0.13713,0.094661,0.21388,-0.10883,0.12193,-0.072038,-0.065466,0.28696,0.21655,0.046105,-0.011167,-0.14068,0.019743,-0.12126,-0.08721,0.14804,0.20054,0.21055,0.1554,-0.13223,-0.068384,0.15449,-0.39737,0.12202,0.15871,0.00077442,-0.13087,-0.11336,0.11867,-0.072223,0.081351,-0.16939,0.075357,-0.095524,0.11658,-0.070265,-0.14775,0.010937,-0.058324,0.11823,0.015825,0.078207,-0.031393,0.042012,-0.11499,-0.088254,-0.074425,0.22151,0.10225,0.033256,-0.10957,0.34694,-0.20955,0.036763,-0.17165,-0.12284,-0.064434,-0.17571,0.00042344,-0.078857,0.14837,0.076321,0.15504,-0.0057043,-0.074359,0.19709,0.054737,-0.043303,-0.090054,-0.23383,-0.043073
-0.12495,0.11047,0.064653,0.027995,-0.16631,0.16854,0.076041,0.22497,0.050721,0.12415,0.11343,-0.011073,-0.085259,0.18405,0.16781,-0.14829,-0.1029,-0.086675,-0.14651,-0.059689,-0.15449,-0.017704,-0.019449,-0.20546,-0.10029,-0.1238,-0.20438,-0.027178,-0.015582,-0.11762,0.15086,0.071934,0.017385,-0.014431,-0.004924,-0.071567,0.017632,0.015869,0.05487,-0.15363,-0.21443,0.003478,-0.015653,-0.078459,0.07497,0.15884,-0.17231,0.047637,-0.024202,-0.036038,-0.086346,-0.2101,0.11073,0.062545,-0.057317,-0.18918,0.022187,-0.031748,-0.068528,-0.043934,-0.00099606,-0.10704,0.17866,0.14537,0.063708,-0.048971,0.083726,-0.023756,0.043377,-0.065448,0.058596,0.19484,-0.22781,0.052466,-0.10633,0.17285,-0.16998,-0.039461,0.037262,0.11431,0.13665,-0.15356,-0.22175,0.077258,0.026115,0.0058473,-0.18094,-0.066886,0.086007,0.025319,0.043195,-0.06661,-0.17077,-0.034143,0.024637,0.10426,-0.036725,-0.052261,0.07106,0.19974
-0.1277,0.14537,-0.22244,0.059007,0.011926,0.0092809,-0.18382,-0.050756,0.19722,0.13656,-0.09221,-0.050048,-0.22158,0.14045,0.0095252,-0.10595,-0.21411,0.001789,-0.017467,-0.0075767,0.10069,-0.082066,0.1163,-0.12266,-0.18406,0.13097,-0.044593,0.10638,0.052938,-0.22184,-0.092485,0.084705,0.026927,0.060174,-0.12411,-0.069371,-0.034606,0.098354,-0.0032768,-0.15602,-0.050128,0.013827,-0.28898,0.022564,-0.13609,0.19624,0.073742,-0.13738,-0.1428,0.089952,-0.0060559,-0.20772,0.12702,0.009152,-0.10451,0.048048,-0.068638,0.1151,-0.096811,0.048622,-0.040368,0.24596,-0.10313,0.0029263,-0.12188,0.27238,-0.061871,-0.052319,-0.11433,0.16736,0.090476,-0.042353,-0.11732,-0.038886,-0.082218,-0.10483,-0.032626,-0.29025,-0.0091417,-0.15751,0.2345,-0.084034,-0.037305,0.04464,0.046762,0.19309,-0.15271,0.14048,0.12025,-0.13888,0.079018,0.040598,-0.040695,-0.027747,0.10864,0.33848,0.22538,0.27706,0.048734,-0.096624
0.10009,0.083541,0.16795,0.081634,-0.058901,0.13419,0.0086658,0.13757,0.0066486,-0.039661,-0.060751,-0.011718,-0.031126,0.053352,0.043871,-0.024479,0.014946,-0.060803,-0.084235,0.17072,-0.18409,0.12213,-0.012525,-0.12307,-0.036312,-0.13252,0.052387,-0.097375,0.044076,-0.036994,-0.045203,-0.088891,-0.15689,0.054907,-0.09244,-0.044866,0.14387,0.060432,-0.053601,-0.002147,-0.03065,0.10292,-0.16167,0.036321,-0.074573,0.19427,0.044498,0.10978,0.026005,-0.13278,0.097538,-0.18697,0.085176,0.093045,0.059141,-0.00030526,0.057664,-0.048433,-0.18445,0.11894,-0.087365,0.012051,0.15801,0.19999,-0.25801,-0.11822,0.15635,-0.15663,0.055628,0.13463,-0.17479,-0.065026,0.028873,-0.031327,-0.098911,0.089148,-0.0040471,-0.09656,0.054118,-0.055981,0.059462,0.11599,-0.011401,0.11715,-0.079813,-0.042068,-0.10216,-0.017688,0.018437,0.097009,0.22807,-0.00076427,-0.091113,0.15174,0.10811,-0.020713,0.010449,0.025542,-0.017221,0.034471
0.15112,-0.14021,-0.10704,0.14567,0.10239,0.15991,-0.11455,0.1358,0.067058,-0.11162,-0.21404,0.09939,-0.21543,-0.031541,-0.18967,0.016815,-0.27672,-0.038578,-0.036915,-0.25173,0.048817,-0.10454,-0.065452,0.054627,0.21526,-0.22337,0.26141,0.076914,0.039922,-0.17597,-0.009455,0.33856,0.0669,0.20563,-0.13341,-0.0084847,0.1683,0.053633,-0.1632,-0.20474,0.082068,0.20747,-0.019442,0.10992,0.0075398,0.14398,-0.011848,0.15638,-0.10839,-0.10493,0.20211,-0.10779,0.21475,0.13603,-0.13293,-0.077059,0.067472,0.069653,-0.10519,0.14654,-0.27745,0.27302,-0.20222,-0.031181,0.14367,-0.040224,0.087854,0.0027929,0.059195,-0.0087318,-0.028169,0.0084986,-0.022913,-0.35912,0.048873,0.03201,0.17671,0.30112,-0.0051547,-0.27495,0.24819,-0.035053,-0.099987,-0.072974,-0.21012,0.13788,-0.17052,0.36068,0.14849,0.1034,0.019999,0.011484,-0.09161,-0.14061,0.0056757,0.14647,0.19566,0.10476,-0.0015983,-0.2972
0.12275,-0.081916,-0.18121,0.050974,0.22694,0.080898,-0.040065,0.02267,0.046113,0.049172,-0.31017,-0.090234,-0.24155,0.14347,0.034617,0.092061,0.16656,0.068137,-0.16278,-0.18682,-0.19975,0.1714,0.041582,0.28837,0.20439,0.20132,0.33944,-0.029874,0.11651,-0.1501,0.15285,-0.16753,-0.35358,0.40706,-0.24892,-0.041756,-0.025807,0.27591,-0.13472,-0.054504,0.014892,-0.089104,-0.18524,0.18514,0.26355,0.17715,-0.056791,0.089258,0.069365,0.023935,0.22504,-0.056946,-0.162,0.081992,0.13376,0.088699,0.090084,0.012344,-0.087258,0.093223,-0.027546,0.059318,-0.089365,-0.13354,0.14775,0.02808,0.11998,-0.024166,-0.071181,0.014759,-0.17596,0.070696,0.29032,-0.041068,-0.075968,-0.27422,0.049374,0.010784,0.023348,-0.29485,0.43459,-0.17396,-0.20399,-0.14276,0.043269,0.21161,-0.16663,0.28846,0.22912,0.14315,-0.047507,-0.16402,0.1879,-0.030199,0.08919,-0.11493,-0.089233,0.3384,-0.16565,-0.11175
-0.0019372,0.023369,-0.044205,0.028814,0.031139,0.15888,-0.049175,-0.10312,0.012459,0.09895,-0.030195,0.079634,-0.086208,0.15627,-0.035747,-0.053787,-0.017933,-0.049868,0.08519,-0.0056162,-0.10645,0.064457,-0.095893,0.13008,-0.075286,-0.056127,-0.0013664,-0.027234,0.10829,-0.26027,-0.08238,0.083296,-0.1081,-0.18423,0.031711,0.16712,-0.012111,0.048217,0.034659,-0.15842,0.25485,-0.12394,-0.1038,-0.092379,0.11059,0.024114,-0.10687,-0.049135,0.15784,-0.090312,0.12475,-0.27229,0.18822,0.13857,0.011413,-0.063379,-0.083229,0.048379,-0.13366,0.036965,-0.051128,0.07867,-0.011884,-0.11945,-0.045227,-0.038752,0.21041,0.078626,0.082859,0.14957,0.30565,-0.15869,0.10447,0.00010581,0.20543,-0.060375,-0.041165,0.031286,-0.070351,-0.11268,-0.0083181,-0.18042,0.054839,0.15638,-0.152,0.062852,0.073726,0.14259,0.10915,0.14682,0.036282,-0.22899,0.01695,0.18359,0.26656,0.13708,-0.080037,0.13683,-0.018623,-0.13609
-0.026671,0.20115,-0.057733,-0.013024,0.10966,-0.15657,-0.058777,-0.027373,0.088229,0.11348,-0.086316,0.079679,-0.036769,0.22481,-0.19575,0.039862,-0.20144,0.065781,-0.15341,-0.088056,-0.068407,-0.07133,0.046099,-0.076697,-0.28878,0.036244,0.026284,0.046299,-0.017219,0.0062187,-0.01811,0.17338,-0.15358,-0.038415,-0.019201,0.056495,0.00088531,0.089244,-0.068026,-0.07524,-0.19596,0.12692,-0.031859,0.037365,0.043929,0.19432,0.21171,-0.12497,0.0039402,-0.047397,0.023226,-0.16467,0.03079,0.066644,0.041621,0.20737,-0.14029,0.096192,-0.021856,0.040181,-0.013249,0.11857,0.045158,-0.024858,0.034196,0.24705,-0.16311,-0.12614,0.0040523,0.17318,0.032725,-0.014233,-0.030462,-0.13377,-0.16428,-0.18343,-0.0085907,-0.1786,-0.10399,-0.081489,0.058443,-0.11238,0.14941,-0.24355,-0.01094,0.019618,-0.055293,0.034718,0.19996,0.032728,0.085592,0.084955,-0.042232,-0.086864,0.013912,0.15193,0.014916,0.28333,0.23952,0.13285
0.015478,0.13071,-0.14004,0.076198,0.035263,0.050722,0.010307,0.16336,0.19432,0.1277,-0.17214,0.097687,-0.25091,-0.068685,-0.059658,0.031877,-0.051466,0.055184,-0.010055,-0.32417,-0.061856,-0.050479,0.12361,-0.16013,0.044073,0.11544,0.0038217,-0.13652,-0.027211,-0.046663,-0.030812,0.20801,-0.069479,0.09556,-0.088652,-0.16346,0.16796,0.20182,0.038067,-0.10753,-0.16234,-0.073527,-0.037653,-0.20516,0.2214,0.1455,0.20485,-0.0099516,-0.35833,0.089555,0.14238,-0.19262,0.044648,0.10704,-0.091729,-0.20922,-0.01866,0.0024557,-0.13336,0.22704,-0.039125,0.090394,0.044064,0.15335,0.035662,-0.1175,0.06916,-0.018528,0.05439,0.098399,0.12608,0.054663,-0.046302,-0.22618,0.0090415,-0.070604,0.17111,-0.025627,0.10226,-0.079361,0.153,-0.16472,-0.1197,-0.34264,-0.074374,0.036823,-0.028013,0.15033,0.038979,0.10372,0.064096,-0.023956,0.083568,-0.17988,0.044206,0.23657,-0.044445,-0.037091,-0.1441,0.042164
-0.084693,0.16528,-0.098802,0.18616,0.028424,0.21358,-0.12109,0.0014476,0.060123,0.12662,0.086765,-0.109,-0.036672,0.029358,0.1307,0.11361,-0.10141,-0.067695,0.17679,-0.056987,-0.1482,0.040372,-0.12266,-0.064333,0.085886,-0.00022724,-0.064108,0.059124,0.11241,-0.065995,0.13506,0.033518,-0.21422,-0.28103,-0.10965,0.05645,-0.21365,0.052413,0.072339,-0.17009,0.23173,0.1005,-0.1827,0.01595,-0.058666,-0.047891,-0.050977,0.056065,-0.085611,-0.23003,0.049065,-0.20914,-0.0043151,0.19064,0.089744,0.012077,-0.016469,-0.055374,-0.050024,0.1275,0.088306,0.065176,-0.10709,-0.17024,-0.027507,-0.2002,0.21366,0.0075762,-0.060084,-0.054027,0.057538,-0.1019,0.14898,0.024459,-0.20158,-0.1497,-0.036255,0.0013409,0.11353,0.1657,-0.012349,-0.31552,0.15734,0.20467,-0.092186,0.13076,-0.073426,0.10805,-0.038131,0.114,0.032038,-0.19396,0.068315,0.13659,0.14985,0.084262,-0.3363,0.32225,-0.090373,-0.23828
-0.00083156,-0.062243,-0.12683,0.13464,-0.11645,0.14718,0.014452,0.29323,0.015558,0.1529,-0.00010049,-0.12173,-0.072736,0.04049,0.097046,-0.047738,-0.24584,-0.18273,-0.14743,-0.077804,0.09959,-0.065901,-0.044532,-0.16128,0.0089526,0.064078,-0.036758,-0.097445,0.091015,-0.14357,0.0099478,0.10821,-0.10112,0.041828,0.050284,0.028689,-0.0019888,0.064903,0.065714,-0.17739,-0.21704,0.14147,-0.066929,-0.046219,-0.1189,0.19039,-0.002271,-0.012434,-0.067685,0.19112,-0.13376,0.08212,-0.010782,0.14892,0.17944,-0.03498,-0.12361,0.17392,-0.031285,0.061139,-0.20508,0.24762,0.15354,0.167,-0.18237,-0.0087639,0.019278,0.054006,0.021383,0.0037158,-0.048471,0.058981,-0.19382,0.030207,0.016388,0.17242,-0.042837,-0.15013,-0.0073912,-0.015395,0.16069,-0.053373,-0.053502,-0.03908,-0.067404,0.0026572,-0.18871,0.17331,-0.033609,-0.32838,-0.061051,-0.035577,-0.10512,-0.23524,0.030561,0.079922,-0.049667,0.13927,-0.25601,-0.11966
