0.093242,0.11507,-0.11498,0.11175,0.055403,0.043295,0.047654,0.084777,0.10785,0.029659,-0.1741,0.20842,-0.11284,-0.055177,-0.061754,0.0090851,-0.16272,-0.16412,-0.006261,-0.01104,0.058331,-0.074876,0.13778,-0.093772,0.21997,0.010889,-0.03524,-0.20659,0.063398,-0.15231,0.040448,0.29938,-0.024326,0.11622,-0.042384,-0.041187,0.27006,0.15212,-0.084366,0.08692,-0.13561,0.20297,-0.012032,-0.17257,-0.10716,-0.045449,0.24857,0.16998,-0.073915,-0.063468,-0.13713,-0.19956,0.097468,-0.17414,-0.10553,0.026623,-0.037802,0.087768,0.031918,0.072019,-0.17454,0.19732,0.0062954,0.057986,-0.11639,0.078297,0.147,-0.17214,0.070509,-0.084873,0.11181,0.056193,0.013884,-0.19251,0.045142,-0.0087965,0.15172,0.068475,-0.011069,-0.075521,0.11312,-0.17518,-0.0063758,-0.051402,-0.19019,0.089299,-0.14061,0.095928,0.093873,0.19819,-0.041627,-0.078709,0.030221,-0.20002,0.028464,0.12768,-0.034809,-0.132,-0.10963,-0.17401
0.073596,0.16838,0.093466,0.078148,-0.013962,-0.094917,-0.16004,0.04591,0.23041,0.081654,0.021265,0.039974,-0.38373,0.1504,-0.021762,0.12295,-0.030355,-0.17816,-0.066911,-0.05932,-0.061027,0.056986,0.099513,0.20705,-0.022282,0.17329,0.057773,0.026838,-0.0094483,-0.041975,-0.022144,0.21021,0.028347,0.12353,-0.026009,0.21302,-0.014417,0.19238,-0.00064905,-0.050785,0.055993,0.048539,-0.10614,0.10487,0.012283,0.051324,0.11478,0.041148,0.22114,0.011214,0.0009032,-0.040605,0.079944,0.082871,-0.11424,-0.21225,-0.10824,-0.15218,0.18311,-0.063002,0.18223,0.16733,-0.22427,0.06882,-0.17987,0.053395,0.058996,-0.047167,-0.095061,-0.0047275,0.022586,0.051543,0.11893,-9.5082e-05,-0.10506,0.10984,0.019052,0.048291,0.21093,-0.086332,-0.090144,-0.08874,-0.0041233,-0.07714,-0.15584,-0.0174,0.01412,0.18811,0.066606,-0.2555,0.19982,0.11421,0.14463,-0.1772,0.23762,0.17436,0.0066629,0.016934,0.06081,0.079446
-0.14713,0.13529,0.003873,0.25755,-0.051667,0.06821,-0.15214,0.10007,0.34449,0.1695,-0.041013,-0.0052065,-0.16671,-0.014476,0.19409,0.27038,-0.013276,-0.14077,-0.20276,0.10687,-0.17997,0.1087,-0.025787,0.11865,0.024376,0.15737,0.10442,-0.11774,-0.0048081,0.08771,-0.076472,-0.030018,-0.10159,0.17562,0.072136,-0.041789,0.044878,0.15378,0.021319,-0.009116,-0.081587,0.054607,-0.0010232,-0.14559,-0.095081,0.24465,-0.0888,0.009233,0.075632,0.018311,0.002511,-0.26328,-0.028175,0.17205,0.041569,-0.043521,-0.10047,-0.087062,0.076568,0.031714,-0.11933,-0.076574,-0.031913,0.0973,0.041014,0.25686,0.062423,-0.058166,0.021381,0.16866,-0.015992,-0.017635,0.023744,-0.0644,-0.21481,0.026538,-0.24283,0.0013793,-0.098327,-0.15531,-0.054254,-0.14189,-0.024603,0.13072,0.010994,0.10252,-0.076264,0.14219,-0.073254,-0.10223,0.15609,-0.13041,0.049447,-0.05087,0.072826,-0.01402,-0.08246,-0.074904,-0.032308,0.1095
-0.11116,0.020297,0.066837,0.15527,-0.055842,0.21263,0.15302,0.14883,0.085336,-0.056682,-0.087591,0.1677,-0.12823,-0.037755,-0.16225,-0.065205,-0.18641,0.22772,0.15109,0.061899,-0.050208,0.078905,-0.03071,-0.1375,0.17103,0.058937,-0.020305,-0.14531,-0.0040817,-0.023668,-0.056112,0.078597,0.019741,0.066818,0.072604,0.078767,0.14392,-0.026741,-0.17991,-0.1611,-0.16762,0.17552,-0.17687,-0.21428,0.14822,0.077492,0.12889,-0.070121,-0.24737,0.058869,0.09941,-0.1267,0.25963,0.28901,-0.086645,-0.03774,-0.079856,0.041942,-0.056965,0.17285,-0.086724,0.092249,-0.065159,0.11633,-0.13423,-0.20113,0.043515,-0.053646,0.15247,-0.064749,0.22567,0.051577,0.045175,-0.021948,0.079782,-0.045644,0.13386,0.046462,0.15489,-0.062996,0.025162,-0.16118,0.084122,-0.20522,-0.017527,0.088884,0.061825,0.062107,0.078539,0.12049,-0.17191,0.068365,-0.030179,-0.19782,-0.1167,0.11604,0.20086,-0.08302,-0.12934,-0.22183
-0.089428,0.24533,-0.16962,0.39024,0.12977,-0.030584,0.029471,-0.10055,0.083353,0.23668,0.1408,-0.059477,-0.12723,0.31598,0.072558,-0.024414,-0.13462,-0.19634,-0.2649,-0.18533,0.23246,0.030011,-0.089356,-0.096609,-0.26798,0.028915,-0.14434,0.14236,-0.035182,-0.23856,-0.078191,-0.077223,-0.19882,-0.012863,0.012565,0.26615,-0.057078,0.11082,-0.10592,-0.1526,0.01196,-0.16138,-0.24041,0.0010168,-0.077403,0.235,-0.055351,-0.25583,0.066283,-0.019593,-0.052778,-0.1758,0.17658,-0.060581,0.019242,-0.19444,-0.15852,-0.06032,-0.19864,0.27055,0.086052,0.077315,-0.080798,0.08666,0.0076074,0.065391,0.03747,-0.31499,-0.15295,0.037972,-0.061143,0.037779,0.113,0.029374,0.018042,-0.083748,-0.071082,-0.10492,-0.11699,0.042581,0.12284,0.053858,-0.088124,0.2465,-0.028815,0.094858,-0.18415,0.089339,-0.13597,-0.044317,0.039671,-0.15766,0.067356,0.27224,-0.14151,0.17679,0.016568,0.132,0.016748,-0.116
-0.17531,-1.3275e-05,-0.086252,0.026739,0.046901,0.1919,-0.058188,-0.072346,0.21022,-0.049225,-0.079192,0.071815,-0.06603,-0.1852,-0.02973,-0.2603,-0.053418,-0.18348,0.0033703,-0.00035794,-0.18569,0.09407,0.13339,-0.1196,0.082824,-0.018581,-0.055264,-0.12571,0.19513,-0.058737,0.025576,0.18257,0.038434,0.029016,0.029801,-0.012701,0.29483,0.099039,-0.13945,-0.11453,-0.29581,0.13766,-0.043124,-0.18177,0.11319,0.045766,0.19388,0.013118,-0.13694,-0.23673,-0.06001,-0.32076,0.20585,-0.058959,-0.098322,-0.054572,-0.066694,-0.084794,0.0029547,0.18734,-0.029755,-0.2072,-0.081387,0.12374,-0.14873,-0.17992,0.14379,0.06431,0.096267,0.052935,0.16084,0.21793,0.046889,-0.1354,-0.10045,-0.212,0.19728,-0.057325,0.018247,-0.10354,0.05725,-0.22277,0.15769,-0.11009,0.026058,0.17707,-0.15976,-0.011348,0.25247,0.0024371,0.021068,0.04743,-0.13421,-0.13113,0.14276,0.25518,-0.035855,-0.20751,-0.15143,-0.15138
-0.08639,0.10218,-0.088571,-0.091282,0.0787,-0.017826,0.0050376,0.10543,0.21102,-0.16896,0.12061,-0.11994,-0.057484,0.14502,0.18004,-0.017685,-0.18221,-0.029987,-0.14147,7.786e-05,-0.016077,-0.13536,-0.021402,-0.020115,-0.24175,-0.10006,0.059191,-0.15275,0.026904,-0.058306,0.063181,-0.047766,0.12482,-0.088512,-0.13031,0.12542,-0.09769,0.026369,-0.03729,0.020973,-0.23009,0.29048,-0.033673,0.03231,0.0037599,0.18394,0.012617,0.018518,0.10777,0.067361,-0.021172,-0.11558,0.051677,0.025137,0.096144,-0.017679,-0.066632,-0.051092,-0.14577,0.079062,-0.013471,0.11085,0.094523,-0.030097,-0.11226,-0.024187,-0.014101,0.051744,0.12406,0.12089,-0.063451,0.1163,0.081747,0.070541,-0.15192,-0.079564,0.020698,-0.17595,-0.13658,-0.14044,0.078213,-0.072863,0.098095,0.095279,-0.0048834,0.16524,-0.18811,0.1028,0.17398,-0.083141,0.056205,-0.096607,0.0070803,-0.015529,-0.00050307,0.10318,0.11587,0.13239,0.11862,-0.062087
-0.13926,0.13377,-0.11109,-0.00767,-0.032058,0.068444,0.10427,0.18534,0.16555,-0.078999,-0.056804,0.11701,-0.0053927,-0.13732,0.013948,-0.07411,-0.064952,0.032631,-0.021111,0.10628,0.097043,-0.15968,0.00093585,-0.0031009,0.15992,-0.021491,0.053174,-0.16834,0.24992,-0.062936,0.049905,0.20237,-0.0044845,0.081329,-0.10452,0.080003,0.066909,0.12838,-0.072893,0.18102,-0.19486,0.11705,-0.1783,-0.20252,0.090155,-0.034039,0.22216,0.14973,-0.20532,-0.11988,-0.12927,-0.14867,0.20975,-0.07976,0.021265,-0.033066,-0.020408,0.016323,-0.13786,0.052848,-0.14575,0.088793,0.052644,0.038679,-0.05425,-0.047656,-0.012011,0.17709,0.081082,-0.084838,-0.016144,-0.054105,0.04351,-0.243,0.074594,-0.19373,0.19814,0.029116,0.02315,-0.01968,0.22583,-0.051977,-0.11671,-0.19269,-0.093788,0.036795,-0.15223,-0.0066983,0.15758,0.19202,0.015826,0.078904,0.076926,-0.25352,-0.043275,-0.0080034,0.086747,-0.16886,-0.05332,-0.072948
-0.008035,0.034008,-0.015059,0.0021883,0.030138,0.11509,0.15533,0.12085,0.13426,-0.021903,0.11849,-0.0089943,-0.077052,-0.095984,0.0087703,0.058886,0.053473,-0.039711,0.15147,-0.03218,0.043048,-0.16941,-0.037382,0.018799,-0.073307,-0.041113,-0.019057,-0.040662,0.036717,-0.13362,0.044793,0.01539,-0.11612,-0.02957,-0.20253,-0.08077,-0.014722,-0.28943,0.051029,0.048766,-0.13599,-0.04561,0.034291,0.012282,-0.12448,0.0041078,-0.0049945,0.021754,0.0075711,-0.10181,0.037771,-0.14747,0.108,0.041337,0.045734,-0.045126,-0.014722,-0.12167,-0.13273,0.12019,0.035911,-0.1058,0.15716,0.037069,0.14216,0.0066123,0.13688,0.11908,0.054586,-0.026872,0.022098,0.31418,0.043337,-0.14997,-0.1627,0.16054,-0.12102,0.087025,0.025987,0.10071,-0.18489,0.019137,-0.038009,0.04045,-0.0057594,0.01058,-0.11701,0.18181,0.0041313,0.16601,0.016048,0.074453,0.12881,-0.098828,0.048845,-0.23999,-0.048654,-0.016498,0.12024,0.14691
0.025764,0.14799,0.027171,0.12753,0.23935,0.0029473,0.021998,0.14492,0.12959,0.17256,0.090782,0.14595,-0.13024,0.024148,0.045746,-0.072284,-0.12627,0.008397,-0.1795,0.12008,-0.051314,-0.016461,0.091993,-0.10006,-0.15708,0.091092,-0.0024179,0.1334,-0.13611,-0.09878,0.072666,-0.037017,-0.28102,0.00087988,-0.11845,0.066937,0.062411,-0.030162,-0.033526,0.034865,-0.17286,0.25878,-0.21843,-0.032766,0.15719,0.33518,0.014793,-0.063837,0.039029,0.034275,-0.12197,-0.22172,0.033519,0.013606,-0.00093369,0.0031858,-0.0065667,-0.02916,0.019695,0.18992,-0.053482,0.069894,0.13377,0.044384,-0.2396,0.037754,0.033931,-0.026777,-0.059935,0.1012,-0.068362,-0.010863,0.090263,0.16919,-0.18942,0.037348,-0.082011,-0.26622,0.07707,-0.037768,0.076838,-0.10127,-0.065524,0.041069,-0.20597,0.09049,-0.19763,0.043437,0.054779,-0.057629,0.26097,-0.16716,-0.05157,-0.028878,-0.040606,0.064419,-0.00939,0.017588,-0.048173,-0.0039805
-0.029532,0.0051528,-0.045275,-0.012269,0.22154,-0.034328,-0.15159,0.17078,0.18974,-0.13085,-0.15012,0.012354,-0.089711,0.2306,0.014777,-0.026126,-0.083319,0.053075,-0.11874,-0.00084822,0.12715,-0.092008,0.13451,-0.10639,-0.035621,-0.053343,0.17367,0.049768,-0.12447,-0.12002,-0.047749,-0.031915,0.13373,0.02098,-0.11727,0.1489,-0.094602,0.093135,-0.014261,-0.079549,-0.1098,0.018023,-0.20557,0.13675,0.015964,0.19121,0.037037,0.1601,0.11509,0.027142,0.0037547,-0.20928,0.19427,0.10686,0.14407,0.051217,-0.092811,0.074339,0.13139,0.14677,-0.15852,0.18387,0.049671,-0.018109,0.067635,0.11106,0.016811,-0.12388,0.098572,-0.0046507,-0.063872,-0.13659,-0.010453,0.031905,-0.15971,-0.096653,-0.02411,-0.076612,0.038087,-0.067283,0.023996,-0.12361,0.060515,-0.1338,-0.042093,0.14452,-0.17404,0.027121,0.19273,0.066917,0.088219,-0.071586,-0.029333,-0.07941,-0.038236,0.12842,0.074781,0.31785,0.054803,0.0068154
0.003961,0.20552,0.01499,0.11223,-0.071322,-0.025657,-0.26654,0.29809,0.28131,0.20968,-0.13306,0.11966,-0.13476,0.29683,0.076106,0.088823,-0.089135,-0.06986,-0.21251,-0.17271,-0.22749,0.095744,-0.06498,0.014721,-0.021616,-0.072639,0.21862,-0.06213,-0.018605,-0.25856,0.20424,0.0090098,-0.0629,0.19812,0.14177,-0.32777,-0.053883,0.053327,-0.037065,-0.21831,-0.0008701,0.22384,-0.22831,-0.054214,0.062002,0.27161,-0.11861,-0.11936,0.047559,-0.23017,-0.03375,-0.18032,-0.023412,-0.021825,0.076064,-0.072234,-0.034522,-0.006135,0.022311,-0.067705,-0.10515,-0.061053,-0.017016,0.18176,0.2376,0.13305,-0.0057865,0.044849,0.09379,0.011155,0.060609,0.03039,0.27599,0.22429,-0.15986,0.0017119,-0.113,0.044962,-0.10024,-0.24273,0.0029879,0.0057573,0.030148,0.01483,0.024026,0.10981,-0.044186,0.23207,0.16526,-0.067609,-0.046537,-0.39167,0.026492,-0.37308,0.11117,0.17468,0.081501,-0.032531,-0.041868,-0.013208
0.032028,-0.065652,-0.18623,0.098134,0.14648,0.051665,0.013124,0.0030766,0.008393,-0.30404,-0.16733,0.086658,-0.13396,-0.20978,-0.14528,-0.097295,-0.15835,-0.015314,0.056007,-0.0057216,0.10782,-0.13245,-0.0017508,-0.044658,0.14187,-0.17847,0.13687,-0.066446,0.048846,-0.22976,-0.022305,0.25605,0.001139,0.031632,-0.11809,0.039411,0.12971,0.08779,-0.1341,-0.019514,-0.068256,0.032628,-0.010487,0.099672,0.071582,0.038593,0.0088036,0.16417,-0.10772,0.028472,0.066146,-0.24244,0.058279,0.065965,0.043505,-0.024284,-0.051243,0.028249,-0.054329,0.20294,-0.15397,0.077954,-0.095712,-0.0075916,0.1028,-0.10122,0.12661,0.024714,0.16278,0.00079591,-0.077315,-0.040101,-0.014939,-0.26664,0.05788,-0.042906,0.27572,0.18084,-0.095954,-0.054906,0.25679,-0.12343,-0.11051,-0.0033749,-0.22645,0.089172,-0.13703,0.12411,0.12377,0.23285,-0.047603,-0.024042,-0.080798,-0.074518,0.071612,0.024465,0.077853,-0.10773,-0.16906,-0.097692
0.029166,0.0081435,-0.18745,0.025302,0.14042,0.10701,0.075899,0.14256,0.005328,-0.23173,-0.12193,0.074505,-0.23236,-0.25902,-0.11756,-0.033127,-0.1254,-0.039821,0.10986,-0.050571,0.12535,-0.02865,0.091821,-0.092148,0.20276,-0.10595,0.17029,-0.074546,0.095647,-0.16063,0.042912,0.30372,0.0080555,0.096233,-0.15157,0.025445,0.11165,0.021089,-0.078753,-0.1045,-0.071685,0.057884,-0.030358,0.028316,0.03335,0.0083673,0.10529,0.19861,-0.082163,0.016075,0.10077,-0.24751,0.22443,0.18867,0.085773,0.028242,-0.057173,0.060232,-0.080171,0.20432,-0.11345,0.129,-0.1035,-0.043024,0.10345,-0.1266,0.12046,0.088852,0.12961,-0.051459,0.019876,-0.0075136,0.063347,-0.23272,0.057319,-0.0089601,0.21396,0.2094,-0.1756,-0.068665,0.1949,-0.11749,-0.12549,-0.12814,-0.17385,-0.017501,-0.13857,0.10771,0.12475,0.17483,-0.19048,0.063184,-0.11977,-0.00078074,0.017629,0.107,0.11425,-0.11507,-0.079793,-0.17027
0.069753,0.17629,-0.063079,-0.030182,-0.066755,0.0018958,-0.020061,0.11841,0.048684,0.06427,0.032272,-0.078077,-0.13444,0.2281,0.025753,0.18134,-0.19135,-0.12057,-0.2602,-0.12044,0.14145,-0.19081,-0.050851,0.10268,-0.18671,0.0063313,0.21523,0.023338,-0.052202,-0.1474,0.029815,0.041271,0.20222,-0.17516,-0.044483,0.12132,-0.005085,0.088316,0.037783,-0.14938,-0.073594,0.41736,0.11989,0.27604,-0.096284,0.097762,-0.03653,-0.16278,0.13831,-0.0083606,-0.044381,-0.021729,-0.011567,0.0057013,0.010957,0.037962,-0.097489,-0.086893,-0.032976,0.094696,-0.11306,0.19721,0.066416,-0.020906,-0.14924,-0.047554,-0.078083,-0.13028,-0.024618,0.12268,-0.11751,-0.032166,0.14116,-0.026423,0.034282,-0.043299,-0.10574,-0.24164,-0.043397,-0.26602,-0.11937,-0.049639,0.19227,0.086138,-0.07854,0.069379,-0.070624,0.24692,0.19593,-0.13454,-0.087576,-0.092172,0.062175,-0.039746,0.10104,0.094203,0.15833,0.09076,0.096257,-0.097624
0.18352,0.027916,0.01565,0.12168,-0.069813,0.13533,-0.18355,0.12089,0.055238,0.012933,0.052015,0.065332,-0.1608,0.19571,0.020587,-0.042382,-0.041837,-0.038638,-0.043472,0.01358,-0.027745,-0.086363,-0.060316,-0.069444,-0.11103,-0.068999,-0.01911,0.13693,-0.016181,-0.049549,0.13081,-0.17515,-0.23713,0.057887,0.10558,0.20979,-0.031051,0.073663,-0.059921,-0.25639,-0.26567,0.00024115,-0.22169,-0.15265,-0.063832,0.15014,-0.015115,-0.050227,0.050493,0.039462,-0.061641,-0.091655,0.11194,-0.066994,-0.063141,0.032558,-0.15311,0.18106,0.13443,0.20259,0.037108,0.11984,0.043602,0.032541,-0.2162,0.043466,-0.07219,-0.12815,-0.049802,-0.07166,-0.12025,0.087855,0.28051,0.22586,0.066145,-0.30078,-0.12169,-0.21794,-0.11379,-0.1324,-0.057679,0.10081,0.1435,-0.11646,-0.042058,0.12645,-0.15828,0.030538,0.0090865,0.068217,0.029372,-0.12186,-0.18218,0.013109,-0.10878,-0.06618,-0.0353,0.095172,0.054536,-0.00063839
-0.089611,0.13561,-0.096553,-0.10917,-0.06884,0.021331,0.051622,0.1242,0.14247,-0.056398,0.060628,-0.18847,-0.014712,0.27936,0.074313,0.013542,-0.09151,0.065965,-0.25376,-0.041936,-0.022119,-0.14233,-0.081803,0.0433,-0.2012,-0.15307,-0.10356,0.035825,0.027956,-0.1015,0.022988,-0.10801,0.12816,-0.066265,-0.043989,0.066883,-0.18782,0.040729,-0.11244,-0.060935,-0.19669,0.24187,0.00053402,0.20508,-0.06685,0.16023,-0.0008283,-0.082469,0.092691,0.064329,0.11394,-0.13064,0.028998,0.12948,0.095599,-0.047402,-0.09153,-0.029375,-0.14616,0.05515,-0.0078418,0.14733,0.066408,-0.053173,-0.0016021,-0.095928,-0.0231,-0.070741,0.012694,-0.028427,-0.028373,-0.046652,0.11501,0.084337,0.035717,-0.10377,-0.11818,-0.17678,-0.07332,-0.27574,0.035819,0.092546,0.010591,0.061515,-0.091312,0.076714,-0.15193,0.16505,0.15097,-0.025586,-0.02208,-0.015577,-0.12098,-0.027392,0.090495,0.034467,0.1734,0.18316,0.10209,0.021564
-0.2542,-0.021407,-0.24749,0.0016138,-0.029104,-0.17243,-0.041546,-0.10442,-0.29691,0.279,-0.073871,-0.16791,-0.041033,0.024101,-0.033256,-0.060035,-0.033597,-0.28548,-0.033767,-0.081637,0.2689,-0.022561,-0.05154,-0.29034,-0.12721,0.073109,0.053866,-0.045109,0.18523,-0.043248,-0.0077371,0.27487,0.016898,0.037102,-0.0069802,-0.057267,-0.20215,0.14679,-0.083848,0.073519,-0.035019,-0.13098,0.20134,-0.035297,-0.083502,0.033064,-0.019739,-0.059313,0.010043,-0.20006,0.022639,0.16731,0.013191,-0.18248,0.0085981,-0.10711,-0.058276,-0.033725,0.031206,0.16947,-0.09925,-0.10967,-0.13993,0.071574,0.21329,0.15409,-0.056731,-0.23285,0.05145,0.21068,-0.12816,0.17618,-0.14723,0.24301,-0.1394,0.087227,-0.26681,-0.084646,-0.12493,-0.033853,0.096996,-0.059391,0.14586,0.17434,0.22837,0.27809,-0.2146,0.19363,0.0026205,0.38756,-0.035769,0.0443,-0.067982,0.14818,0.19792,0.25413,0.043787,0.016941,-0.29703,-0.22362
-0.0067319,0.057176,0.04139,0.0062226,-0.031807,0.18989,-0.30598,0.25825,0.2141,0.27477,0.17099,-0.051304,-0.11602,0.0038753,0.035819,0.14644,-0.11507,-0.22997,-0.22429,0.095612,-0.18691,-0.12181,-0.022381,-0.16457,0.099072,0.038301,0.33765,0.095487,-0.19039,-0.28444,0.062468,-0.18688,0.11713,0.22156,0.079517,-0.074454,-0.21326,0.2163,-0.043447,-0.10139,0.058044,0.22936,-0.19372,-0.08066,0.16061,0.14859,-0.19315,-0.085773,0.14412,0.054913,0.038062,-0.21927,0.017477,0.15994,-0.036797,-0.12855,0.11998,-0.11628,-0.041827,-0.10993,-0.099325,-0.051539,0.021064,-0.040414,0.27811,0.1315,0.12685,-0.19205,-0.10758,0.16223,-0.050369,0.057363,0.19931,0.048864,-0.29063,-0.16498,-0.15438,0.18365,-0.11361,-0.086498,-0.19714,0.14236,0.14592,-0.04713,-0.1621,0.1136,-0.11153,0.1361,0.28653,-0.067899,-0.074853,-0.19481,0.079218,-0.1564,-0.1399,0.12384,0.3013,-0.0045191,0.089967,0.25944
-0.08412,0.12452,-0.14209,0.081264,0.2798,0.2151,-0.19068,0.20225,0.24757,0.12482,-0.060046,0.016798,-0.17537,-0.012132,-0.077661,0.14676,-0.25266,0.17024,-0.23764,-0.011897,0.081777,-0.057943,0.18588,-0.0929,-0.058593,0.11363,0.036541,0.037738,-0.028162,-0.07401,-0.15048,-0.033407,0.019517,0.14655,-0.028737,0.14336,-0.076649,0.21467,-0.069722,-0.14036,-0.024182,0.0844,-0.15737,0.012401,0.038934,0.33246,-0.069371,0.019335,0.16439,-0.12576,0.045645,-0.25068,0.034354,0.14865,-0.068258,0.042878,0.020775,0.21181,-0.0065152,-0.010857,-0.069135,-0.052591,-0.13312,-0.00028288,0.1009,0.050565,-0.15519,-0.11108,-0.11045,0.11097,0.10311,0.012434,0.18846,0.14182,-0.053222,-0.14187,-0.10744,-0.14768,-0.12683,-0.18033,0.18387,-0.060503,0.16168,-0.18479,-0.088916,0.23193,-0.17006,0.10481,0.10612,0.0017759,-0.0073482,-0.16619,0.0013378,0.02602,-0.07349,0.28167,0.0056326,0.17425,0.13461,-0.054041
0.045067,0.009295,0.075749,-0.017967,0.14438,0.025268,-0.076135,0.038549,0.17629,-0.063706,0.039342,-0.10696,-0.23971,0.11794,-0.035874,-0.054163,0.041496,-0.0090522,-0.11535,0.013594,-0.10174,0.0051688,-0.028427,-0.13947,0.022888,-0.0021573,0.17405,-0.10482,-0.06796,-0.12756,-0.064189,-0.075158,0.010131,0.033272,0.11414,-0.29931,0.15802,0.16865,-0.21187,-0.27769,0.00025685,0.20445,-0.10395,0.010258,0.08429,0.15846,-0.0067773,-0.107,0.15364,-0.13496,0.21784,-0.052625,0.084443,-0.082484,-0.080712,-0.03776,0.016294,0.010544,0.041696,-0.063283,-0.0033669,-0.031956,0.044504,-0.0285,0.019187,-0.025825,-0.15861,0.051597,-0.11244,0.13384,-0.16195,0.018382,-0.0037105,-0.089247,-0.055808,0.13669,-0.2447,-0.053301,-0.18374,-0.025807,-0.067311,-0.14027,-0.21361,0.010798,-0.059218,0.22186,0.075507,0.19085,0.15677,0.14057,-0.065297,-0.14844,-0.18195,0.0034813,0.053089,0.035967,0.14741,-0.011311,-0.1045,0.12118
-0.17707,-0.10802,-0.039522,-0.11709,-0.026601,0.22042,-0.13047,0.14202,0.22695,0.26416,0.10888,0.073735,-0.099977,-0.075838,0.092596,-0.011285,0.040052,-0.20113,0.017321,0.17413,-0.0028941,-0.049751,-0.091251,-0.013432,-0.15903,0.098988,0.075435,-0.12129,0.050521,0.042887,-0.13995,0.11253,0.22774,-0.13811,0.044551,-0.090006,-0.21981,0.025758,0.041202,-0.033555,-0.32935,0.0067317,0.19287,0.0062269,-0.18722,-0.027829,0.017831,-0.028445,0.14233,-0.076987,-0.015629,-0.24502,0.12649,-0.16597,0.011782,-0.046604,0.077645,-0.092343,0.063044,-0.040745,-0.088777,-0.46541,-0.12087,0.11557,0.13492,0.055858,0.0059933,-0.2334,0.06053,0.065093,0.14708,0.34963,0.045236,0.034591,-0.00076274,0.15684,-0.24158,0.078133,-0.0083667,-0.10763,0.0156,0.08763,0.054415,0.088582,0.086378,0.24611,-0.24376,0.14852,0.1774,-0.1555,-0.19185,-0.25624,0.29134,0.072984,-0.025233,-0.082947,0.13015,0.092822,0.076258,0.10065
-0.14411,0.065054,-0.22785,0.03237,0.071527,0.017722,-0.042074,-0.17376,-0.0263,0.094219,-0.077085,0.043066,-0.19678,-0.12409,0.024305,0.065406,0.067578,-0.12654,0.0067978,-0.055932,0.22296,-0.046355,-0.14486,-0.16349,0.0023229,0.20431,-0.020546,0.026854,0.31866,-0.11506,-0.036755,0.25989,-0.01701,-0.071137,-0.15938,-0.021143,0.061717,0.0063009,-0.13853,0.09254,-0.071868,0.089677,0.039854,-0.19466,0.031882,0.030315,0.041367,0.033918,-0.16099,-0.12349,-0.0078559,-0.12449,-0.052975,-0.18946,0.18922,-0.25155,0.16742,-0.14267,0.094127,0.1455,0.031544,-0.097047,-0.10176,0.069263,0.012514,0.027659,0.075183,-0.19441,0.30032,-0.026755,-0.051247,-0.040014,-0.090513,-0.043994,-0.095185,-0.022506,0.16858,-0.10634,0.10976,-0.053277,0.12088,-0.29351,0.075962,0.11456,0.23422,0.12443,-0.22392,0.32528,0.036985,0.2224,-0.099564,-0.095027,0.058329,0.033458,0.20936,0.17341,0.075523,-0.057998,-0.25863,-0.029358
0.027623,0.081475,-0.11838,0.088401,-0.0995,0.13225,-0.15585,0.2004,0.11681,-0.0073286,0.20147,0.066903,-0.13195,0.1328,0.088625,0.053443,-0.26885,-0.062486,-0.20841,-0.097122,-0.059937,-0.14039,-0.084406,0.091697,-0.15869,-0.13268,-0.027433,0.065238,0.045804,-0.085243,0.0023747,-0.12555,0.22592,-0.18408,-0.17656,0.16238,-0.044286,0.12315,-0.15024,-0.2211,-0.13512,0.40658,-0.14512,0.077899,-0.04253,0.24803,-0.11383,-0.059905,0.09916,-0.17222,0.21472,-0.14791,0.12198,0.0419,-0.077759,-0.068583,0.011135,-0.029703,-0.016594,0.093489,-0.26995,0.2177,0.0058554,-0.012678,-0.10335,0.093868,-0.20044,-0.057643,-0.049299,0.20614,-0.010093,0.055358,0.10473,-0.002457,-0.041387,0.076147,-0.099013,-0.076606,-0.087184,-0.3016,0.13146,0.089967,-0.044694,0.038153,-0.14512,0.21867,-0.14535,0.27822,0.26821,-0.1157,0.001328,-0.2082,-0.17401,-0.082529,-0.11156,0.19646,0.21154,0.26146,0.094448,-0.091581
-0.14917,0.15836,-0.0038627,0.083682,0.030519,-0.0045292,-0.12131,-0.0063292,0.20343,0.1549,0.021096,-0.032114,-0.047403,0.20681,0.094521,-0.066415,-0.10515,0.052016,-0.25184,-0.012091,-0.15663,-0.11609,0.14408,0.13989,-0.17462,-0.10912,-0.1131,0.055106,-0.061165,0.10642,-0.051027,0.042982,-0.0038069,0.039315,0.050963,0.03872,-0.10819,0.033238,-0.1249,-0.089766,-0.063362,0.24386,0.02841,-0.10971,0.028619,0.11904,-0.10838,-0.087611,0.087823,-0.073461,0.031387,-0.086787,-0.063565,0.075799,-0.14056,0.095661,0.0061833,-0.057092,0.10923,0.022497,-0.099431,-0.027856,0.0091108,0.12023,-0.26854,-0.10397,-0.086387,-0.069655,-0.019808,0.11458,0.083626,0.12676,0.084938,0.17398,-0.0040803,-0.11265,-0.11491,-0.23868,-0.041169,-0.22608,-0.098646,-0.060492,-0.0016944,-0.070454,-0.023295,0.28682,-0.18585,0.086219,0.3526,-0.06288,0.15448,-0.21645,-0.010598,-0.032304,-0.011381,-0.00023881,0.24641,0.13593,0.13188,-0.067464
-0.0038239,0.093998,0.047527,0.1593,0.049927,0.13905,0.047536,0.064499,0.020483,-0.16311,-0.16363,0.073867,-0.11423,0.083161,0.018109,-0.15784,-0.079757,0.12449,-0.24493,-0.0423,-0.046937,-0.14901,-0.059326,-0.082842,0.23552,0.0061331,-0.00144,-0.038783,0.20126,-0.082438,-0.078284,0.03211,-0.025076,-0.1605,0.049141,0.088855,0.13959,0.16062,-0.027838,0.039759,-0.16958,0.082661,-0.14171,0.098283,0.2085,0.1055,0.076496,0.013133,-0.27065,-0.062821,-0.04905,-0.19426,-0.022756,0.14806,-0.16669,-0.055894,-0.17247,-0.04965,-0.13118,0.17818,-0.15879,-0.09272,0.15343,-0.055134,-0.1637,-0.116,-0.064493,-0.079159,0.16748,0.020066,0.17189,0.030999,-0.04817,-0.17819,0.025015,-0.23455,0.38105,-0.091768,0.18795,0.052232,0.16539,-0.17961,0.0072037,0.00066154,-0.13578,-0.068548,0.062005,0.18824,-0.018997,0.15546,-0.0020806,-0.053986,-0.016052,-0.064236,0.11796,0.064474,-0.090759,-0.0892,-0.1508,0.087452
0.050318,0.16048,0.021826,0.15641,0.2232,0.067076,-0.086533,0.22725,0.26605,-0.028036,0.03021,0.0168,-0.22521,0.044522,-0.034112,0.029556,-0.22903,0.076629,-0.11483,0.09356,0.072008,-0.026828,0.18424,-0.25326,-0.037626,0.0023809,-0.036701,-0.10762,-0.024971,-0.04405,0.039215,-0.018435,-0.12199,0.025306,-0.054769,0.10831,0.018492,0.10773,0.083327,-0.14028,-0.010856,0.15787,-0.2115,0.023577,-0.0094848,0.30657,0.1899,0.028133,0.096947,0.051992,0.049792,-0.16713,0.063898,0.074506,-0.031485,-0.090525,0.062571,0.11218,-0.066949,0.15465,-0.086408,0.14706,-0.039813,0.10158,-0.07848,0.22998,-0.025863,-0.027614,-0.19268,0.064181,-0.042828,-0.017663,0.057209,-0.080107,-0.12517,-0.054826,-0.1264,-0.16898,0.05219,-0.20937,0.16084,-0.10892,0.032533,-0.033721,-0.10158,0.28949,-0.096297,0.06638,0.20753,-0.047444,0.1405,-0.032626,-0.071308,-0.15043,-0.011986,0.15015,-0.082325,0.2806,0.15078,-0.01555
-0.043041,0.05676,-0.060503,0.21172,-0.11445,0.16243,0.010012,-0.089843,0.12338,-0.016929,-0.12749,-0.16315,-0.041717,0.0086187,0.034962,0.035524,0.22147,0.095617,-0.018189,-0.01613,0.0016067,-0.048715,-0.011579,0.043332,0.1485,0.17638,0.032748,0.074517,0.15494,0.038545,-0.053286,0.13185,-0.037502,-0.0026256,0.088385,0.18808,0.21368,0.065125,-0.091229,0.036043,-0.17009,0.26207,0.086703,-0.043026,-0.072307,0.10939,0.25393,-0.010734,-0.25106,-0.17173,0.033062,-0.25783,-0.0024763,0.048208,-0.13522,-0.15438,0.12205,0.09313,-0.14202,0.034772,-0.067972,-0.024531,0.016329,0.035199,-0.07937,-0.083786,0.059286,-0.17426,0.14175,0.060171,0.022492,-0.18936,0.086931,-0.12638,0.093779,-0.12709,0.23133,-0.19737,0.17855,-0.024186,0.25467,-0.27364,0.10162,-0.027611,-0.025718,0.097998,-0.018168,0.2305,0.13042,0.059256,0.0575,0.071869,-0.16894,-0.23582,0.12048,0.13899,-0.022234,-0.01977,-0.1092,-0.036787
-0.037828,-0.034433,-0.20602,0.11617,0.12193,0.027192,-0.026502,-0.0019335,0.019931,-0.052505,-0.13777,0.18488,-0.17621,-0.25635,-0.043944,-0.12942,-0.15044,-0.026951,0.098826,-0.11522,0.10486,0.072792,-0.0080937,0.086303,0.19035,0.080578,0.04421,0.067628,0.078953,-0.1216,0.042449,0.24665,-0.10582,0.14984,-0.11015,0.0047353,0.032733,0.055007,-0.094931,-0.0020129,-0.055475,0.042953,0.066313,-0.15195,0.0070854,-0.069545,0.091226,0.013301,-0.3027,-0.08379,-0.033599,-0.0090716,0.14179,0.045985,-0.032265,-0.014954,0.01986,0.0415,0.0065739,0.31295,-0.15032,0.11221,0.0087416,0.12164,0.056814,0.0038073,0.14798,0.025301,0.040813,0.059756,0.090195,-0.0027302,0.1499,-0.20519,0.095597,-0.078896,0.12618,0.14737,-0.087998,0.031086,0.22746,-0.20004,-0.082087,-0.031821,-0.01672,0.0052241,-0.15098,0.076208,0.12159,0.26862,-0.089506,-0.11461,-0.0024877,0.0070198,0.059032,0.035863,0.10402,0.098489,-0.098392,-0.064971
-0.039217,0.066443,-0.046661,0.18672,-0.032153,0.093006,0.064321,-0.060426,0.082068,0.013047,-0.050868,0.11322,0.0060986,-0.021722,-0.041036,-0.10477,-0.17731,0.10117,0.027743,-0.060876,0.075197,-0.095494,-0.12083,-0.023506,0.088187,-0.12699,-0.064141,0.047243,0.18713,-0.18714,0.0087456,0.094077,-0.077293,-0.097758,-0.049779,0.13921,0.15794,0.10501,-0.031718,-0.17518,-0.017205,0.15004,-0.038306,-0.10182,0.0053062,-0.069744,0.11269,-0.093168,-0.2236,-0.20554,0.10556,-0.26626,0.069395,0.14811,-0.189,-0.10949,0.071274,0.055886,-0.092857,0.079922,-0.036559,-0.0051692,-0.063897,0.022265,0.021741,-0.15261,0.19658,-0.02862,0.14488,0.019812,0.086296,-0.032791,0.042236,-0.11307,0.18971,-0.1723,0.31688,-0.043656,0.021428,-0.027206,0.13883,-0.25663,0.065337,0.05135,-0.058682,0.096724,0.0043589,0.11889,0.059689,0.20287,-0.030677,-0.035962,-0.060315,-0.055157,0.21093,0.13302,-0.023871,-0.062523,-0.14451,-0.18744
-0.035351,0.20837,0.013035,0.076104,-0.14547,0.29703,0.1016,0.22707,-0.13207,0.20847,0.14295,0.10131,-0.10399,0.088096,0.15044,0.035466,0.029061,-0.044672,0.035393,-0.048204,-0.10203,-0.12857,-0.19945,0.047495,-0.0028928,0.155,0.0013304,-0.2014,0.050664,-0.24817,-0.021113,0.042438,0.11122,-0.16276,-0.053875,-0.045323,-0.014089,-0.00036914,-0.037406,-0.13797,-0.1281,0.071427,-0.060666,-0.0046315,-0.0062007,0.046284,-0.065722,-0.25837,0.1905,-0.15336,-0.035526,-0.081635,0.11897,-0.054032,0.10544,-0.14827,0.10912,-0.099693,-0.031669,0.011754,-0.13985,-0.054131,0.049739,0.11584,-0.087055,0.028688,0.17149,-0.091484,0.11665,0.042216,0.031581,0.13515,0.10581,-0.04887,-0.14282,0.028192,-0.079427,-0.05922,-0.031533,0.036421,0.02789,0.012986,-0.17593,0.08126,-0.063008,-0.017158,-0.078553,0.19493,0.058584,-0.011829,-0.11643,-0.095415,0.11859,-0.18051,-0.082643,0.014138,-0.14405,-0.019392,-0.010452,0.055824
-0.043916,0.1204,0.064301,0.052768,0.16241,0.18104,0.041043,0.028403,0.12836,-0.020889,-0.04853,-0.13782,-0.1875,0.040217,-0.015199,0.096308,-0.26667,0.096777,-0.12747,0.11539,0.028932,-0.06797,-0.01475,-0.25974,-0.035189,0.010061,-0.13529,-0.046701,-0.074357,-0.15178,-0.057791,-0.032857,-0.032142,0.038045,-0.093298,-0.0064539,-0.067314,0.15024,0.03448,-0.24402,-0.059405,0.039369,-0.26351,-0.040102,-0.17357,0.25878,0.23547,0.087538,-0.0060484,0.034752,0.22451,-0.2173,0.078054,0.022744,0.093695,0.081877,0.030724,-0.034599,0.10581,0.064167,-0.13019,0.074111,0.13448,0.040881,0.052262,-0.11554,-0.15268,-0.031095,-0.02618,0.072464,0.013396,-0.064478,0.23637,-0.30107,-0.011386,-0.014002,-0.31838,-0.052268,-0.048402,-0.21479,0.11127,-0.033029,0.092841,-0.092182,-0.059647,0.29608,0.15848,0.11091,0.17913,-0.13011,-0.059216,-0.074614,0.020538,-0.11449,0.054045,0.040226,-0.010773,0.23691,-0.020636,0.025301
0.13218,0.036119,0.0099334,0.16826,0.13325,0.1237,-0.0019711,-0.10263,0.096742,-0.10432,-0.1457,0.1169,-0.2414,-0.10792,-0.14057,0.0012869,0.063808,0.10629,0.0063205,0.035538,0.010287,-0.21364,0.033601,-0.22399,0.17247,0.10232,0.064938,-0.0085749,0.032757,-0.13791,-0.031837,0.10116,-0.10836,0.10269,0.029889,-0.0055548,0.19803,0.094372,0.0022995,0.079997,-0.19123,0.024386,-0.28724,-0.067244,0.010018,0.30358,-0.00069991,-0.056119,-0.31767,0.0072749,0.045075,-0.26679,-0.042668,0.008266,-0.25057,-0.044114,0.06689,-0.022781,0.045508,-0.075415,-0.062692,0.052258,0.031723,0.022749,-0.038126,-0.17869,0.064505,-0.20478,0.088108,0.11701,0.068115,-0.099538,-0.034195,-0.10688,-0.084597,-0.21917,0.20014,-0.096131,0.089133,0.019183,0.21949,-0.17009,-0.055966,-0.039953,-0.069028,0.14719,0.0063845,0.19314,0.11443,0.13052,0.10333,-0.11906,0.026958,-0.1688,0.053189,0.068012,-0.026855,-0.051019,-0.24096,-0.055097
0.10755,-0.080252,0.14499,-0.22275,0.26057,-0.17856,-0.19517,0.07126,0.24597,-0.099123,-0.077493,-0.026043,-0.088431,0.15221,0.11869,-0.0077306,0.083373,0.073582,-0.025506,-0.059858,-0.20364,0.02354,0.11862,-0.14344,-0.1182,-0.22274,0.029046,-0.12229,-0.051457,-0.042244,0.047422,0.061788,-0.025296,0.044102,-0.011952,0.082692,0.10022,0.10563,-0.084687,0.030542,-0.041795,0.028076,-0.090439,-0.028412,0.16297,0.30853,-0.034671,0.21491,0.20302,0.06783,-0.11278,-0.080744,0.14387,0.24464,-0.17838,-0.19021,0.0010056,-0.075194,0.21079,-0.0088041,0.36659,-0.05217,-0.03617,0.10833,-0.041026,-0.00081982,0.019121,0.014425,-0.16969,-0.015359,0.12562,0.090616,0.27379,0.097491,0.021647,0.032107,0.075963,7.7154e-06,0.16577,0.14035,0.041605,-0.19937,0.011793,-0.28527,-0.167,0.052894,0.059569,0.15297,0.17286,-0.19013,0.1054,-0.019488,0.010027,0.017557,0.22052,0.11852,-0.05429,-0.018089,-0.015004,0.18957
-0.11079,0.071077,-0.0062829,0.18265,-0.014746,0.10794,0.07209,-0.096342,0.079617,-0.098628,-0.010484,0.10111,0.031136,-0.032909,-0.09272,-0.034537,-0.18312,0.054569,0.03383,-0.052697,-0.058999,-0.047738,-0.095932,0.016381,0.073432,-0.11458,0.0052524,0.11653,0.18792,-0.22789,-0.045742,0.033398,-0.038975,-0.22192,-0.00095991,0.070419,0.18375,0.063397,-0.0010525,-0.12493,-0.07154,0.15643,0.036158,-0.073502,0.06585,-0.053066,0.060238,-0.074075,-0.17766,-0.30155,0.050074,-0.12747,0.087269,0.14627,-0.11271,-0.082417,0.04352,-0.14382,-0.082059,0.14685,0.031816,-0.042104,-0.041352,-0.0064205,0.0015351,-0.14655,0.21201,0.031632,0.20434,0.038529,0.16257,0.065104,0.11092,-0.02618,0.18624,-0.086706,0.32039,-0.11718,-0.013148,0.027996,0.093289,-0.31794,0.071584,0.10097,-0.049971,0.072022,-0.028043,0.21363,0.1236,0.18928,-0.0088901,-0.11425,0.070061,-0.084764,0.21697,0.11076,0.019909,-0.038157,-0.16659,-0.11844
0.05333,0.089594,0.078169,0.10835,0.082199,0.10809,-0.10162,0.17061,0.1204,0.027371,-0.13976,-0.071548,0.017878,0.25249,0.16153,0.064091,-0.027445,0.049997,-0.10787,0.094387,-0.2144,-0.1388,0.13756,-0.19038,-0.1914,-0.14761,-0.10813,0.056065,0.088177,0.031832,-0.075022,0.085631,-0.012045,-0.075248,-0.064018,0.11744,-0.18918,0.09149,0.039195,-0.21096,-0.021262,0.20247,-0.2136,0.16174,-0.051948,0.11187,0.056512,0.011126,0.10249,0.13906,0.08518,-0.13084,-0.0048736,0.21003,0.10565,-0.087322,-0.082418,0.2852,-0.092433,0.026504,0.12972,0.026376,-0.084643,-0.070666,-0.19186,0.12944,-0.049724,0.0081985,0.22549,-0.039244,0.07358,-0.09954,-0.066219,0.057763,0.062946,-0.1255,-0.12279,-0.26583,-0.11436,-0.12596,0.072452,-0.046061,0.014961,0.04356,-0.28447,0.020827,-0.073049,0.063868,0.11712,0.10997,-0.0033143,-0.0070879,-0.11532,-0.059698,0.10838,0.15783,0.1504,0.052123,0.16186,0.12227
-0.06651,0.06405,-0.17588,-0.085653,-0.11961,0.29281,0.079166,0.20254,-0.069352,0.10563,0.15921,0.037759,-0.10476,-0.037162,0.20875,-0.034532,0.084857,-0.093726,-0.10361,-0.017577,-0.17102,-0.11454,-0.099262,0.050468,-0.095024,-0.018981,-0.12775,-0.18948,0.13196,-0.15412,0.063596,-0.031975,-0.036417,-0.094406,-0.15153,-0.010206,0.064443,-0.054285,-0.13351,0.0021976,-0.28764,-0.0074226,-0.041316,0.053865,-0.050261,0.059134,0.062528,0.033332,0.11776,-0.18137,0.011886,0.05807,0.055218,-0.037098,0.040939,-0.014729,0.065387,-0.028792,-0.11997,0.0571,-0.15371,-0.058883,0.20086,-0.00058042,-0.13574,-0.12556,0.057262,-0.16291,-0.04536,9.991e-05,-0.072253,0.21419,0.034401,-0.14178,-0.19072,0.06243,-0.06697,0.039999,-0.012278,-0.012738,0.01017,-0.096438,-0.066628,0.10085,0.047335,0.0074252,-0.074736,0.097421,0.058459,-0.031853,-0.12623,-0.12212,0.016056,-0.10034,-0.064175,-0.06883,0.076843,-0.00083546,0.045844,-0.050906
0.080086,0.14151,-0.092674,0.13818,0.22445,0.021712,-0.064041,-0.012964,0.22775,-0.044252,0.050165,-0.040937,0.090476,0.18501,0.088222,0.0058055,-0.22113,-0.0051758,0.021284,-0.035738,0.072202,-0.12249,-0.012638,-0.061086,-0.1799,0.0033727,-0.094667,0.076037,0.13133,-0.15947,0.013762,-0.043833,-0.16258,-0.20585,-0.070747,0.17916,-0.05127,0.090247,0.022311,-0.29321,0.036998,0.090056,-0.12504,0.098507,0.045748,0.061321,0.051923,-0.053958,0.091699,-0.12045,0.06527,-0.21508,0.126,0.13699,0.0072531,-0.12479,-0.068047,0.03141,-0.051583,0.15187,0.03576,0.030671,-0.0083231,-0.019842,-0.044766,0.0748,0.047057,0.013003,0.0014211,0.11731,0.0085924,-0.07424,0.15517,0.065483,0.053748,-0.053907,0.17061,-0.20471,-0.096762,-0.079601,-0.027877,-0.20769,0.069561,0.10942,-0.045516,0.10977,-0.068584,0.17647,0.10669,0.071914,0.16273,-0.043586,-0.040081,0.087543,0.21771,0.021844,-0.011896,0.21539,0.052852,-0.022455
0.078723,0.16856,0.10282,0.2102,-0.10184,0.19994,-0.12826,0.032203,0.10669,-0.002449,0.023659,0.011716,-0.025637,0.086102,0.044007,0.077407,0.0031209,-0.012706,-0.070486,0.14875,-0.010965,-0.14388,0.030823,-0.10558,-0.031181,0.15297,-0.08654,-0.08871,0.067406,-0.07967,-0.13806,0.1968,-0.12543,-0.049735,0.069721,-0.077945,0.032388,-0.095046,0.0062901,-0.074444,-0.20371,0.069018,-0.03384,-0.063472,-0.05744,-0.014278,-0.23217,0.065028,-0.0019166,-0.17349,0.061348,-0.054576,0.10474,0.071243,-0.082781,-0.081516,0.13288,-0.090783,-0.011362,-0.029655,0.022276,-0.17847,0.043381,0.058349,-0.29017,0.11257,-0.11766,-0.010944,0.22236,0.041417,0.11132,0.099503,-0.070408,-0.10302,-0.14443,0.063684,0.04356,-0.015582,-0.021012,0.092585,-0.092562,-0.11284,-0.083844,0.034448,0.092539,-0.18709,-0.056761,0.089332,0.040784,0.013513,0.072256,0.00075992,-0.083603,-0.1119,0.033853,-0.25205,-0.15627,0.0062698,0.0093073,0.16902
0.1028,0.15066,-0.11063,0.1726,0.21852,0.036941,-0.071,-0.0097654,0.22956,-0.014802,0.021373,0.019752,0.047812,0.15466,0.10574,0.00068401,-0.20689,0.002982,-0.0061981,-0.029506,0.072857,-0.1197,-0.0045177,-0.0394,-0.17384,-0.02841,-0.07763,0.12183,0.11894,-0.16261,-0.0089567,-0.078196,-0.14265,-0.2159,-0.078751,0.18675,-0.020071,0.088688,-0.0092236,-0.2886,0.044349,0.068918,-0.11622,0.099183,0.029279,0.069957,0.034395,-0.049663,0.087359,-0.097251,0.058033,-0.22184,0.13147,0.14516,0.019422,-0.12202,-0.041609,0.055275,-0.044877,0.16804,0.036717,0.040803,0.025458,-0.022192,-0.081327,0.060885,0.072502,0.05061,0.015083,0.09389,0.041504,-0.085257,0.16953,0.041845,0.06075,-0.047144,0.1824,-0.21724,-0.056754,-0.043835,-0.0060213,-0.24819,0.074166,0.10262,-0.072703,0.11675,-0.037147,0.16834,0.10253,0.055951,0.14434,-0.059111,-0.011255,0.099101,0.21006,0.038373,-0.025933,0.18485,0.039842,-0.018673
-0.0025408,0.046426,0.014397,0.10651,-0.014675,0.28502,-0.011003,0.24371,0.16731,0.014706,0.14728,-0.023426,-0.14906,-0.13239,-0.145,0.051322,0.11555,0.058133,-0.012088,0.19536,-0.11685,0.013812,-0.085707,-0.041808,-0.062598,0.0087299,0.097115,-0.031991,0.027817,0.041186,-0.095733,-0.00081517,0.0368,0.082123,0.079836,-0.1599,0.15112,0.092488,-0.11491,-0.33318,-0.15782,0.089189,-0.18835,-0.027612,-0.16365,-0.0042225,-0.070549,-0.1609,0.063269,-0.12759,-0.0099111,-0.17158,0.071006,0.19512,-0.17286,0.061681,0.023047,0.08375,-0.19059,-0.087865,-0.070802,0.014034,0.07767,0.067411,-0.01548,0.029312,0.020651,-0.077335,0.007934,0.13193,0.091059,0.096864,0.037642,-0.15071,0.082742,0.047612,-0.37492,-0.13603,-0.034539,0.054241,0.075975,-0.071512,-0.16049,0.10934,-0.049322,0.12217,-0.059145,0.3199,0.12989,0.026958,-0.0058567,-0.22343,-0.066905,-0.097464,-0.073693,-0.11447,-0.10173,0.0026129,-0.0039826,0.14355
-0.11073,-0.071038,0.07447,0.085401,0.011647,0.32045,-0.047297,0.15753,0.098114,0.090767,0.073427,0.061291,-0.17224,-0.11008,-0.033095,0.056502,0.045609,0.09406,-0.03809,0.16107,-0.19661,-0.16586,-0.050729,-0.009349,0.17628,0.14396,0.062071,-0.2138,-0.061441,-0.00014033,-0.013079,-0.080855,0.088479,0.071979,0.19883,-0.12441,0.063232,0.03211,-0.10865,-0.074216,-0.11792,0.12874,-0.14623,0.054644,0.0013438,0.1342,-0.062364,-0.15792,0.14563,-0.14558,0.037292,-0.050081,0.10973,0.088334,-0.16552,0.030159,0.090734,-0.027921,-0.00033659,-0.1257,-0.085385,-0.22789,0.14682,0.0027879,-0.070081,-0.036225,-0.061244,-0.056477,0.081465,0.14626,0.12877,0.17123,-0.051578,-0.15527,-0.18793,0.013829,-0.31536,-0.12994,0.013357,0.074354,0.0044941,0.10021,-0.26413,-0.13026,-0.15578,0.19075,-0.0060586,0.23617,0.12842,0.069414,-0.04,-0.13735,0.045982,-0.16456,-0.068444,-0.10864,0.059152,0.07349,0.060111,0.085125
-0.12384,0.095837,-0.11553,0.1208,0.00069812,0.11025,0.06693,0.089823,0.19844,0.15892,-0.15924,0.1759,-0.10224,-0.20425,-0.10893,-0.017233,-0.0080941,0.12582,0.12953,0.089783,0.051148,-0.019615,-0.0035309,-0.091713,0.1571,0.047256,-0.064929,-0.046353,0.05119,-0.087904,-0.19878,0.18581,-0.0034648,0.096049,-0.11912,0.024296,0.11763,0.17132,-0.027654,0.0091249,-0.15894,0.056851,-0.065104,-0.30699,0.07505,0.055178,0.17143,-0.026182,-0.2845,-0.064549,-0.13909,-0.093643,0.069751,0.08138,-0.084191,-0.014136,0.088438,-0.028466,-0.021122,-0.049548,-0.046336,0.12889,-0.077441,0.14168,0.09612,-0.018616,0.12672,-0.048135,0.026772,0.018582,0.070724,0.017712,0.1011,-0.14434,0.071608,-0.2221,0.16431,-0.029445,0.046442,0.021295,0.095738,-0.20296,-0.0097395,-0.19267,0.028344,0.17389,-0.089116,0.016192,0.16231,0.18676,-0.0088991,-0.070451,-0.059902,-0.028052,-0.04834,0.10327,0.14634,-0.086332,-0.044871,-0.034331
-0.086874,0.19224,-0.014418,0.15866,-0.10015,0.24837,0.022162,0.11776,0.051316,0.081002,0.021864,0.084277,0.040086,0.18177,0.021892,0.0041839,0.16383,-0.040902,0.060711,-3.9991e-05,-0.17503,-0.021506,-0.0080081,-0.098221,0.013517,0.13612,-0.048609,-0.11343,-0.057691,-0.13282,0.042591,0.043177,0.083073,-0.054548,-0.13655,-0.07542,0.10861,-0.14972,0.020537,-0.13454,-0.33126,0.095671,-0.021453,-0.15957,-0.070264,0.18586,-0.045654,-0.15141,0.065125,-0.10298,-0.01834,-0.26673,0.0979,0.0090178,0.067104,-0.17158,0.093643,-0.27047,-0.07235,-0.13107,0.12166,-0.054799,0.065818,0.13546,-0.12035,0.1005,0.16437,0.016894,-0.08628,-0.024594,0.029302,0.12034,-0.050099,0.0029907,-0.11982,0.069255,-0.11301,-0.11379,0.038096,-0.10409,-0.017393,0.049401,-0.019266,0.017818,-0.17507,-0.039948,-0.044829,0.034748,0.11237,-0.039774,0.047486,-0.051502,0.05389,-0.25339,-0.037459,-0.081051,-0.1045,-0.1229,0.030288,0.13782
0.019255,0.097921,-0.012799,0.17148,-0.0048605,0.1478,0.1264,-0.04225,0.11211,-0.033249,-0.059261,0.10475,0.0015237,-0.046585,-0.0056583,-0.081106,-0.16827,0.071426,0.043618,-0.02082,0.033699,-0.078056,-0.082455,-0.07052,0.12352,-0.1049,-0.015708,0.039398,0.22527,-0.20945,0.0016366,0.099164,-0.06546,-0.15369,-0.13703,0.089298,0.12208,0.095886,0.017895,-0.17598,0.028248,0.17492,-0.011134,-0.14043,-0.040112,-0.0075391,0.11622,-0.13,-0.19368,-0.23174,0.030824,-0.20361,0.063445,0.13973,-0.10223,-0.11241,0.074599,0.058049,-0.10074,0.030206,0.013591,0.055393,-0.072804,-0.033945,-0.014477,-0.17499,0.1297,0.0074727,0.16308,0.049962,0.045409,-0.031869,0.082315,-0.12229,0.16331,-0.12118,0.27284,-0.0042389,-0.0052842,-0.047422,0.1,-0.30639,0.043847,0.054365,-0.034381,0.11452,0.0053713,0.17384,0.1028,0.14132,-0.0091814,-0.11464,-0.054784,0.01588,0.19121,0.14397,-0.05836,-0.10774,-0.11614,-0.16259
0.0065856,0.064014,-0.077504,0.09659,-0.041436,0.18418,0.0024081,0.085728,0.022402,0.21074,0.11648,-0.073389,-0.011183,0.13016,0.058672,-0.015309,0.16461,-0.13589,-0.05104,0.022782,-0.097005,-0.18409,0.018604,-0.19478,0.010996,0.15757,0.02077,-0.096618,-0.074843,-0.17069,-0.013973,0.085357,0.021572,0.022696,0.1114,-0.12893,0.11952,0.0098747,-0.023246,-0.12692,-0.16101,0.25342,-0.032806,0.20578,-0.15065,0.071636,0.044944,-0.11158,-0.0078034,-0.20052,-0.02684,-0.13385,0.18724,0.16458,-0.20488,0.07219,-0.023248,-0.013051,-0.15818,-0.15163,-0.097828,-0.13159,0.21832,0.05084,-0.12853,-0.00055029,0.02483,-0.20528,0.093619,0.095293,0.051623,0.19761,-0.029552,-0.095614,0.031899,0.1283,-0.18978,-0.20056,-0.043194,0.0198,-0.03975,0.09779,-0.14257,0.12511,-0.041809,0.077933,-0.22403,0.20119,-0.14301,0.1213,-0.051435,0.037921,-0.0052392,0.061841,0.037696,-0.060636,-0.21222,-0.023026,-0.14397,-0.075188
-0.096788,0.10861,-0.028683,0.3399,-0.078122,-0.0046487,-0.12862,-0.14593,0.20001,-0.072826,0.053808,0.034296,-0.071671,-0.13187,-0.10479,-0.1922,0.053551,0.080788,-0.035067,-0.16904,0.047656,0.088033,0.19317,-0.092611,0.16055,0.16564,0.024038,-0.11364,-0.00092855,0.11474,-0.07217,0.15987,-0.05748,0.14214,-0.15398,-0.077846,0.16282,0.015253,-0.024941,-0.20341,-0.106,0.24308,-0.046107,-0.033627,-0.015177,0.23218,0.14795,-0.039135,-0.31682,-0.18509,-0.011482,-0.2822,0.098686,0.018109,-0.12012,-0.1266,-0.12702,-0.042887,-0.048995,0.13841,-0.12244,0.14495,0.22186,0.21949,-0.027796,-0.12505,0.21462,-0.13015,0.025712,0.063582,-0.051164,-0.083146,0.0010655,-0.22735,0.047871,-0.12463,0.069659,0.03489,0.06261,-0.058541,0.11824,-0.3045,0.0030756,-0.1311,-0.0018771,0.22663,0.013909,0.085351,0.18926,0.06009,-0.062632,-0.16884,-0.10147,-0.18925,0.09899,0.12511,-0.12309,0.0018401,-0.12565,0.034964
-0.11904,0.16481,-0.04549,0.29528,0.004559,0.14868,0.036417,-0.059973,0.039905,0.026924,-0.015624,0.14256,0.03586,-0.020819,-0.054045,-0.14058,-0.10719,0.085742,0.059723,-0.071788,-0.020494,-0.044913,-0.24391,0.06256,0.13888,-0.015867,0.015135,0.037963,0.34541,-0.094479,0.01937,0.1186,-0.12778,-0.10779,-0.13229,0.13392,0.012474,-0.007686,0.015722,-0.17437,-0.064807,0.17142,-0.041822,-0.14485,0.081551,-0.028531,0.12739,-0.13934,-0.30676,-0.26514,-0.01865,-0.21654,0.19545,0.26102,-0.11639,-0.045804,-0.018151,0.052373,-0.15624,0.012852,0.050358,0.029342,-0.00041314,-0.0077152,-0.0066057,-0.21136,0.12077,0.13039,0.18117,-0.0050213,0.024922,-0.055544,0.23324,-0.1082,0.058742,-0.1474,0.29484,-0.034092,0.030361,0.11499,0.17581,-0.29578,0.013407,0.054232,0.030382,0.044173,-0.15232,0.10638,0.13653,0.13184,-0.083814,-0.035943,-0.02251,0.043143,0.1388,0.2183,-0.11085,0.083147,-0.18019,-0.13665
0.11689,0.159,-0.096475,0.15002,0.27568,0.10027,-0.10295,0.22771,0.24174,-0.10775,-0.10667,-0.041909,-0.27336,0.11405,-0.071072,0.11038,-0.21303,0.021787,-0.15192,0.1565,0.08968,0.055244,0.037185,-0.2019,0.044909,0.075351,0.16107,0.027256,-0.04501,-0.028218,0.10038,-0.0036801,-0.10432,0.21343,-0.17995,0.1246,-0.046259,0.24979,0.098756,-0.17436,-0.027689,0.18525,-0.30655,0.13982,0.031472,0.22631,0.078651,0.082138,0.1583,0.056863,-0.087173,-0.28968,-0.027684,-0.030669,-0.045073,0.070984,-0.012318,0.25752,-0.082742,0.075216,-0.12707,0.16791,-0.012668,-0.0038169,0.015875,0.056301,0.13105,0.024051,-0.20424,-0.0047985,-0.11229,-0.0090483,0.11425,0.10356,-0.088787,-0.21079,-0.11516,-0.064733,0.021548,-0.23019,0.17131,-0.083696,0.30488,-0.086243,-0.11004,0.26121,0.10152,0.28307,0.31387,-0.079818,0.11916,-0.11982,0.074278,-0.16152,-0.037213,0.066085,0.081769,0.1562,0.11527,0.027783
-0.12986,0.098921,-0.19804,-0.0065743,0.17015,-0.14974,-0.14766,-0.058848,0.022845,0.14012,-0.075441,-0.089197,-0.15025,0.093238,0.23242,0.017517,-0.07853,-0.25546,-0.072712,-0.065639,0.32452,-0.074206,0.043977,-0.17821,-0.24832,0.18357,-0.078247,0.079928,0.22469,-0.047891,-0.036257,0.094782,-0.014099,-0.019668,-0.11588,0.072872,-0.1132,0.10983,-0.14071,-0.054793,0.011265,0.0029499,0.012316,-0.03268,0.0019365,0.086074,-0.02906,0.042307,0.090015,-0.094262,0.036068,-0.039654,0.005776,-0.15739,0.25478,-0.13298,0.049505,-0.053435,0.073802,0.24322,-0.040794,0.0050074,-0.075522,-0.013489,0.077791,0.30636,-0.075716,-0.18592,0.089272,0.09067,-0.075782,0.061707,-0.0092458,0.077345,-0.10668,-0.10259,-0.019697,-0.28771,-0.099784,-0.12386,0.022911,-0.24629,0.15353,0.18974,0.17424,0.20198,-0.18736,0.2529,0.10141,0.18384,-0.01381,-0.0041276,0.035768,0.099043,0.14029,0.24664,0.11644,0.20022,0.061342,0.099109
-0.056625,0.10924,-0.17507,0.25592,0.10521,0.19987,0.027076,-0.035214,0.043664,0.032315,-0.17515,0.07974,0.0028745,-0.045527,-0.054341,-0.10596,-0.26289,0.038338,0.046701,-0.13117,-0.035511,0.0022938,-0.05947,-0.11496,0.065674,-0.082238,-0.02688,-0.018504,0.18656,-0.27853,-0.064533,0.099785,-0.14136,-0.14419,0.0020734,0.039628,0.0026041,0.055459,-0.032516,-0.18638,-0.050312,0.091705,-0.061495,-0.1958,0.036884,-0.07205,0.052129,-0.10037,-0.18019,-0.11705,0.11934,-0.13315,0.20471,0.14693,-0.11716,-0.1128,-0.027946,0.085847,-0.12281,0.15539,-0.056282,-0.031119,-0.058994,0.07178,-0.026447,-0.1732,0.1863,-0.044886,0.17015,0.047119,0.046809,-0.069032,0.070182,-0.11196,0.088077,-0.066315,0.27282,0.12381,0.10414,-0.010332,0.097888,-0.24999,0.0051066,0.033381,-0.091932,0.17205,-0.080722,0.20154,0.082085,0.15402,0.0098597,-0.073416,0.025639,0.054541,0.23895,0.11321,-0.10489,-0.076966,-0.20699,-0.14864
0.072953,-0.05805,0.061112,0.063232,0.060129,0.058451,0.042253,0.0067188,0.062574,-0.083895,-0.14102,0.0766,-0.27945,-0.051093,-0.11882,0.095802,-0.10949,-0.13305,0.077395,-0.15454,0.14799,-0.17055,0.027972,-0.026246,0.2768,-0.13063,0.16463,0.046206,0.091046,-0.23302,0.05201,0.33886,0.018351,0.1127,0.040812,-0.054662,0.14601,0.052656,-0.032875,-0.052782,0.01106,0.061028,0.13496,0.12536,-0.033981,-0.08957,0.18681,0.045181,0.036777,-0.040752,0.058681,-0.13084,0.012212,-0.027722,0.010349,-0.028529,0.072857,0.098002,0.11423,0.22817,-0.083396,0.18695,-0.075651,-0.060691,0.030259,-0.057561,0.16824,-0.052706,0.20534,-0.095732,-0.058577,0.017939,0.036178,-0.26331,-0.0021034,-0.064733,0.21832,0.22447,-0.14377,-0.098515,0.055241,-0.098788,-0.12322,-0.12162,-0.17782,-0.014886,-0.15726,0.22564,0.21508,0.20392,-0.10196,-0.0080427,0.058266,-0.10819,0.096568,0.057615,0.07884,-0.088349,-0.074767,-0.10538
0.0043993,-0.013392,0.031457,0.084398,-0.016495,0.23717,0.076087,0.045651,0.037742,-0.021211,-0.12474,0.021379,-0.16399,-0.0077542,-0.12747,-0.075045,-0.017868,0.13985,-0.17452,-0.043023,-0.061348,-0.076163,-0.083708,0.029294,0.10844,-0.031028,0.15734,-0.017117,0.11497,-0.13176,-0.031202,0.18295,-0.18337,0.13505,0.16398,0.046268,0.2332,0.097558,-0.041531,-0.010306,-0.29913,0.24782,-0.12546,0.0028682,0.048012,0.186,0.099849,0.13713,-0.36197,0.079799,0.067619,-0.34231,-0.11503,0.19435,-0.28396,-0.13452,0.10239,0.049357,-0.11646,-0.042234,-0.058756,0.078098,0.086819,0.13152,-0.0099584,-0.098073,0.073847,-0.075422,0.045057,0.10827,0.14185,0.015678,-0.0013589,-0.10576,0.055748,-0.29148,0.17659,-0.13922,0.13757,-0.021398,0.19554,-0.364,-0.047466,-0.20578,-0.076113,0.23321,-0.050279,0.16072,0.25845,0.021116,-0.0060576,0.018797,-0.056099,-0.19385,-0.0011906,0.024594,0.0090173,0.030568,-0.11835,-0.070737
-0.11297,0.12814,0.040257,0.16661,0.031013,0.033528,0.10565,0.027718,-0.010074,-0.12657,-0.080401,0.16175,-0.043528,-0.0028363,-0.11428,-0.032153,-0.035253,0.11125,-0.041522,-0.14099,-0.066602,0.13743,-0.026556,-0.028345,0.12684,0.022532,-0.025736,-0.12149,0.13392,-0.051822,0.020255,0.10284,-0.034269,-0.015527,-0.11958,0.081603,0.15915,0.22446,-0.002635,-0.20215,-0.32385,0.089336,0.0055943,-0.13001,0.058476,0.10489,0.21502,0.071886,-0.18708,-0.15403,0.030505,-0.29837,0.080426,0.19021,0.05592,0.012221,-0.10948,-0.034073,-0.11069,0.18611,0.014407,0.052939,0.035208,0.16181,0.054833,-0.3665,0.0096595,0.066872,0.24341,0.041414,0.17954,-0.021247,0.062824,-0.19998,-0.041976,0.12084,0.092077,0.092995,-0.025282,-0.086964,0.088848,-0.36426,0.04405,-0.19902,-0.021246,0.045129,0.027571,0.11257,0.1943,0.020875,-0.08449,-0.043599,-0.037635,-0.081374,0.13188,0.18698,-0.021339,-0.087328,-0.099582,-0.015976
0.085011,-0.0063445,-0.071521,0.12719,-0.028389,-0.14471,-0.14971,0.059193,0.22003,-0.10643,0.080994,-0.023513,-0.17691,0.19401,0.011643,-0.066545,0.17898,-0.13698,-0.063945,-0.085735,-0.042735,0.3006,0.28833,0.089271,-0.2095,0.15646,-0.068599,-0.073358,0.039016,0.071239,-0.093331,0.07307,0.039528,-0.0018338,-0.10912,0.060977,0.032445,0.11959,-0.082531,-0.014957,-0.16665,0.18506,0.083837,0.07467,-0.039816,0.24456,0.10931,0.13823,0.089191,-0.13196,-0.00082807,-0.079327,0.052987,-0.0042068,0.036094,-0.16904,-0.082906,-0.14363,0.062901,0.058171,0.2807,0.12094,-0.020003,0.18893,-0.17293,0.094828,-0.16098,-0.085491,-0.09799,0.081008,0.076127,0.024506,0.037743,-0.011734,0.065571,0.13358,0.022456,0.052047,0.2179,-0.15462,0.20289,-0.23088,-0.0075441,-0.055178,-0.11818,-0.0042648,-0.015842,-0.036407,0.15641,-0.28229,0.13204,-0.077625,-0.052818,-0.15934,0.15697,0.16636,-0.25221,0.080785,0.017624,0.058383
-0.11764,0.028227,0.23657,-0.21219,0.16604,0.0073697,-0.13793,-0.036581,0.23646,0.031705,-0.083206,-0.10665,-0.096539,0.20555,0.2278,0.04426,-0.12085,-0.064775,-0.32327,-0.024439,-0.17491,-0.14103,-0.041787,-0.077654,-0.058532,-0.17335,-0.10701,0.11311,-0.02104,-0.16432,-0.030389,-0.10494,-0.0034711,0.012678,0.043565,0.11555,-0.011827,-0.029926,-0.10955,-0.096585,-0.23877,0.35292,-0.0070803,0.17498,-0.030857,0.38142,-0.11008,0.032744,0.18105,0.084772,-0.040129,-0.24078,0.040774,0.15716,-0.027142,-0.16095,-0.041708,0.039653,0.0013511,-0.054036,0.072755,-0.066194,0.011206,0.033681,-0.16686,-0.097434,0.14121,0.08665,-0.014703,-0.044156,0.019932,0.16528,0.044881,0.078334,-0.071436,-0.16977,-0.13162,-0.14053,-0.11239,-0.16962,0.17716,-0.0093573,0.10415,-0.013481,-0.24121,0.2537,-0.024648,0.1402,0.32544,-0.096664,0.14868,-0.012467,-0.20316,-0.035092,0.12011,0.18009,0.23415,-0.01588,0.017296,-0.041287
0.014577,0.095542,-0.072946,0.20296,0.035153,0.156,0.12222,-0.11332,0.070551,-0.052824,-0.019959,0.13351,-0.020353,-0.040341,-0.11472,-0.016292,-0.10884,0.10234,0.030561,-0.055817,-0.02056,-0.068554,-0.16211,-0.11657,0.074469,-0.15477,-0.027027,-0.038354,0.17657,-0.17145,-0.01954,0.10535,-0.10891,-0.20022,-0.1189,0.11376,0.10532,0.1016,0.03834,-0.18932,-0.0090093,0.1178,-0.051933,-0.12551,0.017934,-0.022647,0.083373,-0.12724,-0.17051,-0.26317,0.024308,-0.2093,0.075369,0.14528,-0.10681,-0.087853,-0.0059362,-0.011155,-0.069192,0.025283,-0.011312,0.046007,-0.047645,-0.034165,-0.017809,-0.12821,0.12001,-0.0064185,0.1761,0.02757,0.032993,-0.065071,0.10184,-0.11695,0.11503,-0.1487,0.31505,-0.011147,0.019179,0.018013,0.1165,-0.346,0.12553,0.12365,-0.050954,0.11064,-0.061926,0.17549,0.066183,0.19089,-0.021578,-0.12913,-0.013713,0.027912,0.19522,0.1349,-0.081319,-0.070289,-0.17148,-0.19531
-0.050476,0.049949,-0.34269,0.045015,0.085629,0.03407,-0.078218,0.081541,0.16193,0.21563,-0.036384,0.21785,-0.071792,-0.063252,-0.12252,-0.059986,-0.11787,-0.048449,-0.13942,0.0034807,-0.05977,0.11443,-0.13494,0.0012612,0.23666,0.25064,0.20086,0.033299,-0.1369,-0.21543,-0.057167,0.073611,-0.0052346,0.28363,-0.018414,0.070126,0.028213,0.1766,-0.060544,-0.066584,0.18421,-0.08561,-0.15351,-0.071891,0.18719,-0.038834,-0.035832,-0.039154,-0.10683,-0.13284,0.048863,-0.1335,-0.061424,-0.023103,-0.14141,-0.0095192,0.071962,0.029652,0.13825,-0.049619,-0.13607,0.086864,-0.12972,0.051416,0.12413,0.071659,0.057517,-0.13173,-0.2274,0.21479,-0.082806,-0.025936,0.14938,0.11672,-0.099476,0.015238,0.018405,-0.0024545,0.12345,-0.17065,0.020025,-0.075821,0.096116,0.022891,0.10325,0.19173,-0.042444,0.032146,0.039375,-0.048155,0.069752,-0.10454,-0.031553,-0.11275,0.044157,0.23007,0.1892,0.11324,-0.040789,0.18656
0.04664,0.12497,0.018772,0.15517,-0.069573,0.29522,0.047035,0.052436,0.17388,0.018291,0.076728,0.026512,-0.091329,0.19829,0.0098891,-0.029927,0.096299,-0.074218,-0.00067186,0.13252,-0.085226,-0.10801,-0.11887,-0.148,0.052223,0.019563,0.043752,-0.21948,0.010793,-0.17524,0.10777,0.066849,0.037691,0.11411,-0.15104,-0.17741,0.085194,-0.074374,0.0041103,-0.17604,-0.21809,0.13491,-0.14739,0.01452,0.050104,0.02988,-0.0055681,-0.070856,0.079884,-0.10049,0.13413,-0.31999,0.1645,0.02029,-0.0014058,0.099962,0.072383,-0.048641,-0.00023265,-0.022775,-0.13995,0.13178,0.13867,0.080241,-0.13334,0.0095062,0.11255,0.01134,-0.070062,0.059727,0.094413,0.19711,-0.08989,0.06052,-0.12448,0.088667,-0.092778,-0.13502,0.047205,0.053432,-0.04805,-0.040159,-0.15021,0.18529,-0.072997,0.053327,-0.022144,0.13859,-0.031918,0.010411,-0.034056,-0.022047,0.0724,-0.11227,-0.013775,-0.10687,-0.004248,0.065659,0.10431,0.086326
0.042712,-0.022334,-0.039391,0.04459,0.10032,0.059138,0.0254,-0.041176,0.063503,-0.11822,-0.12711,0.11236,-0.16455,-0.13484,-0.092012,-0.068377,-0.078752,0.0058803,0.029896,-0.12489,0.19795,-0.064691,0.020417,-0.082421,0.14539,-0.0085706,0.051989,0.015414,0.13103,-0.10795,0.11177,0.26071,-0.07215,0.1408,-0.10615,-0.030989,0.12435,0.071683,-0.020732,0.098588,-0.092885,0.081728,0.058791,-0.068883,0.020702,-0.078294,0.1794,0.10853,-0.099155,0.097012,0.045244,-0.24422,0.083625,-0.02688,-0.039196,0.018431,0.056221,0.031781,-0.0069001,0.27999,-0.07173,0.14353,0.032952,-0.065545,0.086757,-0.014729,0.20903,0.020805,0.07488,-0.012259,-0.025253,-0.0412,-0.0058994,-0.26824,0.02784,-0.20322,0.22054,0.15671,-0.12124,-0.068269,0.19984,-0.20565,-0.026592,-0.079019,-0.072757,0.027239,-0.11516,0.13593,0.070189,0.3385,-0.094138,0.12178,-0.046272,-0.092575,0.084882,-0.047768,-0.012199,-0.094783,-0.065488,-0.071974
0.01887,0.027763,-0.03996,0.12974,-0.0054431,0.19161,0.033455,0.26368,0.056199,0.037814,0.016729,0.16322,-0.12755,0.061083,-0.012073,-0.074207,-0.097627,-0.035556,0.12429,-0.038093,0.064515,-0.03299,0.040668,0.042073,0.16289,0.1363,0.042651,-0.13696,0.0084878,-0.15696,-0.017653,0.22304,-0.074901,0.14485,-0.038383,0.033034,0.18686,-0.024053,-0.0071801,-0.2817,-0.096665,0.025575,-0.27719,0.057573,0.099997,0.21695,-0.059255,0.12286,-0.016552,-0.1369,0.015996,-0.065281,0.15525,0.27295,0.04477,-0.072172,0.1216,-0.087841,-0.19655,-0.14294,-0.076472,-0.084822,-0.011822,0.14298,-0.027503,0.0096504,-0.0080596,0.27241,0.12331,0.129,-0.0087385,0.094126,-0.038884,-0.19955,0.0023913,-0.030142,-0.054181,-0.067036,-0.084019,-0.04939,0.22038,-0.14768,-0.078513,-0.23765,-0.061459,-0.020191,0.033555,0.213,0.1219,-0.064336,0.22057,0.047493,-0.18195,-0.31071,0.047765,0.063962,-0.034978,0.04521,-0.016295,0.00060158
-0.060464,0.021231,0.068528,0.13124,0.063723,0.21518,-0.04319,0.011454,0.14688,-0.02393,-0.071876,0.12378,-0.045467,-0.084963,0.020081,-0.11952,-0.1577,-0.079854,-0.013742,-0.10629,-0.090849,0.018778,0.038763,-0.33158,0.069659,-0.11346,-0.066833,-0.093107,0.19714,-0.10209,0.14309,0.12736,-0.03264,0.040229,-0.021068,-0.085235,0.33613,0.27258,0.0019776,0.046374,-0.2066,0.19307,-0.086484,-0.22616,0.059571,0.17191,0.11158,0.12254,-0.1316,-0.085749,-0.039528,-0.26683,0.0792,-0.042432,-0.13522,-0.097157,-0.0030876,-0.18157,-0.078996,0.11582,0.029091,-0.091119,0.062316,0.054034,-0.017104,-0.09805,0.10174,0.022929,0.090145,0.045587,0.13108,0.091148,0.098217,-0.1505,0.015504,-0.025337,0.16319,-0.10042,0.01357,-0.10223,0.12422,-0.28058,0.012995,-0.18397,-0.15946,0.21848,-0.064781,0.082063,0.081227,0.13988,-0.042798,-0.0019757,0.030248,-0.16429,0.12406,0.10834,0.035006,-0.20431,-0.21864,-0.016851
0.19408,0.012192,0.066521,-0.002452,0.047691,-0.019698,-0.25544,0.011923,0.15926,-0.20083,0.041691,-0.13442,-0.31093,0.11211,0.011865,-0.099417,0.25866,0.08184,0.043223,0.020292,0.023135,0.13433,0.052344,0.087095,-0.17485,0.032943,0.12797,0.022235,0.03004,0.15584,0.015874,0.017897,-0.14891,0.1292,0.031946,0.058356,-0.10696,0.14569,0.045016,-0.097493,-0.054939,-0.028927,-0.20759,0.11218,0.093184,0.0027609,0.050668,0.14744,0.050146,0.17461,0.066811,-0.11398,0.11115,0.25071,-0.082685,-0.099855,0.026339,0.034236,0.1403,0.040457,0.2031,0.063997,-0.0049375,0.07135,-0.26427,-0.02467,-0.063148,0.02032,-0.092942,-0.10709,0.15264,-0.080021,0.075959,0.14923,-0.018074,0.098345,0.066479,-0.05145,0.14327,0.024233,0.013423,-0.27286,-0.029053,-0.13513,-0.16842,-0.049727,-0.077018,0.1589,-0.12254,-0.09679,0.21224,0.10442,0.04153,-0.10066,0.16813,-0.13115,-0.028203,0.0093233,0.061409,0.20575
-0.071158,0.048881,-0.21759,0.22034,-0.090716,0.081911,0.032705,0.14746,0.17554,-0.039317,-0.13311,0.18001,-0.082681,-0.057566,0.0013745,-0.1264,-0.10274,0.098816,-0.045231,-0.015177,0.073854,-0.11803,0.0080825,0.019309,0.037147,0.076748,0.035243,-0.013337,0.18843,0.039483,-0.0194,0.18919,-0.15582,-0.022621,0.11181,-0.074209,0.25736,0.16495,0.092614,-0.015001,-0.29357,0.1573,-0.049541,-0.15816,0.24922,0.050741,0.082882,0.23998,-0.17397,-0.084396,-0.089163,-0.14,0.032379,0.055131,-0.13353,0.029715,-0.048081,-0.11069,-0.21962,-0.039621,-0.13479,-0.019021,0.031156,0.013443,-0.15275,-0.066312,0.088482,-0.11727,0.13979,0.037123,0.11676,0.060741,0.1149,-0.047822,-0.022599,-0.34732,0.15325,-0.15661,0.23235,-0.084709,0.18993,-0.2621,0.16612,0.10345,-0.0012647,0.10578,-0.2345,0.13485,0.039477,0.043519,-0.1019,-0.088405,-0.02398,-0.12372,0.01995,0.06832,-0.013395,-0.1178,-0.10493,0.059337
-0.12444,0.075157,-0.091922,0.095041,0.16374,0.32672,0.048876,0.20944,0.16421,-0.083294,-0.036867,0.032797,-0.1638,0.080319,-0.090845,-0.14262,-0.013371,-0.032748,-0.19425,0.10429,-0.1208,0.013297,-0.11338,-0.017255,0.14276,-0.056813,0.17619,-0.26284,-0.041341,-0.29621,0.094286,-0.079336,-0.084156,0.19901,0.065996,-0.090653,0.070436,0.19072,-0.051251,-0.10428,-0.14409,0.17049,-0.45665,0.0034979,0.062942,0.1764,-0.15193,-0.030268,0.13022,-0.15908,0.19354,-0.26571,-0.015873,0.095096,-0.0044781,-0.17134,0.21054,-0.052602,-0.20675,-0.098356,-0.17775,-0.1806,-0.028869,0.026239,0.034602,-0.051483,0.030095,-0.10505,-0.10164,0.15275,-0.040622,0.20073,0.13429,-0.059081,-0.1857,0.14634,-0.19442,-0.03842,-0.14077,-0.034363,0.047358,-0.093298,-0.19161,0.066916,-0.014342,0.21736,-0.19845,0.29971,0.11741,0.07563,-0.18494,-0.017278,-0.014384,-0.10879,-0.061191,-0.10053,0.055705,0.055078,-0.032154,0.09011
-0.022412,-0.011587,-0.11059,0.078356,0.17408,0.29199,0.091726,0.12476,0.20384,0.24223,0.11134,0.04793,0.027251,-0.029926,-0.003249,0.10373,-0.041768,-0.17634,-0.20518,0.10516,-0.21393,-0.069531,-0.12637,-0.23962,-0.083711,0.11413,0.18732,-0.15252,-0.083976,0.00010759,-0.0093505,0.10617,0.043927,-0.026565,-0.055402,-0.075764,0.073157,0.11439,-0.085736,-0.20495,-0.13425,0.019148,-0.072222,0.10854,-0.094883,0.059919,0.16805,-0.13102,0.13209,-0.12639,0.068342,-0.18727,0.11934,0.078926,-0.21212,-0.14196,-0.026736,0.06305,-0.051954,-0.196,-0.11594,-0.18477,0.034936,0.017013,0.007643,-0.020565,0.15633,-0.17114,-0.1112,0.056869,0.10577,0.34367,0.050354,0.023268,0.055524,0.14699,-0.27486,-0.069034,-0.083819,-0.16933,0.023828,0.014255,-0.17682,0.071543,-0.10401,0.23397,-0.2031,0.23369,-0.0061609,0.049309,0.035174,-0.086747,-0.080068,-0.16761,-0.022307,-0.044037,-0.13894,0.041726,-0.037154,-0.0010778
